/*******************************************************************************
 * Size: 22 px
 * Bpp: 4
 * Opts: --bpp 4 --size 22 --no-compress --stride 1 --align 1 --font IosevkaNerdFontPropo-Regular.ttf --symbols ÷×−+󰍹󰘶󰘴󰘵󱁐󰌒󰭜󰌑󰐥󰒭󰒮󰓛󰏤󰎇󰇪󰒲󰒳󰯪󱍖 --range 32-127,176,8226,1040-1103,1105 --format lvgl -o ergohaven_symbols_22.c
 ******************************************************************************/

#ifdef __has_include
    #if __has_include("lvgl.h")
        #ifndef LV_LVGL_H_INCLUDE_SIMPLE
            #define LV_LVGL_H_INCLUDE_SIMPLE
        #endif
    #endif
#endif

#ifdef LV_LVGL_H_INCLUDE_SIMPLE
    #include "lvgl.h"
#else
    #include "lvgl/lvgl.h"
#endif



#ifndef ERGOHAVEN_SYMBOLS_22
#define ERGOHAVEN_SYMBOLS_22 1
#endif

#if ERGOHAVEN_SYMBOLS_22

/*-----------------
 *    BITMAPS
 *----------------*/

/*Store the image of the glyphs*/
static LV_ATTRIBUTE_LARGE_CONST const uint8_t glyph_bitmap[] = {
    /* U+0020 " " */

    /* U+0021 "!" */
    0x5, 0xf5, 0x0, 0x5f, 0x50, 0x5, 0xf5, 0x0,
    0x5f, 0x50, 0x5, 0xf5, 0x0, 0x5f, 0x50, 0x5,
    0xf5, 0x0, 0x5f, 0x50, 0x5, 0xf5, 0x0, 0x5f,
    0x50, 0x4, 0xd4, 0x0, 0x0, 0x0, 0x0, 0x0,
    0x0, 0x2, 0x0, 0xc, 0xfc, 0x0, 0xff, 0xf0,
    0x9, 0xf9, 0x0,

    /* U+0022 "\"" */
    0x58, 0x20, 0x28, 0x5a, 0xf3, 0x3, 0xfa, 0xaf,
    0x30, 0x3f, 0x99, 0xf3, 0x3, 0xf9, 0x9f, 0x30,
    0x3f, 0x99, 0xf2, 0x2, 0xf9, 0x8f, 0x20, 0x2f,
    0x88, 0xf1, 0x2, 0xf8,

    /* U+0023 "#" */
    0x0, 0x6f, 0x30, 0x3f, 0x60, 0x0, 0x6, 0xf3,
    0x3, 0xf6, 0x0, 0x0, 0x6f, 0x30, 0x3f, 0x60,
    0x0, 0x6, 0xf3, 0x3, 0xf6, 0x0, 0x0, 0x6f,
    0x30, 0x3f, 0x60, 0x5, 0xff, 0xff, 0xff, 0xff,
    0xf5, 0x29, 0xcf, 0xa9, 0xaf, 0xc9, 0x20, 0x6,
    0xf3, 0x3, 0xf6, 0x0, 0x0, 0x6f, 0x30, 0x3f,
    0x60, 0x0, 0x6, 0xf3, 0x3, 0xf6, 0x0, 0x0,
    0x6f, 0x30, 0x3f, 0x60, 0x2, 0x9c, 0xfa, 0x9a,
    0xfc, 0x92, 0x5f, 0xff, 0xff, 0xff, 0xff, 0x50,
    0x6, 0xf3, 0x3, 0xf6, 0x0, 0x0, 0x6f, 0x30,
    0x3f, 0x60, 0x0, 0x6, 0xf3, 0x3, 0xf6, 0x0,
    0x0, 0x6f, 0x30, 0x3f, 0x60, 0x0,

    /* U+0024 "$" */
    0x0, 0x2, 0x82, 0x0, 0x0, 0x0, 0x4f, 0x40,
    0x0, 0x0, 0x4, 0xf4, 0x0, 0x0, 0x0, 0x6f,
    0x70, 0x0, 0x4, 0xef, 0xff, 0xe3, 0x1, 0xff,
    0x9f, 0x9f, 0xe0, 0x6f, 0x53, 0xf3, 0x6f, 0x69,
    0xf2, 0x3f, 0x32, 0xf9, 0x6f, 0x53, 0xf3, 0x0,
    0x1, 0xee, 0x7f, 0x30, 0x0, 0x4, 0xff, 0xf5,
    0x0, 0x0, 0x2, 0xbf, 0xfa, 0x0, 0x0, 0x3,
    0xfc, 0xfc, 0x0, 0x0, 0x3f, 0x38, 0xf6, 0x67,
    0x3, 0xf3, 0xf, 0xbb, 0xf0, 0x3f, 0x30, 0xfa,
    0x6f, 0x93, 0xf3, 0x9f, 0x70, 0xcf, 0xff, 0xff,
    0xc0, 0x0, 0x7c, 0xfc, 0x70, 0x0, 0x0, 0x4f,
    0x40, 0x0, 0x0, 0x4, 0xf4, 0x0, 0x0, 0x0,
    0x4f, 0x40, 0x0,

    /* U+0025 "%" */
    0x8, 0xef, 0xa0, 0x0, 0xaf, 0x14, 0xfa, 0x8f,
    0x80, 0xf, 0xc0, 0x7f, 0x0, 0xda, 0x4, 0xf6,
    0x7, 0xf0, 0xd, 0xa0, 0xaf, 0x10, 0x7f, 0x0,
    0xda, 0xf, 0xb0, 0x7, 0xf0, 0xd, 0xa4, 0xf5,
    0x0, 0x6f, 0x53, 0xf9, 0x6b, 0x0, 0x0, 0xdf,
    0xfe, 0x20, 0x0, 0x0, 0x0, 0x34, 0x0, 0xbf,
    0xf9, 0x0, 0x0, 0x74, 0x7f, 0x69, 0xf4, 0x0,
    0x3f, 0x6a, 0xd0, 0xf, 0x70, 0x8, 0xf1, 0xad,
    0x0, 0xf7, 0x0, 0xdc, 0xa, 0xd0, 0xf, 0x70,
    0x3f, 0x80, 0xad, 0x0, 0xf7, 0x8, 0xf3, 0xa,
    0xd0, 0x1f, 0x70, 0xde, 0x0, 0x7f, 0x8a, 0xf3,
    0x2f, 0xa0, 0x0, 0xaf, 0xe7, 0x0,

    /* U+0026 "&" */
    0x0, 0x9e, 0xea, 0x10, 0x0, 0xa, 0xfb, 0xaf,
    0xb0, 0x0, 0xf, 0xb0, 0x9, 0xf2, 0x0, 0x2f,
    0x70, 0x5, 0xf4, 0x0, 0xf, 0xa0, 0x8, 0xf2,
    0x0, 0xb, 0xf1, 0x1e, 0xc0, 0x0, 0x3, 0xf9,
    0xcf, 0x40, 0x0, 0x0, 0xaf, 0xf6, 0x0, 0x0,
    0x2, 0xef, 0xd0, 0x0, 0x0, 0xc, 0xfa, 0xf6,
    0x0, 0x31, 0x5f, 0x70, 0xde, 0x16, 0xf4, 0xaf,
    0x0, 0x4f, 0x9c, 0xe0, 0xbe, 0x0, 0xb, 0xff,
    0x80, 0xaf, 0x0, 0x2, 0xff, 0x20, 0x6f, 0x70,
    0x2, 0xff, 0x40, 0xd, 0xfb, 0x9f, 0xdf, 0xc0,
    0x1, 0xae, 0xfa, 0x18, 0xf5,

    /* U+0027 "'" */
    0x38, 0x37, 0xf7, 0x7f, 0x66, 0xf6, 0x6f, 0x66,
    0xf5, 0x5f, 0x55, 0xf5,

    /* U+0028 "(" */
    0x0, 0x0, 0x0, 0x0, 0x0, 0x0, 0x9, 0x80,
    0x0, 0x1, 0xdf, 0x90, 0x0, 0xc, 0xf7, 0x0,
    0x0, 0x7f, 0x80, 0x0, 0x1, 0xfd, 0x0, 0x0,
    0x7, 0xf5, 0x0, 0x0, 0xd, 0xe0, 0x0, 0x0,
    0x1f, 0xa0, 0x0, 0x0, 0x4f, 0x70, 0x0, 0x0,
    0x6f, 0x60, 0x0, 0x0, 0x6f, 0x40, 0x0, 0x0,
    0x7f, 0x40, 0x0, 0x0, 0x6f, 0x50, 0x0, 0x0,
    0x5f, 0x60, 0x0, 0x0, 0x2f, 0x80, 0x0, 0x0,
    0xf, 0xc0, 0x0, 0x0, 0xa, 0xf1, 0x0, 0x0,
    0x5, 0xf9, 0x0, 0x0, 0x0, 0xcf, 0x20, 0x0,
    0x0, 0x3f, 0xd1, 0x0, 0x0, 0x6, 0xfd, 0x20,
    0x0, 0x0, 0x6f, 0xc0, 0x0, 0x0, 0x3, 0x30,

    /* U+0029 ")" */
    0x0, 0x0, 0x0, 0x0, 0x8, 0x90, 0x0, 0x0,
    0x9, 0xfc, 0x0, 0x0, 0x0, 0x7f, 0xb0, 0x0,
    0x0, 0x9, 0xf7, 0x0, 0x0, 0x0, 0xdf, 0x10,
    0x0, 0x0, 0x5f, 0x70, 0x0, 0x0, 0xe, 0xd0,
    0x0, 0x0, 0xa, 0xf1, 0x0, 0x0, 0x7, 0xf3,
    0x0, 0x0, 0x6, 0xf5, 0x0, 0x0, 0x5, 0xf6,
    0x0, 0x0, 0x4, 0xf7, 0x0, 0x0, 0x5, 0xf6,
    0x0, 0x0, 0x6, 0xf5, 0x0, 0x0, 0x8, 0xf2,
    0x0, 0x0, 0xc, 0xf0, 0x0, 0x0, 0x1f, 0xa0,
    0x0, 0x0, 0x9f, 0x40, 0x0, 0x3, 0xfc, 0x0,
    0x0, 0x1d, 0xf3, 0x0, 0x2, 0xdf, 0x60, 0x0,
    0xc, 0xf6, 0x0, 0x0, 0x3, 0x20, 0x0, 0x0,

    /* U+002A "*" */
    0x0, 0x0, 0x5f, 0x50, 0x0, 0x0, 0x0, 0x4,
    0xf4, 0x0, 0x0, 0x3, 0x0, 0x4f, 0x40, 0x3,
    0x0, 0xff, 0xa7, 0xf7, 0xaf, 0xf0, 0x3, 0x8d,
    0xff, 0xfd, 0x83, 0x0, 0x0, 0xd, 0xfd, 0x0,
    0x0, 0x0, 0xa, 0xf6, 0xfa, 0x0, 0x0, 0x6,
    0xf8, 0x8, 0xf6, 0x0, 0x0, 0x6c, 0x0, 0xc,
    0x60, 0x0, 0x0, 0x0, 0x0, 0x0, 0x0,

    /* U+002B "+" */
    0x0, 0x5, 0xf5, 0x0, 0x0, 0x0, 0x5f, 0x50,
    0x0, 0x0, 0x5, 0xf5, 0x0, 0x4, 0x88, 0xaf,
    0xa8, 0x84, 0x9f, 0xff, 0xff, 0xff, 0x90, 0x0,
    0x5f, 0x50, 0x0, 0x0, 0x5, 0xf5, 0x0, 0x0,
    0x0, 0x5f, 0x50, 0x0, 0x0, 0x3, 0xc3, 0x0,
    0x0,

    /* U+002C "," */
    0x3, 0x83, 0x1, 0xff, 0xf1, 0x2f, 0xff, 0x20,
    0xaf, 0xf1, 0x0, 0x9d, 0x0, 0x1f, 0x80, 0xa,
    0xf1, 0x5, 0xf8, 0x0, 0x7, 0x0, 0x0,

    /* U+002D "-" */
    0x59, 0x99, 0x99, 0x99, 0x59, 0xff, 0xff, 0xff,
    0xf9,

    /* U+002E "." */
    0x3, 0x83, 0x1, 0xff, 0xf1, 0x2f, 0xff, 0x20,
    0xaf, 0xa0,

    /* U+002F "/" */
    0x0, 0x0, 0x0, 0x3f, 0x80, 0x0, 0x0, 0x8,
    0xf3, 0x0, 0x0, 0x0, 0xde, 0x0, 0x0, 0x0,
    0x1f, 0xa0, 0x0, 0x0, 0x6, 0xf5, 0x0, 0x0,
    0x0, 0xbf, 0x0, 0x0, 0x0, 0xf, 0xb0, 0x0,
    0x0, 0x5, 0xf7, 0x0, 0x0, 0x0, 0xaf, 0x20,
    0x0, 0x0, 0xe, 0xd0, 0x0, 0x0, 0x3, 0xf8,
    0x0, 0x0, 0x0, 0x8f, 0x30, 0x0, 0x0, 0xd,
    0xe0, 0x0, 0x0, 0x2, 0xfa, 0x0, 0x0, 0x0,
    0x7f, 0x50, 0x0, 0x0, 0xb, 0xf0, 0x0, 0x0,
    0x1, 0xfb, 0x0, 0x0, 0x0, 0x5f, 0x60, 0x0,
    0x0, 0xa, 0xf1, 0x0, 0x0, 0x0, 0xed, 0x0,
    0x0, 0x0, 0x4f, 0x80, 0x0, 0x0, 0x8, 0xf3,
    0x0, 0x0, 0x0,

    /* U+0030 "0" */
    0x0, 0x8e, 0xfe, 0x80, 0x0, 0xcf, 0xca, 0xcf,
    0xc0, 0x6f, 0x90, 0x0, 0x9f, 0x6a, 0xf1, 0x0,
    0x1, 0xfa, 0xcf, 0x0, 0x0, 0xf, 0xbc, 0xf0,
    0x0, 0x2, 0xfc, 0xcf, 0x0, 0x4, 0xef, 0xcc,
    0xf0, 0x6, 0xfc, 0xfc, 0xcf, 0x9, 0xf9, 0xf,
    0xcc, 0xfc, 0xf6, 0x0, 0xfc, 0xcf, 0xe4, 0x0,
    0xf, 0xcc, 0xf2, 0x0, 0x0, 0xfc, 0xcf, 0x0,
    0x0, 0xf, 0xba, 0xf1, 0x0, 0x1, 0xfa, 0x6f,
    0x90, 0x0, 0x9f, 0x60, 0xcf, 0xc9, 0xdf, 0xc0,
    0x0, 0x8e, 0xfe, 0x80, 0x0,

    /* U+0031 "1" */
    0x0, 0x5, 0xff, 0x0, 0x8, 0xff, 0xf0, 0xa,
    0xf9, 0xbf, 0x7, 0xf6, 0xb, 0xf0, 0x3, 0x0,
    0xbf, 0x0, 0x0, 0xb, 0xf0, 0x0, 0x0, 0xbf,
    0x0, 0x0, 0xb, 0xf0, 0x0, 0x0, 0xbf, 0x0,
    0x0, 0xb, 0xf0, 0x0, 0x0, 0xbf, 0x0, 0x0,
    0xb, 0xf0, 0x0, 0x0, 0xbf, 0x0, 0x0, 0xb,
    0xf0, 0x0, 0x0, 0xbf, 0x0, 0x0, 0xb, 0xf0,
    0x0, 0x0, 0xbf, 0x0,

    /* U+0032 "2" */
    0x0, 0x9e, 0xfe, 0x80, 0x0, 0xcf, 0xda, 0xdf,
    0xb0, 0x5f, 0xa0, 0x0, 0xaf, 0x49, 0xf3, 0x0,
    0x3, 0xf9, 0x23, 0x0, 0x0, 0x1f, 0xa0, 0x0,
    0x0, 0x2, 0xf9, 0x0, 0x0, 0x0, 0x8f, 0x50,
    0x0, 0x0, 0x3f, 0xd0, 0x0, 0x0, 0x5f, 0xe2,
    0x0, 0x0, 0x8f, 0xe2, 0x0, 0x0, 0x8f, 0xc1,
    0x0, 0x0, 0x4f, 0xd1, 0x0, 0x0, 0xd, 0xf2,
    0x0, 0x0, 0x3, 0xfa, 0x0, 0x0, 0x0, 0x6f,
    0x50, 0x0, 0x0, 0x8, 0xfa, 0x99, 0x99, 0x95,
    0x9f, 0xff, 0xff, 0xff, 0x90,

    /* U+0033 "3" */
    0x0, 0x7d, 0xfe, 0x80, 0x0, 0xaf, 0xda, 0xdf,
    0xb0, 0x2f, 0xc0, 0x0, 0xaf, 0x46, 0xf5, 0x0,
    0x3, 0xf8, 0x13, 0x0, 0x0, 0x2f, 0x80, 0x0,
    0x0, 0x5, 0xf6, 0x0, 0x0, 0x1, 0xdf, 0x10,
    0x0, 0x3a, 0xef, 0x40, 0x0, 0x5, 0xff, 0xb1,
    0x0, 0x0, 0x1, 0x5e, 0xd1, 0x0, 0x0, 0x0,
    0x4f, 0x80, 0x0, 0x0, 0x0, 0xec, 0x23, 0x0,
    0x0, 0xc, 0xeb, 0xf0, 0x0, 0x0, 0xed, 0x7f,
    0x80, 0x0, 0x8f, 0x80, 0xdf, 0xca, 0xcf, 0xd0,
    0x1, 0x9e, 0xfe, 0x91, 0x0,

    /* U+0034 "4" */
    0x0, 0x0, 0xd, 0xe0, 0x0, 0x0, 0x5, 0xf7,
    0x0, 0x0, 0x0, 0xce, 0x0, 0x0, 0x0, 0x4f,
    0x80, 0x0, 0x0, 0xb, 0xf1, 0x0, 0x0, 0x3,
    0xf9, 0x0, 0x0, 0x0, 0xaf, 0x20, 0x10, 0x0,
    0x2f, 0xa0, 0x8f, 0x30, 0x9, 0xf2, 0x8, 0xf3,
    0x1, 0xfb, 0x0, 0x8f, 0x30, 0x8f, 0x30, 0x8,
    0xf3, 0xc, 0xff, 0xff, 0xff, 0xf9, 0x79, 0x99,
    0x9c, 0xfa, 0x50, 0x0, 0x0, 0x8f, 0x30, 0x0,
    0x0, 0x8, 0xf3, 0x0, 0x0, 0x0, 0x8f, 0x30,
    0x0, 0x0, 0x8, 0xf3, 0x0,

    /* U+0035 "5" */
    0x7f, 0xff, 0xff, 0xff, 0x27, 0xfb, 0x99, 0x99,
    0x91, 0x7f, 0x40, 0x0, 0x0, 0x7, 0xf4, 0x0,
    0x0, 0x0, 0x7f, 0x40, 0x0, 0x0, 0x7, 0xf4,
    0x0, 0x0, 0x0, 0x7f, 0xbd, 0xfe, 0x70, 0x7,
    0xff, 0xda, 0xdf, 0xa0, 0x7f, 0xa0, 0x0, 0xbf,
    0x33, 0x72, 0x0, 0x3, 0xf8, 0x0, 0x0, 0x0,
    0xf, 0xb0, 0x0, 0x0, 0x0, 0xfc, 0x12, 0x0,
    0x0, 0xf, 0xb8, 0xf3, 0x0, 0x3, 0xf8, 0x4f,
    0xa0, 0x0, 0xbf, 0x30, 0xbf, 0xda, 0xdf, 0xa0,
    0x0, 0x8e, 0xfd, 0x70, 0x0,

    /* U+0036 "6" */
    0x0, 0x0, 0xcf, 0x10, 0x0, 0x0, 0x4f, 0x90,
    0x0, 0x0, 0xb, 0xf2, 0x0, 0x0, 0x3, 0xfa,
    0x0, 0x0, 0x0, 0xbf, 0x20, 0x0, 0x0, 0x2f,
    0xa0, 0x0, 0x0, 0x9, 0xf4, 0x56, 0x20, 0x0,
    0xff, 0xef, 0xff, 0x60, 0x4f, 0xf6, 0x26, 0xff,
    0x28, 0xf6, 0x0, 0x6, 0xf7, 0xaf, 0x10, 0x0,
    0x1f, 0xab, 0xf0, 0x0, 0x0, 0xfb, 0xbf, 0x0,
    0x0, 0xf, 0xb9, 0xf2, 0x0, 0x2, 0xf9, 0x4f,
    0xa0, 0x0, 0xbf, 0x40, 0xaf, 0xda, 0xdf, 0xa0,
    0x0, 0x8e, 0xfd, 0x80, 0x0,

    /* U+0037 "7" */
    0x9f, 0xff, 0xff, 0xff, 0x95, 0x99, 0x99, 0x9b,
    0xf9, 0x0, 0x0, 0x0, 0x7f, 0x50, 0x0, 0x0,
    0xc, 0xf0, 0x0, 0x0, 0x1, 0xfb, 0x0, 0x0,
    0x0, 0x5f, 0x60, 0x0, 0x0, 0xa, 0xf1, 0x0,
    0x0, 0x0, 0xed, 0x0, 0x0, 0x0, 0x4f, 0x80,
    0x0, 0x0, 0x8, 0xf3, 0x0, 0x0, 0x0, 0xde,
    0x0, 0x0, 0x0, 0x2f, 0x90, 0x0, 0x0, 0x7,
    0xf5, 0x0, 0x0, 0x0, 0xbf, 0x0, 0x0, 0x0,
    0xf, 0xb0, 0x0, 0x0, 0x5, 0xf6, 0x0, 0x0,
    0x0, 0xaf, 0x10, 0x0, 0x0,

    /* U+0038 "8" */
    0x0, 0x8e, 0xfe, 0x80, 0x0, 0xbf, 0xda, 0xdf,
    0xb0, 0x3f, 0xb0, 0x0, 0xbf, 0x36, 0xf5, 0x0,
    0x5, 0xf6, 0x5f, 0x60, 0x0, 0x6f, 0x51, 0xfc,
    0x0, 0xc, 0xf1, 0x8, 0xf9, 0x9, 0xf8, 0x0,
    0xa, 0xfe, 0xfa, 0x0, 0x0, 0x3f, 0xff, 0x30,
    0x0, 0x3f, 0xf7, 0xff, 0x30, 0xe, 0xf3, 0x3,
    0xfe, 0x6, 0xf6, 0x0, 0x6, 0xf6, 0xaf, 0x0,
    0x0, 0x1f, 0xab, 0xf0, 0x0, 0x0, 0xfb, 0x8f,
    0x70, 0x0, 0x7f, 0x71, 0xdf, 0xca, 0xcf, 0xd1,
    0x1, 0x9e, 0xfe, 0x91, 0x0,

    /* U+0039 "9" */
    0x0, 0x7d, 0xfd, 0x70, 0x0, 0xaf, 0xda, 0xdf,
    0xa0, 0x4f, 0xa0, 0x0, 0xbf, 0x49, 0xf2, 0x0,
    0x2, 0xf9, 0xbf, 0x0, 0x0, 0xf, 0xbc, 0xf0,
    0x0, 0x0, 0xfb, 0xbf, 0x10, 0x0, 0x1f, 0xa8,
    0xf6, 0x0, 0x6, 0xf8, 0x2f, 0xf6, 0x26, 0xff,
    0x40, 0x6f, 0xff, 0xef, 0xf0, 0x0, 0x26, 0x54,
    0xf9, 0x0, 0x0, 0x0, 0xaf, 0x20, 0x0, 0x0,
    0x2f, 0xa0, 0x0, 0x0, 0xa, 0xf3, 0x0, 0x0,
    0x2, 0xfb, 0x0, 0x0, 0x0, 0x9f, 0x40, 0x0,
    0x0, 0x1f, 0xc0, 0x0, 0x0,

    /* U+003A ":" */
    0xa, 0xfa, 0x2, 0xff, 0xf2, 0x1f, 0xff, 0x10,
    0x38, 0x30, 0x0, 0x0, 0x0, 0x0, 0x0, 0x0,
    0x0, 0x0, 0x0, 0x0, 0x3, 0x83, 0x1, 0xff,
    0xf1, 0x2f, 0xff, 0x20, 0xaf, 0xa0,

    /* U+003B ";" */
    0xa, 0xfa, 0x2, 0xff, 0xf2, 0x1f, 0xff, 0x10,
    0x38, 0x30, 0x0, 0x0, 0x0, 0x0, 0x0, 0x0,
    0x0, 0x0, 0x0, 0x0, 0x3, 0x83, 0x1, 0xff,
    0xf1, 0x2f, 0xff, 0x20, 0xaf, 0xf1, 0x0, 0x9d,
    0x0, 0x1f, 0x80, 0xa, 0xf1, 0x5, 0xf8, 0x0,
    0x7, 0x0, 0x0,

    /* U+003C "<" */
    0x0, 0x0, 0x0, 0x2, 0x30, 0x0, 0x0, 0x0,
    0x8f, 0xc0, 0x0, 0x0, 0x3d, 0xfa, 0x10, 0x0,
    0x9, 0xfe, 0x40, 0x0, 0x5, 0xef, 0x90, 0x0,
    0x0, 0x7f, 0xd3, 0x0, 0x0, 0x0, 0x9f, 0x50,
    0x0, 0x0, 0x0, 0x3d, 0xfa, 0x10, 0x0, 0x0,
    0x0, 0x7f, 0xe6, 0x0, 0x0, 0x0, 0x2, 0xcf,
    0xb2, 0x0, 0x0, 0x0, 0x6, 0xff, 0x70, 0x0,
    0x0, 0x0, 0x1a, 0x90, 0x0, 0x0, 0x0, 0x0,
    0x0,

    /* U+003D "=" */
    0x58, 0x88, 0x88, 0x88, 0x59, 0xff, 0xff, 0xff,
    0xf9, 0x0, 0x0, 0x0, 0x0, 0x0, 0x0, 0x0,
    0x0, 0x0, 0x48, 0x88, 0x88, 0x88, 0x49, 0xff,
    0xff, 0xff, 0xf9,

    /* U+003E ">" */
    0x3, 0x20, 0x0, 0x0, 0x0, 0xc, 0xf8, 0x0,
    0x0, 0x0, 0x1, 0xaf, 0xd3, 0x0, 0x0, 0x0,
    0x4, 0xef, 0x90, 0x0, 0x0, 0x0, 0x9, 0xfe,
    0x50, 0x0, 0x0, 0x0, 0x3d, 0xf7, 0x0, 0x0,
    0x0, 0x5, 0xf9, 0x0, 0x0, 0x1, 0xaf, 0xd3,
    0x0, 0x0, 0x6e, 0xf7, 0x0, 0x0, 0x2b, 0xfc,
    0x20, 0x0, 0x7, 0xff, 0x60, 0x0, 0x0, 0x9,
    0xa1, 0x0, 0x0, 0x0, 0x0, 0x0, 0x0, 0x0,
    0x0,

    /* U+003F "?" */
    0x1, 0x9e, 0xfe, 0x90, 0x0, 0xcf, 0xda, 0xdf,
    0xc0, 0x5f, 0xa0, 0x0, 0xaf, 0x59, 0xf2, 0x0,
    0x3, 0xf8, 0x24, 0x0, 0x0, 0x3f, 0x80, 0x0,
    0x0, 0x9, 0xf5, 0x0, 0x0, 0x3, 0xfe, 0x0,
    0x0, 0x1, 0xef, 0x50, 0x0, 0x0, 0x9f, 0x90,
    0x0, 0x0, 0x1f, 0xd0, 0x0, 0x0, 0x4, 0xf8,
    0x0, 0x0, 0x0, 0x4c, 0x40, 0x0, 0x0, 0x0,
    0x0, 0x0, 0x0, 0x0, 0x2, 0x0, 0x0, 0x0,
    0xc, 0xfc, 0x0, 0x0, 0x0, 0xff, 0xf0, 0x0,
    0x0, 0x9, 0xf9, 0x0, 0x0,

    /* U+0040 "@" */
    0x0, 0x8d, 0xfd, 0x80, 0x0, 0xaf, 0xc9, 0xdf,
    0xa0, 0x3f, 0x90, 0x0, 0xaf, 0x37, 0xf1, 0x0,
    0x2, 0xf7, 0x9e, 0x0, 0x0, 0x1f, 0x99, 0xe0,
    0x6, 0xff, 0xf9, 0x9e, 0x1, 0xfb, 0x4f, 0x99,
    0xe0, 0x5f, 0x30, 0xe9, 0x9e, 0x5, 0xf3, 0xe,
    0x99, 0xe0, 0x5f, 0x30, 0xe9, 0x9e, 0x5, 0xf3,
    0xe, 0x99, 0xe0, 0x5f, 0x30, 0xe9, 0x9e, 0x5,
    0xf3, 0xf, 0x99, 0xe0, 0x2f, 0x95, 0xf6, 0x9e,
    0x0, 0xaf, 0xfd, 0x7, 0xf1, 0x0, 0x34, 0x0,
    0x3f, 0x90, 0x0, 0x0, 0x0, 0xaf, 0xc9, 0x99,
    0x70, 0x0, 0x8e, 0xff, 0xfd, 0x0,

    /* U+0041 "A" */
    0x0, 0x0, 0x9f, 0x90, 0x0, 0x0, 0x0, 0xc,
    0xfc, 0x0, 0x0, 0x0, 0x0, 0xff, 0xf0, 0x0,
    0x0, 0x0, 0x3f, 0xbf, 0x30, 0x0, 0x0, 0x6,
    0xf5, 0xf6, 0x0, 0x0, 0x0, 0xaf, 0xf, 0xa0,
    0x0, 0x0, 0xd, 0xc0, 0xcd, 0x0, 0x0, 0x0,
    0xf9, 0x9, 0xf0, 0x0, 0x0, 0x4f, 0x50, 0x6f,
    0x40, 0x0, 0x7, 0xf2, 0x2, 0xf7, 0x0, 0x0,
    0xaf, 0x0, 0xf, 0xa0, 0x0, 0xe, 0xff, 0xff,
    0xfe, 0x0, 0x1, 0xfc, 0x99, 0x9c, 0xf1, 0x0,
    0x4f, 0x60, 0x0, 0x6f, 0x40, 0x8, 0xf3, 0x0,
    0x3, 0xf8, 0x0, 0xbf, 0x0, 0x0, 0xf, 0xb0,
    0xe, 0xd0, 0x0, 0x0, 0xde, 0x0,

    /* U+0042 "B" */
    0x9f, 0xff, 0xfc, 0x50, 0x9, 0xfa, 0x9a, 0xef,
    0x70, 0x9f, 0x20, 0x1, 0xef, 0x9, 0xf2, 0x0,
    0x7, 0xf4, 0x9f, 0x20, 0x0, 0x6f, 0x59, 0xf2,
    0x0, 0x7, 0xf4, 0x9f, 0x20, 0x1, 0xee, 0x9,
    0xfa, 0x9a, 0xef, 0x40, 0x9f, 0xff, 0xff, 0xc2,
    0x9, 0xf2, 0x0, 0x4d, 0xe2, 0x9f, 0x20, 0x0,
    0x2f, 0x99, 0xf2, 0x0, 0x0, 0xdd, 0x9f, 0x20,
    0x0, 0xc, 0xe9, 0xf2, 0x0, 0x0, 0xfc, 0x9f,
    0x20, 0x0, 0x9f, 0x79, 0xfa, 0x99, 0xdf, 0xc0,
    0x9f, 0xff, 0xfd, 0x80, 0x0,

    /* U+0043 "C" */
    0x1, 0x9e, 0xfe, 0x80, 0x0, 0xdf, 0xda, 0xdf,
    0xc0, 0x6f, 0x90, 0x0, 0xaf, 0x5a, 0xf1, 0x0,
    0x2, 0xf9, 0xcf, 0x0, 0x0, 0x4, 0x2c, 0xf0,
    0x0, 0x0, 0x0, 0xcf, 0x0, 0x0, 0x0, 0xc,
    0xf0, 0x0, 0x0, 0x0, 0xcf, 0x0, 0x0, 0x0,
    0xc, 0xf0, 0x0, 0x0, 0x0, 0xcf, 0x0, 0x0,
    0x0, 0xc, 0xf0, 0x0, 0x0, 0x0, 0xcf, 0x0,
    0x0, 0x3, 0x2a, 0xf1, 0x0, 0x3, 0xf9, 0x6f,
    0x90, 0x0, 0xaf, 0x50, 0xdf, 0xda, 0xdf, 0xc0,
    0x1, 0x9e, 0xfe, 0x80, 0x0,

    /* U+0044 "D" */
    0x9f, 0xff, 0xfc, 0x50, 0x9, 0xfa, 0x9a, 0xef,
    0x90, 0x9f, 0x20, 0x1, 0xcf, 0x49, 0xf2, 0x0,
    0x3, 0xf9, 0x9f, 0x20, 0x0, 0xf, 0xb9, 0xf2,
    0x0, 0x0, 0xfc, 0x9f, 0x20, 0x0, 0xf, 0xc9,
    0xf2, 0x0, 0x0, 0xfc, 0x9f, 0x20, 0x0, 0xf,
    0xc9, 0xf2, 0x0, 0x0, 0xfc, 0x9f, 0x20, 0x0,
    0xf, 0xc9, 0xf2, 0x0, 0x0, 0xfc, 0x9f, 0x20,
    0x0, 0xf, 0xb9, 0xf2, 0x0, 0x3, 0xf9, 0x9f,
    0x20, 0x1, 0xcf, 0x49, 0xfa, 0x9a, 0xef, 0x90,
    0x9f, 0xff, 0xfc, 0x50, 0x0,

    /* U+0045 "E" */
    0x6f, 0xff, 0xff, 0xff, 0x96, 0xfb, 0x99, 0x99,
    0x95, 0x6f, 0x40, 0x0, 0x0, 0x6, 0xf4, 0x0,
    0x0, 0x0, 0x6f, 0x40, 0x0, 0x0, 0x6, 0xf4,
    0x0, 0x0, 0x0, 0x6f, 0x40, 0x0, 0x0, 0x6,
    0xfb, 0x99, 0x99, 0x30, 0x6f, 0xff, 0xff, 0xf5,
    0x6, 0xf4, 0x0, 0x0, 0x0, 0x6f, 0x40, 0x0,
    0x0, 0x6, 0xf4, 0x0, 0x0, 0x0, 0x6f, 0x40,
    0x0, 0x0, 0x6, 0xf4, 0x0, 0x0, 0x0, 0x6f,
    0x40, 0x0, 0x0, 0x6, 0xfb, 0x99, 0x99, 0x95,
    0x6f, 0xff, 0xff, 0xff, 0x90,

    /* U+0046 "F" */
    0xef, 0xff, 0xff, 0xf9, 0xee, 0x99, 0x99, 0x95,
    0xed, 0x0, 0x0, 0x0, 0xed, 0x0, 0x0, 0x0,
    0xed, 0x0, 0x0, 0x0, 0xed, 0x0, 0x0, 0x0,
    0xed, 0x0, 0x0, 0x0, 0xee, 0x99, 0x99, 0x30,
    0xef, 0xff, 0xff, 0x50, 0xed, 0x0, 0x0, 0x0,
    0xed, 0x0, 0x0, 0x0, 0xed, 0x0, 0x0, 0x0,
    0xed, 0x0, 0x0, 0x0, 0xed, 0x0, 0x0, 0x0,
    0xed, 0x0, 0x0, 0x0, 0xed, 0x0, 0x0, 0x0,
    0xed, 0x0, 0x0, 0x0,

    /* U+0047 "G" */
    0x1, 0x9e, 0xfe, 0x80, 0x0, 0xdf, 0xda, 0xdf,
    0xb0, 0x6f, 0x90, 0x0, 0xaf, 0x4a, 0xf1, 0x0,
    0x3, 0xf8, 0xcf, 0x0, 0x0, 0x5, 0x3c, 0xf0,
    0x0, 0x0, 0x0, 0xcf, 0x0, 0x0, 0x0, 0xc,
    0xf0, 0x0, 0x0, 0x0, 0xcf, 0x0, 0x8f, 0xff,
    0x9c, 0xf0, 0x4, 0x9a, 0xf9, 0xcf, 0x0, 0x0,
    0x2f, 0x9c, 0xf0, 0x0, 0x2, 0xf9, 0xcf, 0x0,
    0x0, 0x2f, 0x9a, 0xf1, 0x0, 0x3, 0xf9, 0x7f,
    0x80, 0x0, 0x9f, 0x91, 0xef, 0xc9, 0xd7, 0xf9,
    0x3, 0xcf, 0xe7, 0xf, 0x90,

    /* U+0048 "H" */
    0x9f, 0x20, 0x0, 0x2f, 0x99, 0xf2, 0x0, 0x2,
    0xf9, 0x9f, 0x20, 0x0, 0x2f, 0x99, 0xf2, 0x0,
    0x2, 0xf9, 0x9f, 0x20, 0x0, 0x2f, 0x99, 0xf2,
    0x0, 0x2, 0xf9, 0x9f, 0x20, 0x0, 0x2f, 0x99,
    0xfa, 0x99, 0x9a, 0xf9, 0x9f, 0xff, 0xff, 0xff,
    0x99, 0xf2, 0x0, 0x2, 0xf9, 0x9f, 0x20, 0x0,
    0x2f, 0x99, 0xf2, 0x0, 0x2, 0xf9, 0x9f, 0x20,
    0x0, 0x2f, 0x99, 0xf2, 0x0, 0x2, 0xf9, 0x9f,
    0x20, 0x0, 0x2f, 0x99, 0xf2, 0x0, 0x2, 0xf9,
    0x9f, 0x20, 0x0, 0x2f, 0x90,

    /* U+0049 "I" */
    0x5f, 0xff, 0xff, 0xff, 0x53, 0x99, 0xbf, 0xb9,
    0x93, 0x0, 0x5, 0xf5, 0x0, 0x0, 0x0, 0x5f,
    0x50, 0x0, 0x0, 0x5, 0xf5, 0x0, 0x0, 0x0,
    0x5f, 0x50, 0x0, 0x0, 0x5, 0xf5, 0x0, 0x0,
    0x0, 0x5f, 0x50, 0x0, 0x0, 0x5, 0xf5, 0x0,
    0x0, 0x0, 0x5f, 0x50, 0x0, 0x0, 0x5, 0xf5,
    0x0, 0x0, 0x0, 0x5f, 0x50, 0x0, 0x0, 0x5,
    0xf5, 0x0, 0x0, 0x0, 0x5f, 0x50, 0x0, 0x0,
    0x5, 0xf5, 0x0, 0x3, 0x99, 0xbf, 0xb9, 0x93,
    0x5f, 0xff, 0xff, 0xff, 0x50,

    /* U+004A "J" */
    0x0, 0xa, 0xff, 0xff, 0x0, 0x0, 0x69, 0x9d,
    0xf0, 0x0, 0x0, 0x0, 0xaf, 0x0, 0x0, 0x0,
    0xa, 0xf0, 0x0, 0x0, 0x0, 0xaf, 0x0, 0x0,
    0x0, 0xa, 0xf0, 0x0, 0x0, 0x0, 0xaf, 0x0,
    0x0, 0x0, 0xa, 0xf0, 0x0, 0x0, 0x0, 0xaf,
    0x0, 0x0, 0x0, 0xa, 0xf0, 0x0, 0x0, 0x0,
    0xaf, 0x0, 0x0, 0x0, 0xa, 0xf0, 0x43, 0x0,
    0x0, 0xaf, 0xe, 0xd0, 0x0, 0xc, 0xf0, 0xaf,
    0x40, 0x3, 0xfb, 0x3, 0xff, 0xba, 0xff, 0x30,
    0x3, 0xbf, 0xfb, 0x30, 0x0,

    /* U+004B "K" */
    0x3f, 0x70, 0x0, 0x6f, 0x83, 0xf7, 0x0, 0xe,
    0xe0, 0x3f, 0x70, 0x8, 0xf6, 0x3, 0xf7, 0x1,
    0xfc, 0x0, 0x3f, 0x70, 0x9f, 0x40, 0x3, 0xf7,
    0x2f, 0xa0, 0x0, 0x3f, 0x7b, 0xf2, 0x0, 0x3,
    0xfb, 0xf9, 0x0, 0x0, 0x3f, 0xff, 0xc0, 0x0,
    0x3, 0xff, 0xcf, 0x40, 0x0, 0x3f, 0xd1, 0xfb,
    0x0, 0x3, 0xf7, 0x8, 0xf3, 0x0, 0x3f, 0x70,
    0x1f, 0xa0, 0x3, 0xf7, 0x0, 0xaf, 0x20, 0x3f,
    0x70, 0x3, 0xf9, 0x3, 0xf7, 0x0, 0xb, 0xf1,
    0x3f, 0x70, 0x0, 0x4f, 0x80,

    /* U+004C "L" */
    0xed, 0x0, 0x0, 0x0, 0xed, 0x0, 0x0, 0x0,
    0xed, 0x0, 0x0, 0x0, 0xed, 0x0, 0x0, 0x0,
    0xed, 0x0, 0x0, 0x0, 0xed, 0x0, 0x0, 0x0,
    0xed, 0x0, 0x0, 0x0, 0xed, 0x0, 0x0, 0x0,
    0xed, 0x0, 0x0, 0x0, 0xed, 0x0, 0x0, 0x0,
    0xed, 0x0, 0x0, 0x0, 0xed, 0x0, 0x0, 0x0,
    0xed, 0x0, 0x0, 0x0, 0xed, 0x0, 0x0, 0x0,
    0xed, 0x0, 0x0, 0x0, 0xee, 0x99, 0x99, 0x96,
    0xef, 0xff, 0xff, 0xfb,

    /* U+004D "M" */
    0xef, 0x50, 0x0, 0x5f, 0xee, 0xf9, 0x0, 0x9,
    0xfe, 0xef, 0xd0, 0x0, 0xdf, 0xee, 0xef, 0x10,
    0x1f, 0xee, 0xea, 0xf5, 0x5, 0xfa, 0xee, 0xac,
    0x90, 0x9c, 0xae, 0xea, 0x8d, 0xd, 0x8a, 0xee,
    0xa4, 0xf3, 0xf4, 0xbe, 0xeb, 0xf, 0xbf, 0xb,
    0xee, 0xb0, 0xcf, 0xc0, 0xbe, 0xeb, 0x8, 0xf8,
    0xb, 0xee, 0xb0, 0x4e, 0x40, 0xbe, 0xeb, 0x0,
    0x0, 0xc, 0xee, 0xc0, 0x0, 0x0, 0xce, 0xec,
    0x0, 0x0, 0xc, 0xee, 0xc0, 0x0, 0x0, 0xce,
    0xec, 0x0, 0x0, 0xc, 0xe0,

    /* U+004E "N" */
    0x9f, 0xa0, 0x0, 0x2f, 0x99, 0xff, 0x0, 0x2,
    0xf9, 0x9f, 0xf4, 0x0, 0x2f, 0x99, 0xee, 0xa0,
    0x2, 0xf9, 0x9f, 0x9e, 0x0, 0x2f, 0x99, 0xf3,
    0xf4, 0x2, 0xf9, 0x9f, 0xe, 0x90, 0x1f, 0x99,
    0xf0, 0x9e, 0x1, 0xf9, 0x9f, 0x14, 0xf4, 0x1f,
    0x99, 0xf1, 0xe, 0x91, 0xf9, 0x9f, 0x10, 0x9e,
    0xf, 0x99, 0xf2, 0x4, 0xf4, 0xf9, 0x9f, 0x20,
    0xe, 0x9f, 0x99, 0xf2, 0x0, 0x9e, 0xf9, 0x9f,
    0x20, 0x4, 0xff, 0x99, 0xf2, 0x0, 0xe, 0xf9,
    0x9f, 0x20, 0x0, 0xaf, 0x90,

    /* U+004F "O" */
    0x0, 0x9e, 0xfe, 0x90, 0x0, 0xcf, 0xc9, 0xcf,
    0xc0, 0x6f, 0x90, 0x0, 0x9f, 0x6a, 0xf1, 0x0,
    0x1, 0xfa, 0xcf, 0x0, 0x0, 0xf, 0xbc, 0xf0,
    0x0, 0x0, 0xfc, 0xcf, 0x0, 0x0, 0xf, 0xcc,
    0xf0, 0x0, 0x0, 0xfc, 0xcf, 0x0, 0x0, 0xf,
    0xcc, 0xf0, 0x0, 0x0, 0xfc, 0xcf, 0x0, 0x0,
    0xf, 0xcc, 0xf0, 0x0, 0x0, 0xfc, 0xcf, 0x0,
    0x0, 0xf, 0xba, 0xf1, 0x0, 0x1, 0xfa, 0x6f,
    0x90, 0x0, 0x9f, 0x60, 0xcf, 0xc9, 0xcf, 0xc0,
    0x0, 0x9e, 0xfe, 0x90, 0x0,

    /* U+0050 "P" */
    0x3f, 0xff, 0xfe, 0x91, 0x3, 0xfc, 0x99, 0xcf,
    0xd0, 0x3f, 0x70, 0x0, 0x8f, 0x73, 0xf7, 0x0,
    0x0, 0xfc, 0x3f, 0x70, 0x0, 0xc, 0xe3, 0xf7,
    0x0, 0x0, 0xce, 0x3f, 0x70, 0x0, 0xf, 0xc3,
    0xf7, 0x0, 0x8, 0xf7, 0x3f, 0xc9, 0x9c, 0xfd,
    0x3, 0xff, 0xff, 0xe9, 0x10, 0x3f, 0x70, 0x0,
    0x0, 0x3, 0xf7, 0x0, 0x0, 0x0, 0x3f, 0x70,
    0x0, 0x0, 0x3, 0xf7, 0x0, 0x0, 0x0, 0x3f,
    0x70, 0x0, 0x0, 0x3, 0xf7, 0x0, 0x0, 0x0,
    0x3f, 0x70, 0x0, 0x0, 0x0,

    /* U+0051 "Q" */
    0x0, 0x9e, 0xfe, 0x90, 0x0, 0xcf, 0xc9, 0xcf,
    0xc0, 0x6f, 0x90, 0x0, 0x9f, 0x6a, 0xf1, 0x0,
    0x1, 0xfa, 0xcf, 0x0, 0x0, 0xf, 0xbc, 0xf0,
    0x0, 0x0, 0xfc, 0xcf, 0x0, 0x0, 0xf, 0xcc,
    0xf0, 0x0, 0x0, 0xfc, 0xcf, 0x0, 0x0, 0xf,
    0xcc, 0xf0, 0x0, 0x0, 0xfc, 0xcf, 0x0, 0x0,
    0xf, 0xcc, 0xf0, 0x0, 0x0, 0xfc, 0xcf, 0x0,
    0x0, 0xf, 0xca, 0xf1, 0x0, 0x1, 0xfa, 0x6f,
    0x80, 0x0, 0x8f, 0x60, 0xdf, 0xb8, 0xbf, 0xd0,
    0x1, 0xaf, 0xff, 0xa1, 0x0, 0x0, 0x3f, 0x80,
    0x0, 0x0, 0x0, 0xfd, 0x0, 0x0, 0x0, 0x8,
    0xfe, 0xa2, 0x0, 0x0, 0x6, 0xdf, 0x30,

    /* U+0052 "R" */
    0x9f, 0xff, 0xfe, 0x80, 0x0, 0x9f, 0xa9, 0x9c,
    0xfb, 0x0, 0x9f, 0x20, 0x0, 0x9f, 0x50, 0x9f,
    0x20, 0x0, 0x2f, 0x90, 0x9f, 0x20, 0x0, 0xf,
    0xb0, 0x9f, 0x20, 0x0, 0xf, 0xb0, 0x9f, 0x20,
    0x0, 0x2f, 0x90, 0x9f, 0x20, 0x0, 0x9f, 0x50,
    0x9f, 0xa9, 0x9c, 0xfb, 0x0, 0x9f, 0xff, 0xff,
    0x90, 0x0, 0x9f, 0x20, 0xcf, 0x10, 0x0, 0x9f,
    0x20, 0x4f, 0x80, 0x0, 0x9f, 0x20, 0xd, 0xf1,
    0x0, 0x9f, 0x20, 0x5, 0xf7, 0x0, 0x9f, 0x20,
    0x0, 0xee, 0x0, 0x9f, 0x20, 0x0, 0x7f, 0x60,
    0x9f, 0x20, 0x0, 0xe, 0xd0,

    /* U+0053 "S" */
    0x0, 0x8d, 0xfe, 0x90, 0x0, 0xbf, 0xda, 0xdf,
    0xc0, 0x4f, 0xa0, 0x0, 0xaf, 0x58, 0xf3, 0x0,
    0x3, 0xf9, 0x8f, 0x20, 0x0, 0x4, 0x26, 0xf7,
    0x0, 0x0, 0x0, 0x1e, 0xf3, 0x0, 0x0, 0x0,
    0x4f, 0xf9, 0x10, 0x0, 0x0, 0x3d, 0xfe, 0x50,
    0x0, 0x0, 0x7, 0xff, 0x60, 0x0, 0x0, 0x2,
    0xdf, 0x20, 0x0, 0x0, 0x4, 0xf8, 0x33, 0x0,
    0x0, 0xf, 0xbb, 0xf0, 0x0, 0x1, 0xfa, 0x8f,
    0x80, 0x0, 0x8f, 0x61, 0xdf, 0xca, 0xcf, 0xd0,
    0x1, 0x9e, 0xfe, 0x90, 0x0,

    /* U+0054 "T" */
    0xbf, 0xff, 0xff, 0xff, 0xb6, 0x99, 0xbf, 0xb9,
    0x96, 0x0, 0x5, 0xf5, 0x0, 0x0, 0x0, 0x5f,
    0x50, 0x0, 0x0, 0x5, 0xf5, 0x0, 0x0, 0x0,
    0x5f, 0x50, 0x0, 0x0, 0x5, 0xf5, 0x0, 0x0,
    0x0, 0x5f, 0x50, 0x0, 0x0, 0x5, 0xf5, 0x0,
    0x0, 0x0, 0x5f, 0x50, 0x0, 0x0, 0x5, 0xf5,
    0x0, 0x0, 0x0, 0x5f, 0x50, 0x0, 0x0, 0x5,
    0xf5, 0x0, 0x0, 0x0, 0x5f, 0x50, 0x0, 0x0,
    0x5, 0xf5, 0x0, 0x0, 0x0, 0x5f, 0x50, 0x0,
    0x0, 0x5, 0xf5, 0x0, 0x0,

    /* U+0055 "U" */
    0x9f, 0x20, 0x0, 0x2f, 0x99, 0xf2, 0x0, 0x2,
    0xf9, 0x9f, 0x20, 0x0, 0x2f, 0x99, 0xf2, 0x0,
    0x2, 0xf9, 0x9f, 0x20, 0x0, 0x2f, 0x99, 0xf2,
    0x0, 0x2, 0xf9, 0x9f, 0x20, 0x0, 0x2f, 0x99,
    0xf2, 0x0, 0x2, 0xf9, 0x9f, 0x20, 0x0, 0x2f,
    0x99, 0xf2, 0x0, 0x2, 0xf9, 0x9f, 0x20, 0x0,
    0x2f, 0x99, 0xf2, 0x0, 0x2, 0xf9, 0x9f, 0x20,
    0x0, 0x2f, 0x97, 0xf4, 0x0, 0x4, 0xf7, 0x3f,
    0xb0, 0x0, 0xbf, 0x30, 0xaf, 0xda, 0xdf, 0xa0,
    0x0, 0x8e, 0xfd, 0x80, 0x0,

    /* U+0056 "V" */
    0xe, 0xd0, 0x0, 0x0, 0xde, 0x0, 0xbf, 0x0,
    0x0, 0xf, 0xb0, 0x8, 0xf3, 0x0, 0x3, 0xf8,
    0x0, 0x4f, 0x60, 0x0, 0x6f, 0x40, 0x1, 0xf9,
    0x0, 0x9, 0xf1, 0x0, 0xe, 0xc0, 0x0, 0xce,
    0x0, 0x0, 0xaf, 0x0, 0xf, 0xa0, 0x0, 0x7,
    0xf2, 0x2, 0xf7, 0x0, 0x0, 0x4f, 0x50, 0x6f,
    0x40, 0x0, 0x0, 0xf9, 0x9, 0xf0, 0x0, 0x0,
    0xd, 0xc0, 0xcd, 0x0, 0x0, 0x0, 0xaf, 0xf,
    0xa0, 0x0, 0x0, 0x6, 0xf5, 0xf6, 0x0, 0x0,
    0x0, 0x3f, 0xbf, 0x30, 0x0, 0x0, 0x0, 0xff,
    0xf0, 0x0, 0x0, 0x0, 0xc, 0xfc, 0x0, 0x0,
    0x0, 0x0, 0x9f, 0x90, 0x0, 0x0,

    /* U+0057 "W" */
    0x2f, 0x70, 0x0, 0x0, 0x7f, 0x21, 0xf8, 0x0,
    0x0, 0x8, 0xf1, 0xf, 0x90, 0x0, 0x0, 0x9f,
    0x0, 0xdb, 0x0, 0x0, 0xb, 0xd0, 0xb, 0xc0,
    0x0, 0x0, 0xcb, 0x0, 0xad, 0x5, 0xf5, 0xd,
    0xa0, 0x8, 0xe0, 0x7f, 0x70, 0xf8, 0x0, 0x6f,
    0xa, 0xf9, 0xf, 0x60, 0x4, 0xf1, 0xcc, 0xc1,
    0xf4, 0x0, 0x3f, 0x2e, 0x7e, 0x2f, 0x20, 0x1,
    0xf4, 0xf3, 0xf5, 0xf1, 0x0, 0xf, 0x8f, 0xf,
    0x8f, 0x0, 0x0, 0xdc, 0xc0, 0xcc, 0xd0, 0x0,
    0xb, 0xfa, 0xa, 0xfb, 0x0, 0x0, 0xaf, 0x80,
    0x8f, 0xa0, 0x0, 0x8, 0xf5, 0x5, 0xf8, 0x0,
    0x0, 0x6f, 0x30, 0x3f, 0x60, 0x0,

    /* U+0058 "X" */
    0xbf, 0x20, 0x0, 0x2f, 0xb4, 0xf8, 0x0, 0x8,
    0xf4, 0xd, 0xe0, 0x0, 0xed, 0x0, 0x7f, 0x50,
    0x5f, 0x70, 0x1, 0xfb, 0xb, 0xf1, 0x0, 0x9,
    0xf4, 0xf9, 0x0, 0x0, 0x3f, 0xff, 0x30, 0x0,
    0x0, 0xcf, 0xc0, 0x0, 0x0, 0x7, 0xf7, 0x0,
    0x0, 0x0, 0xcf, 0xc0, 0x0, 0x0, 0x3f, 0xff,
    0x30, 0x0, 0xa, 0xf4, 0xfa, 0x0, 0x1, 0xfb,
    0xb, 0xf1, 0x0, 0x7f, 0x50, 0x5f, 0x70, 0xe,
    0xe0, 0x0, 0xee, 0x4, 0xf8, 0x0, 0x8, 0xf4,
    0xbf, 0x20, 0x0, 0x2f, 0xb0,

    /* U+0059 "Y" */
    0xd, 0xf0, 0x0, 0x0, 0xfd, 0x0, 0x7f, 0x50,
    0x0, 0x5f, 0x70, 0x1, 0xfa, 0x0, 0xa, 0xf1,
    0x0, 0xc, 0xf0, 0x0, 0xfc, 0x0, 0x0, 0x6f,
    0x50, 0x5f, 0x60, 0x0, 0x1, 0xfb, 0xb, 0xf1,
    0x0, 0x0, 0xa, 0xf2, 0xfa, 0x0, 0x0, 0x0,
    0x5f, 0xcf, 0x50, 0x0, 0x0, 0x0, 0xef, 0xe0,
    0x0, 0x0, 0x0, 0x9, 0xf9, 0x0, 0x0, 0x0,
    0x0, 0x5f, 0x50, 0x0, 0x0, 0x0, 0x5, 0xf5,
    0x0, 0x0, 0x0, 0x0, 0x5f, 0x50, 0x0, 0x0,
    0x0, 0x5, 0xf5, 0x0, 0x0, 0x0, 0x0, 0x5f,
    0x50, 0x0, 0x0, 0x0, 0x5, 0xf5, 0x0, 0x0,
    0x0, 0x0, 0x5f, 0x50, 0x0, 0x0,

    /* U+005A "Z" */
    0x9f, 0xff, 0xff, 0xff, 0x95, 0x99, 0x99, 0x9c,
    0xf8, 0x0, 0x0, 0x0, 0xcf, 0x20, 0x0, 0x0,
    0x3f, 0xb0, 0x0, 0x0, 0xa, 0xf4, 0x0, 0x0,
    0x2, 0xfd, 0x0, 0x0, 0x0, 0x9f, 0x60, 0x0,
    0x0, 0x1f, 0xe0, 0x0, 0x0, 0x7, 0xf7, 0x0,
    0x0, 0x0, 0xef, 0x10, 0x0, 0x0, 0x6f, 0x90,
    0x0, 0x0, 0xd, 0xf2, 0x0, 0x0, 0x4, 0xfa,
    0x0, 0x0, 0x0, 0xbf, 0x30, 0x0, 0x0, 0x3f,
    0xc0, 0x0, 0x0, 0x8, 0xfc, 0x99, 0x99, 0x95,
    0x9f, 0xff, 0xff, 0xff, 0x90,

    /* U+005B "[" */
    0x4f, 0xff, 0xff, 0xc4, 0xfc, 0x99, 0x97, 0x4f,
    0x60, 0x0, 0x4, 0xf6, 0x0, 0x0, 0x4f, 0x60,
    0x0, 0x4, 0xf6, 0x0, 0x0, 0x4f, 0x60, 0x0,
    0x4, 0xf6, 0x0, 0x0, 0x4f, 0x60, 0x0, 0x4,
    0xf6, 0x0, 0x0, 0x4f, 0x60, 0x0, 0x4, 0xf6,
    0x0, 0x0, 0x4f, 0x60, 0x0, 0x4, 0xf6, 0x0,
    0x0, 0x4f, 0x60, 0x0, 0x4, 0xf6, 0x0, 0x0,
    0x4f, 0x60, 0x0, 0x4, 0xf6, 0x0, 0x0, 0x4f,
    0x60, 0x0, 0x4, 0xf6, 0x0, 0x0, 0x4f, 0xc9,
    0x99, 0x74, 0xff, 0xff, 0xfc,

    /* U+005C "\\" */
    0x8f, 0x30, 0x0, 0x0, 0x4, 0xf8, 0x0, 0x0,
    0x0, 0xe, 0xd0, 0x0, 0x0, 0x0, 0xaf, 0x10,
    0x0, 0x0, 0x5, 0xf6, 0x0, 0x0, 0x0, 0x1f,
    0xb0, 0x0, 0x0, 0x0, 0xbf, 0x0, 0x0, 0x0,
    0x7, 0xf5, 0x0, 0x0, 0x0, 0x2f, 0xa0, 0x0,
    0x0, 0x0, 0xde, 0x0, 0x0, 0x0, 0x8, 0xf3,
    0x0, 0x0, 0x0, 0x3f, 0x80, 0x0, 0x0, 0x0,
    0xed, 0x0, 0x0, 0x0, 0xa, 0xf2, 0x0, 0x0,
    0x0, 0x5f, 0x70, 0x0, 0x0, 0x0, 0xfb, 0x0,
    0x0, 0x0, 0xb, 0xf0, 0x0, 0x0, 0x0, 0x6f,
    0x50, 0x0, 0x0, 0x1, 0xfa, 0x0, 0x0, 0x0,
    0xd, 0xe0, 0x0, 0x0, 0x0, 0x8f, 0x30, 0x0,
    0x0, 0x3, 0xf8,

    /* U+005D "]" */
    0xcf, 0xff, 0xff, 0x47, 0x99, 0x9c, 0xf4, 0x0,
    0x0, 0x6f, 0x40, 0x0, 0x6, 0xf4, 0x0, 0x0,
    0x6f, 0x40, 0x0, 0x6, 0xf4, 0x0, 0x0, 0x6f,
    0x40, 0x0, 0x6, 0xf4, 0x0, 0x0, 0x6f, 0x40,
    0x0, 0x6, 0xf4, 0x0, 0x0, 0x6f, 0x40, 0x0,
    0x6, 0xf4, 0x0, 0x0, 0x6f, 0x40, 0x0, 0x6,
    0xf4, 0x0, 0x0, 0x6f, 0x40, 0x0, 0x6, 0xf4,
    0x0, 0x0, 0x6f, 0x40, 0x0, 0x6, 0xf4, 0x0,
    0x0, 0x6f, 0x40, 0x0, 0x6, 0xf4, 0x79, 0x99,
    0xcf, 0x4c, 0xff, 0xff, 0xf4,

    /* U+005E "^" */
    0x0, 0x0, 0xcf, 0xc0, 0x0, 0x0, 0x0, 0x8f,
    0xcf, 0x80, 0x0, 0x0, 0x3f, 0xc0, 0xcf, 0x30,
    0x0, 0xd, 0xf2, 0x2, 0xfd, 0x0, 0x9, 0xf7,
    0x0, 0x7, 0xf9, 0x0, 0xac, 0x0, 0x0, 0xc,
    0xa0, 0x0, 0x0, 0x0, 0x0, 0x0, 0x0,

    /* U+005F "_" */
    0x59, 0x99, 0x99, 0x99, 0x59, 0xff, 0xff, 0xff,
    0xf9,

    /* U+0060 "`" */
    0x0, 0x0, 0x0, 0x7e, 0x10, 0x0, 0x6f, 0xc0,
    0x0, 0x9, 0xf8, 0x0, 0x0, 0xcf, 0x30, 0x0,
    0x1e, 0xe0, 0x0, 0x3, 0x40,

    /* U+0061 "a" */
    0x2, 0xae, 0xfe, 0x91, 0x1, 0xef, 0xb9, 0xcf,
    0xd0, 0x7f, 0x60, 0x0, 0x9f, 0x54, 0x60, 0x0,
    0x3, 0xf8, 0x0, 0x0, 0x0, 0x2f, 0x90, 0x19,
    0xdf, 0xff, 0xf9, 0x2e, 0xfc, 0x99, 0xaf, 0x99,
    0xf5, 0x0, 0x2, 0xf9, 0xbf, 0x0, 0x0, 0x3f,
    0x9a, 0xf5, 0x0, 0xa, 0xf9, 0x4f, 0xfb, 0xad,
    0xaf, 0x90, 0x5c, 0xfe, 0x82, 0xf9,

    /* U+0062 "b" */
    0x9f, 0x20, 0x0, 0x0, 0x9, 0xf2, 0x0, 0x0,
    0x0, 0x9f, 0x20, 0x0, 0x0, 0x9, 0xf2, 0x0,
    0x0, 0x0, 0x9f, 0x20, 0x0, 0x0, 0x9, 0xf2,
    0x7e, 0xfb, 0x20, 0x9f, 0x8d, 0x9c, 0xfe, 0x19,
    0xfb, 0x0, 0x9, 0xf7, 0x9f, 0x40, 0x0, 0x1f,
    0xa9, 0xf2, 0x0, 0x0, 0xfc, 0x9f, 0x20, 0x0,
    0xf, 0xc9, 0xf2, 0x0, 0x0, 0xfc, 0x9f, 0x20,
    0x0, 0xf, 0xc9, 0xf4, 0x0, 0x1, 0xfa, 0x9f,
    0xb0, 0x0, 0x9f, 0x79, 0xf8, 0xd9, 0xcf, 0xe1,
    0x9f, 0x27, 0xef, 0xb2, 0x0,

    /* U+0063 "c" */
    0x0, 0x9e, 0xfe, 0x80, 0x0, 0xcf, 0xc9, 0xdf,
    0xc0, 0x6f, 0x90, 0x0, 0xaf, 0x5a, 0xf1, 0x0,
    0x2, 0xf9, 0xcf, 0x0, 0x0, 0x2, 0x1c, 0xf0,
    0x0, 0x0, 0x0, 0xcf, 0x0, 0x0, 0x0, 0xc,
    0xf0, 0x0, 0x0, 0x21, 0xaf, 0x10, 0x0, 0x3f,
    0x96, 0xf9, 0x0, 0xa, 0xf5, 0xc, 0xfc, 0xad,
    0xfc, 0x0, 0x9, 0xef, 0xe8, 0x0,

    /* U+0064 "d" */
    0x0, 0x0, 0x0, 0x2f, 0x90, 0x0, 0x0, 0x2,
    0xf9, 0x0, 0x0, 0x0, 0x2f, 0x90, 0x0, 0x0,
    0x2, 0xf9, 0x0, 0x0, 0x0, 0x2f, 0x90, 0x2b,
    0xfe, 0x72, 0xf9, 0x1e, 0xfc, 0x9d, 0x8f, 0x97,
    0xf9, 0x0, 0xb, 0xf9, 0xbf, 0x10, 0x0, 0x4f,
    0x9c, 0xf0, 0x0, 0x2, 0xf9, 0xcf, 0x0, 0x0,
    0x2f, 0x9c, 0xf0, 0x0, 0x2, 0xf9, 0xcf, 0x0,
    0x0, 0x2f, 0x9b, 0xf1, 0x0, 0x4, 0xf9, 0x7f,
    0x90, 0x0, 0xbf, 0x91, 0xef, 0xca, 0xd8, 0xf9,
    0x2, 0xbf, 0xe7, 0x2f, 0x90,

    /* U+0065 "e" */
    0x0, 0x8e, 0xfe, 0x90, 0x0, 0xcf, 0xc9, 0xcf,
    0xd0, 0x6f, 0x80, 0x0, 0x8f, 0x6a, 0xf1, 0x0,
    0x1, 0xfa, 0xcf, 0x0, 0x0, 0xf, 0xcc, 0xff,
    0xff, 0xff, 0xfc, 0xcf, 0x99, 0x99, 0x99, 0x7c,
    0xf0, 0x0, 0x0, 0x0, 0xaf, 0x10, 0x0, 0x8,
    0x56, 0xf9, 0x0, 0x6, 0xf8, 0xc, 0xfc, 0x9b,
    0xfe, 0x10, 0x9, 0xef, 0xea, 0x10,

    /* U+0066 "f" */
    0x0, 0x0, 0xaf, 0xe9, 0x0, 0x0, 0x9f, 0xcc,
    0xf7, 0x0, 0xf, 0xc0, 0xe, 0xd0, 0x2, 0xf9,
    0x0, 0x34, 0x0, 0x2f, 0x80, 0x0, 0x0, 0x2,
    0xf8, 0x0, 0x0, 0x59, 0xaf, 0xc9, 0x99, 0x19,
    0xff, 0xff, 0xff, 0xf2, 0x0, 0x2f, 0x80, 0x0,
    0x0, 0x2, 0xf8, 0x0, 0x0, 0x0, 0x2f, 0x80,
    0x0, 0x0, 0x2, 0xf8, 0x0, 0x0, 0x0, 0x2f,
    0x80, 0x0, 0x0, 0x2, 0xf8, 0x0, 0x0, 0x0,
    0x2f, 0x80, 0x0, 0x0, 0x2, 0xf8, 0x0, 0x0,
    0x0, 0x2f, 0x80, 0x0, 0x0,

    /* U+0067 "g" */
    0x2, 0xbf, 0xe7, 0x2f, 0x91, 0xef, 0xc9, 0xd8,
    0xf9, 0x7f, 0x90, 0x0, 0xbf, 0x9b, 0xf1, 0x0,
    0x4, 0xf9, 0xcf, 0x0, 0x0, 0x2f, 0x9c, 0xf0,
    0x0, 0x2, 0xf9, 0xcf, 0x0, 0x0, 0x2f, 0x9c,
    0xf0, 0x0, 0x2, 0xf9, 0xbf, 0x10, 0x0, 0x4f,
    0x97, 0xf9, 0x0, 0xb, 0xf9, 0x1e, 0xfc, 0xad,
    0x8f, 0x90, 0x2b, 0xfe, 0x72, 0xf9, 0x0, 0x0,
    0x0, 0x2f, 0x93, 0x50, 0x0, 0x4, 0xf7, 0x7f,
    0x60, 0x0, 0xcf, 0x31, 0xef, 0xb9, 0xdf, 0xa0,
    0x2, 0xae, 0xfd, 0x70, 0x0,

    /* U+0068 "h" */
    0x9f, 0x20, 0x0, 0x0, 0x9, 0xf2, 0x0, 0x0,
    0x0, 0x9f, 0x20, 0x0, 0x0, 0x9, 0xf2, 0x0,
    0x0, 0x0, 0x9f, 0x20, 0x0, 0x0, 0x9, 0xf2,
    0x8e, 0xfb, 0x10, 0x9f, 0x9d, 0x9d, 0xfc, 0x9,
    0xfb, 0x0, 0xb, 0xf4, 0x9f, 0x40, 0x0, 0x4f,
    0x79, 0xf2, 0x0, 0x2, 0xf9, 0x9f, 0x20, 0x0,
    0x2f, 0x99, 0xf2, 0x0, 0x2, 0xf9, 0x9f, 0x20,
    0x0, 0x2f, 0x99, 0xf2, 0x0, 0x2, 0xf9, 0x9f,
    0x20, 0x0, 0x2f, 0x99, 0xf2, 0x0, 0x2, 0xf9,
    0x9f, 0x20, 0x0, 0x2f, 0x90,

    /* U+0069 "i" */
    0x0, 0x6, 0xf9, 0x0, 0x0, 0x0, 0xbf, 0xf0,
    0x0, 0x0, 0x5, 0xc7, 0x0, 0x0, 0x0, 0x0,
    0x0, 0x0, 0x0, 0x0, 0x0, 0x0, 0x0, 0xff,
    0xff, 0x80, 0x0, 0x9, 0x9a, 0xf8, 0x0, 0x0,
    0x0, 0x3f, 0x80, 0x0, 0x0, 0x3, 0xf8, 0x0,
    0x0, 0x0, 0x3f, 0x80, 0x0, 0x0, 0x3, 0xf8,
    0x0, 0x0, 0x0, 0x3f, 0x80, 0x0, 0x0, 0x3,
    0xf8, 0x0, 0x0, 0x0, 0x3f, 0x80, 0x0, 0x0,
    0x3, 0xf8, 0x0, 0x3, 0x99, 0xaf, 0xc9, 0x93,
    0x5f, 0xff, 0xff, 0xff, 0x50,

    /* U+006A "j" */
    0x0, 0x0, 0x5, 0xfb, 0x0, 0x0, 0x0, 0x9f,
    0xf0, 0x0, 0x0, 0x3, 0xc9, 0x0, 0x0, 0x0,
    0x0, 0x0, 0x0, 0x0, 0x0, 0x0, 0x0, 0x0,
    0xff, 0xff, 0xc0, 0x0, 0x9, 0x99, 0xfc, 0x0,
    0x0, 0x0, 0xf, 0xc0, 0x0, 0x0, 0x0, 0xfc,
    0x0, 0x0, 0x0, 0xf, 0xc0, 0x0, 0x0, 0x0,
    0xfc, 0x0, 0x0, 0x0, 0xf, 0xc0, 0x0, 0x0,
    0x0, 0xfc, 0x0, 0x0, 0x0, 0xf, 0xc0, 0x0,
    0x0, 0x0, 0xfc, 0x0, 0x0, 0x0, 0xf, 0xc0,
    0x0, 0x0, 0x0, 0xfc, 0x0, 0x0, 0x0, 0xf,
    0xb0, 0x59, 0x10, 0x1, 0xfa, 0x6, 0xf7, 0x0,
    0x7f, 0x60, 0xe, 0xfb, 0xbf, 0xd0, 0x0, 0x2b,
    0xff, 0xb2, 0x0,

    /* U+006B "k" */
    0x3f, 0x70, 0x0, 0x0, 0x3, 0xf7, 0x0, 0x0,
    0x0, 0x3f, 0x70, 0x0, 0x0, 0x3, 0xf7, 0x0,
    0x0, 0x0, 0x3f, 0x70, 0x0, 0x0, 0x3, 0xf7,
    0x0, 0xb, 0xf5, 0x3f, 0x70, 0x6, 0xf9, 0x3,
    0xf7, 0x2, 0xfd, 0x0, 0x3f, 0x70, 0xdf, 0x20,
    0x3, 0xf7, 0x9f, 0x50, 0x0, 0x3f, 0xcf, 0xc0,
    0x0, 0x3, 0xff, 0xff, 0x40, 0x0, 0x3f, 0xf3,
    0xed, 0x0, 0x3, 0xf8, 0x5, 0xf8, 0x0, 0x3f,
    0x70, 0xb, 0xf2, 0x3, 0xf7, 0x0, 0x2f, 0xc0,
    0x3f, 0x70, 0x0, 0x8f, 0x60,

    /* U+006C "l" */
    0xf, 0xff, 0xf8, 0x0, 0x0, 0x99, 0xaf, 0x80,
    0x0, 0x0, 0x3, 0xf8, 0x0, 0x0, 0x0, 0x3f,
    0x80, 0x0, 0x0, 0x3, 0xf8, 0x0, 0x0, 0x0,
    0x3f, 0x80, 0x0, 0x0, 0x3, 0xf8, 0x0, 0x0,
    0x0, 0x3f, 0x80, 0x0, 0x0, 0x3, 0xf8, 0x0,
    0x0, 0x0, 0x3f, 0x80, 0x0, 0x0, 0x3, 0xf8,
    0x0, 0x0, 0x0, 0x3f, 0x80, 0x0, 0x0, 0x3,
    0xf8, 0x0, 0x0, 0x0, 0x3f, 0x80, 0x0, 0x0,
    0x3, 0xf8, 0x0, 0x3, 0x99, 0xaf, 0xc9, 0x93,
    0x5f, 0xff, 0xff, 0xff, 0x50,

    /* U+006D "m" */
    0xec, 0xbf, 0x74, 0xed, 0x2e, 0xf7, 0xcf, 0xb7,
    0xfa, 0xec, 0x5, 0xf5, 0xc, 0xde, 0xb0, 0x4f,
    0x40, 0xbd, 0xeb, 0x4, 0xf4, 0xb, 0xee, 0xb0,
    0x4f, 0x40, 0xbe, 0xeb, 0x4, 0xf4, 0xb, 0xee,
    0xb0, 0x4f, 0x40, 0xbe, 0xeb, 0x4, 0xf4, 0xb,
    0xee, 0xb0, 0x4f, 0x40, 0xbe, 0xeb, 0x4, 0xf4,
    0xb, 0xee, 0xb0, 0x4f, 0x40, 0xbe,

    /* U+006E "n" */
    0x9f, 0x28, 0xef, 0xb1, 0x9, 0xfa, 0xa7, 0xaf,
    0xc0, 0x9f, 0xa0, 0x0, 0xaf, 0x49, 0xf3, 0x0,
    0x3, 0xf7, 0x9f, 0x20, 0x0, 0x2f, 0x99, 0xf2,
    0x0, 0x2, 0xf9, 0x9f, 0x20, 0x0, 0x2f, 0x99,
    0xf2, 0x0, 0x2, 0xf9, 0x9f, 0x20, 0x0, 0x2f,
    0x99, 0xf2, 0x0, 0x2, 0xf9, 0x9f, 0x20, 0x0,
    0x2f, 0x99, 0xf2, 0x0, 0x2, 0xf9,

    /* U+006F "o" */
    0x0, 0x8e, 0xfe, 0x80, 0x0, 0xcf, 0xc9, 0xcf,
    0xc0, 0x6f, 0x90, 0x0, 0x9f, 0x6a, 0xf1, 0x0,
    0x1, 0xfa, 0xcf, 0x0, 0x0, 0xf, 0xbc, 0xf0,
    0x0, 0x0, 0xfc, 0xcf, 0x0, 0x0, 0xf, 0xcc,
    0xf0, 0x0, 0x0, 0xfb, 0xaf, 0x10, 0x0, 0x1f,
    0xa6, 0xf9, 0x0, 0x9, 0xf6, 0xc, 0xfc, 0x9c,
    0xfc, 0x0, 0x9, 0xef, 0xe8, 0x0,

    /* U+0070 "p" */
    0x9f, 0x27, 0xef, 0xb2, 0x9, 0xfa, 0xa7, 0x9f,
    0xe1, 0x9f, 0xa0, 0x0, 0x7f, 0x79, 0xf3, 0x0,
    0x1, 0xfa, 0x9f, 0x20, 0x0, 0xf, 0xc9, 0xf2,
    0x0, 0x0, 0xfc, 0x9f, 0x20, 0x0, 0xf, 0xc9,
    0xf2, 0x0, 0x0, 0xfc, 0x9f, 0x40, 0x0, 0x1f,
    0xa9, 0xfb, 0x0, 0x9, 0xf7, 0x9f, 0x8d, 0x9c,
    0xfe, 0x19, 0xf2, 0x7e, 0xfb, 0x20, 0x9f, 0x20,
    0x0, 0x0, 0x9, 0xf2, 0x0, 0x0, 0x0, 0x9f,
    0x20, 0x0, 0x0, 0x9, 0xf2, 0x0, 0x0, 0x0,
    0x9f, 0x20, 0x0, 0x0, 0x0,

    /* U+0071 "q" */
    0x2, 0xbf, 0xe7, 0x2f, 0x91, 0xef, 0xc9, 0xd8,
    0xf9, 0x7f, 0x90, 0x0, 0xbf, 0x9b, 0xf1, 0x0,
    0x4, 0xf9, 0xcf, 0x0, 0x0, 0x2f, 0x9c, 0xf0,
    0x0, 0x2, 0xf9, 0xcf, 0x0, 0x0, 0x2f, 0x9c,
    0xf0, 0x0, 0x2, 0xf9, 0xbf, 0x10, 0x0, 0x4f,
    0x97, 0xf9, 0x0, 0xb, 0xf9, 0x1e, 0xfc, 0xad,
    0x8f, 0x90, 0x2b, 0xfe, 0x72, 0xf9, 0x0, 0x0,
    0x0, 0x2f, 0x90, 0x0, 0x0, 0x2, 0xf9, 0x0,
    0x0, 0x0, 0x2f, 0x90, 0x0, 0x0, 0x2, 0xf9,
    0x0, 0x0, 0x0, 0x2f, 0x90,

    /* U+0072 "r" */
    0x4f, 0x74, 0xdf, 0xb0, 0x4f, 0x9d, 0x7a, 0xf9,
    0x4f, 0xe2, 0x0, 0xed, 0x4f, 0xb0, 0x0, 0x44,
    0x4f, 0x80, 0x0, 0x0, 0x4f, 0x70, 0x0, 0x0,
    0x4f, 0x70, 0x0, 0x0, 0x4f, 0x70, 0x0, 0x0,
    0x4f, 0x70, 0x0, 0x0, 0x4f, 0x70, 0x0, 0x0,
    0x4f, 0x70, 0x0, 0x0, 0x4f, 0x70, 0x0, 0x0,

    /* U+0073 "s" */
    0x1, 0x9e, 0xfe, 0xa1, 0x0, 0xdf, 0xc9, 0xbf,
    0xe0, 0x5f, 0x80, 0x0, 0x8f, 0x55, 0xf6, 0x0,
    0x0, 0x31, 0x1f, 0xe5, 0x0, 0x0, 0x0, 0x4f,
    0xfe, 0x92, 0x0, 0x0, 0x18, 0xef, 0xf6, 0x0,
    0x0, 0x0, 0x4d, 0xf3, 0x12, 0x0, 0x0, 0x3f,
    0x88, 0xf5, 0x0, 0x6, 0xf7, 0x2f, 0xfb, 0x9b,
    0xfe, 0x10, 0x2a, 0xef, 0xea, 0x20,

    /* U+0074 "t" */
    0x0, 0x5f, 0x60, 0x0, 0x0, 0x0, 0x5f, 0x60,
    0x0, 0x0, 0x0, 0x5f, 0x60, 0x0, 0x0, 0x0,
    0x5f, 0x60, 0x0, 0x0, 0x0, 0x5f, 0x60, 0x0,
    0x0, 0x7f, 0xff, 0xff, 0xff, 0x30, 0x49, 0xbf,
    0xb9, 0x99, 0x20, 0x0, 0x5f, 0x60, 0x0, 0x0,
    0x0, 0x5f, 0x60, 0x0, 0x0, 0x0, 0x5f, 0x60,
    0x0, 0x0, 0x0, 0x5f, 0x60, 0x0, 0x0, 0x0,
    0x5f, 0x60, 0x0, 0x0, 0x0, 0x5f, 0x60, 0x1,
    0x41, 0x0, 0x4f, 0x60, 0x8, 0xf3, 0x0, 0x1f,
    0xb0, 0xc, 0xf0, 0x0, 0xb, 0xfb, 0xcf, 0x90,
    0x0, 0x0, 0xae, 0xe9, 0x0,

    /* U+0075 "u" */
    0x9f, 0x20, 0x0, 0x2f, 0x99, 0xf2, 0x0, 0x2,
    0xf9, 0x9f, 0x20, 0x0, 0x2f, 0x99, 0xf2, 0x0,
    0x2, 0xf9, 0x9f, 0x20, 0x0, 0x2f, 0x99, 0xf2,
    0x0, 0x2, 0xf9, 0x9f, 0x20, 0x0, 0x2f, 0x99,
    0xf2, 0x0, 0x2, 0xf9, 0x8f, 0x40, 0x0, 0x4f,
    0x94, 0xfb, 0x0, 0xb, 0xf9, 0xd, 0xfd, 0xad,
    0x9f, 0x90, 0x1b, 0xfe, 0x72, 0xf9,

    /* U+0076 "v" */
    0xe, 0xe0, 0x0, 0x0, 0xee, 0x0, 0x9f, 0x20,
    0x0, 0x2f, 0x90, 0x4, 0xf7, 0x0, 0x7, 0xf4,
    0x0, 0xf, 0xb0, 0x0, 0xbf, 0x0, 0x0, 0xbf,
    0x0, 0xf, 0xb0, 0x0, 0x6, 0xf4, 0x4, 0xf6,
    0x0, 0x0, 0x1f, 0x80, 0x8f, 0x10, 0x0, 0x0,
    0xdd, 0xd, 0xd0, 0x0, 0x0, 0x8, 0xf3, 0xf8,
    0x0, 0x0, 0x0, 0x3f, 0xcf, 0x30, 0x0, 0x0,
    0x0, 0xef, 0xe0, 0x0, 0x0, 0x0, 0xa, 0xfa,
    0x0, 0x0,

    /* U+0077 "w" */
    0x2f, 0x70, 0x0, 0x0, 0x7f, 0x20, 0xf9, 0x0,
    0x0, 0x9, 0xf0, 0xd, 0xb0, 0x0, 0x0, 0xbd,
    0x0, 0xbd, 0x3, 0xa3, 0xd, 0xa0, 0x8, 0xe0,
    0x7f, 0x70, 0xe8, 0x0, 0x6f, 0xb, 0xeb, 0xf,
    0x50, 0x3, 0xf2, 0xe8, 0xe2, 0xf3, 0x0, 0x1f,
    0x5f, 0x2f, 0x5f, 0x0, 0x0, 0xea, 0xd0, 0xea,
    0xe0, 0x0, 0xc, 0xfa, 0xa, 0xfb, 0x0, 0x0,
    0x9f, 0x70, 0x7f, 0x90, 0x0, 0x7, 0xf4, 0x4,
    0xf6, 0x0,

    /* U+0078 "x" */
    0x8f, 0x70, 0x0, 0x7f, 0x80, 0xee, 0x0, 0xe,
    0xe0, 0x6, 0xf8, 0x8, 0xf6, 0x0, 0xd, 0xf2,
    0xfd, 0x0, 0x0, 0x4f, 0xef, 0x40, 0x0, 0x0,
    0xbf, 0xb0, 0x0, 0x0, 0xb, 0xfb, 0x0, 0x0,
    0x4, 0xfe, 0xf4, 0x0, 0x0, 0xdf, 0x2f, 0xd0,
    0x0, 0x6f, 0x80, 0x8f, 0x60, 0xe, 0xe0, 0x0,
    0xee, 0x8, 0xf7, 0x0, 0x7, 0xf8,

    /* U+0079 "y" */
    0xbf, 0x0, 0x0, 0xf, 0xb7, 0xf4, 0x0, 0x4,
    0xf7, 0x2f, 0x80, 0x0, 0x8f, 0x20, 0xed, 0x0,
    0xd, 0xe0, 0x9, 0xf1, 0x1, 0xf9, 0x0, 0x5f,
    0x50, 0x5f, 0x50, 0x0, 0xf9, 0x9, 0xf1, 0x0,
    0xc, 0xd0, 0xdc, 0x0, 0x0, 0x7f, 0x3f, 0x70,
    0x0, 0x3, 0xfc, 0xf3, 0x0, 0x0, 0xe, 0xfe,
    0x0, 0x0, 0x0, 0xaf, 0xa0, 0x0, 0x0, 0x7,
    0xf5, 0x0, 0x0, 0x0, 0xbf, 0x10, 0x0, 0x0,
    0xf, 0xc0, 0x0, 0x0, 0x4, 0xf8, 0x0, 0x0,
    0x0, 0x8f, 0x30, 0x0, 0x0,

    /* U+007A "z" */
    0x9f, 0xff, 0xff, 0xff, 0x95, 0x99, 0x99, 0x9c,
    0xf8, 0x0, 0x0, 0x0, 0xde, 0x10, 0x0, 0x0,
    0xaf, 0x30, 0x0, 0x0, 0x5f, 0x80, 0x0, 0x0,
    0x2f, 0xc0, 0x0, 0x0, 0xc, 0xf2, 0x0, 0x0,
    0x8, 0xf5, 0x0, 0x0, 0x3, 0xfa, 0x0, 0x0,
    0x1, 0xed, 0x0, 0x0, 0x0, 0x8f, 0xc9, 0x99,
    0x99, 0x59, 0xff, 0xff, 0xff, 0xf9,

    /* U+007B "{" */
    0x0, 0x0, 0x3, 0x77, 0x0, 0x0, 0xbf, 0xfc,
    0x0, 0xb, 0xf9, 0x20, 0x0, 0x1f, 0xb0, 0x0,
    0x0, 0x3f, 0x70, 0x0, 0x0, 0x2f, 0xa0, 0x0,
    0x0, 0xd, 0xf1, 0x0, 0x0, 0x7, 0xf5, 0x0,
    0x0, 0x4, 0xf7, 0x0, 0x0, 0x6, 0xf5, 0x0,
    0x0, 0x5f, 0xd0, 0x0, 0x2f, 0xfc, 0x10, 0x0,
    0x1a, 0xef, 0x60, 0x0, 0x0, 0xc, 0xf2, 0x0,
    0x0, 0x4, 0xf6, 0x0, 0x0, 0x4, 0xf7, 0x0,
    0x0, 0xa, 0xf3, 0x0, 0x0, 0xf, 0xd0, 0x0,
    0x0, 0x3f, 0x80, 0x0, 0x0, 0x3f, 0x80, 0x0,
    0x0, 0xe, 0xf3, 0x0, 0x0, 0x4, 0xff, 0xc7,
    0x0, 0x0, 0x29, 0xec,

    /* U+007C "|" */
    0x5f, 0x55, 0xf5, 0x5f, 0x55, 0xf5, 0x5f, 0x55,
    0xf5, 0x5f, 0x55, 0xf5, 0x5f, 0x55, 0xf5, 0x5f,
    0x55, 0xf5, 0x5f, 0x55, 0xf5, 0x5f, 0x55, 0xf5,
    0x5f, 0x55, 0xf5, 0x5f, 0x55, 0xf5, 0x5f, 0x55,
    0xf5,

    /* U+007D "}" */
    0x77, 0x30, 0x0, 0x0, 0xcf, 0xfb, 0x0, 0x0,
    0x2, 0x9f, 0xa0, 0x0, 0x0, 0xb, 0xf1, 0x0,
    0x0, 0x7, 0xf3, 0x0, 0x0, 0xa, 0xf1, 0x0,
    0x0, 0x1f, 0xd0, 0x0, 0x0, 0x6f, 0x70, 0x0,
    0x0, 0x7f, 0x30, 0x0, 0x0, 0x5f, 0x60, 0x0,
    0x0, 0xd, 0xf5, 0x0, 0x0, 0x1, 0xcf, 0xf2,
    0x0, 0x6, 0xfe, 0xa1, 0x0, 0x2f, 0xc0, 0x0,
    0x0, 0x6f, 0x40, 0x0, 0x0, 0x7f, 0x40, 0x0,
    0x0, 0x4f, 0x90, 0x0, 0x0, 0xd, 0xf0, 0x0,
    0x0, 0x8, 0xf3, 0x0, 0x0, 0x9, 0xf2, 0x0,
    0x0, 0x3f, 0xe0, 0x0, 0x7c, 0xff, 0x40, 0x0,
    0xce, 0x92, 0x0, 0x0,

    /* U+007E "~" */
    0x0, 0x4e, 0xd2, 0x0, 0x5b, 0x20, 0x1f, 0xde,
    0xc0, 0xb, 0xf0, 0x9, 0xf3, 0x6f, 0x63, 0xf9,
    0x0, 0xfb, 0x0, 0xde, 0xdf, 0x10, 0x2b, 0x50,
    0x2, 0xde, 0x40, 0x0,

    /* U+00B0 "°" */
    0x0, 0x1, 0x0, 0x0, 0x3e, 0xfe, 0x30, 0xd,
    0xd6, 0xdc, 0x0, 0xf7, 0x7, 0xf0, 0xe, 0xb2,
    0xbd, 0x0, 0x5f, 0xff, 0x50, 0x0, 0x24, 0x20,
    0x0,

    /* U+00D7 "×" */
    0x9, 0x10, 0x0, 0x0, 0x19, 0x3, 0xfd, 0x10,
    0x0, 0x1d, 0xf3, 0x4, 0xfd, 0x10, 0x1d, 0xf4,
    0x0, 0x5, 0xfd, 0x2d, 0xf5, 0x0, 0x0, 0x5,
    0xff, 0xf5, 0x0, 0x0, 0x0, 0xd, 0xfd, 0x0,
    0x0, 0x0, 0xb, 0xfa, 0xfb, 0x0, 0x0, 0xb,
    0xf7, 0x7, 0xfb, 0x0, 0xa, 0xf7, 0x0, 0x7,
    0xfa, 0x3, 0xf7, 0x0, 0x0, 0x7, 0xf3, 0x2,
    0x0, 0x0, 0x0, 0x2, 0x0,

    /* U+00F7 "÷" */
    0x0, 0x0, 0x0, 0x0, 0x0, 0x0, 0x9f, 0x90,
    0x0, 0x0, 0xf, 0xfe, 0x0, 0x0, 0x0, 0x9f,
    0x80, 0x0, 0x0, 0x0, 0x0, 0x0, 0x4, 0x88,
    0x88, 0x88, 0x84, 0x9f, 0xff, 0xff, 0xff, 0x90,
    0x0, 0x0, 0x0, 0x0, 0x0, 0x0, 0x0, 0x0,
    0x0, 0x0, 0x9f, 0x90, 0x0, 0x0, 0xf, 0xfe,
    0x0, 0x0, 0x0, 0x9f, 0x90, 0x0,

    /* U+0410 "А" */
    0x0, 0x0, 0x9f, 0x90, 0x0, 0x0, 0x0, 0xc,
    0xfc, 0x0, 0x0, 0x0, 0x0, 0xff, 0xf0, 0x0,
    0x0, 0x0, 0x3f, 0xbf, 0x30, 0x0, 0x0, 0x6,
    0xf5, 0xf6, 0x0, 0x0, 0x0, 0xaf, 0xf, 0xa0,
    0x0, 0x0, 0xd, 0xc0, 0xcd, 0x0, 0x0, 0x0,
    0xf9, 0x9, 0xf0, 0x0, 0x0, 0x4f, 0x50, 0x6f,
    0x40, 0x0, 0x7, 0xf2, 0x2, 0xf7, 0x0, 0x0,
    0xaf, 0x0, 0xf, 0xa0, 0x0, 0xe, 0xff, 0xff,
    0xfe, 0x0, 0x1, 0xfc, 0x99, 0x9c, 0xf1, 0x0,
    0x4f, 0x60, 0x0, 0x6f, 0x40, 0x8, 0xf3, 0x0,
    0x3, 0xf8, 0x0, 0xbf, 0x0, 0x0, 0xf, 0xb0,
    0xe, 0xd0, 0x0, 0x0, 0xde, 0x0,

    /* U+0411 "Б" */
    0x9f, 0xff, 0xff, 0xfc, 0x9, 0xfa, 0x99, 0x99,
    0x70, 0x9f, 0x20, 0x0, 0x0, 0x9, 0xf2, 0x0,
    0x0, 0x0, 0x9f, 0x20, 0x0, 0x0, 0x9, 0xf2,
    0x0, 0x0, 0x0, 0x9f, 0x20, 0x0, 0x0, 0x9,
    0xff, 0xff, 0xe8, 0x0, 0x9f, 0xa9, 0x9d, 0xfb,
    0x9, 0xf2, 0x0, 0xa, 0xf5, 0x9f, 0x20, 0x0,
    0x2f, 0x99, 0xf2, 0x0, 0x0, 0xfb, 0x9f, 0x20,
    0x0, 0xf, 0xb9, 0xf2, 0x0, 0x2, 0xf9, 0x9f,
    0x20, 0x0, 0xaf, 0x59, 0xfa, 0x99, 0xcf, 0xb0,
    0x9f, 0xff, 0xfe, 0x80, 0x0,

    /* U+0412 "В" */
    0x9f, 0xff, 0xfc, 0x50, 0x9, 0xfa, 0x9a, 0xef,
    0x70, 0x9f, 0x20, 0x1, 0xef, 0x9, 0xf2, 0x0,
    0x7, 0xf4, 0x9f, 0x20, 0x0, 0x6f, 0x59, 0xf2,
    0x0, 0x7, 0xf4, 0x9f, 0x20, 0x1, 0xee, 0x9,
    0xfa, 0x9a, 0xef, 0x40, 0x9f, 0xff, 0xff, 0xc2,
    0x9, 0xf2, 0x0, 0x4d, 0xe2, 0x9f, 0x20, 0x0,
    0x2f, 0x99, 0xf2, 0x0, 0x0, 0xdd, 0x9f, 0x20,
    0x0, 0xc, 0xe9, 0xf2, 0x0, 0x0, 0xfc, 0x9f,
    0x20, 0x0, 0x9f, 0x79, 0xfa, 0x99, 0xdf, 0xc0,
    0x9f, 0xff, 0xfd, 0x80, 0x0,

    /* U+0413 "Г" */
    0xef, 0xff, 0xff, 0xfc, 0xee, 0x99, 0x99, 0x97,
    0xed, 0x0, 0x0, 0x0, 0xed, 0x0, 0x0, 0x0,
    0xed, 0x0, 0x0, 0x0, 0xed, 0x0, 0x0, 0x0,
    0xed, 0x0, 0x0, 0x0, 0xed, 0x0, 0x0, 0x0,
    0xed, 0x0, 0x0, 0x0, 0xed, 0x0, 0x0, 0x0,
    0xed, 0x0, 0x0, 0x0, 0xed, 0x0, 0x0, 0x0,
    0xed, 0x0, 0x0, 0x0, 0xed, 0x0, 0x0, 0x0,
    0xed, 0x0, 0x0, 0x0, 0xed, 0x0, 0x0, 0x0,
    0xed, 0x0, 0x0, 0x0,

    /* U+0414 "Д" */
    0x0, 0x9f, 0xff, 0xff, 0xf3, 0x0, 0x9, 0xf9,
    0x99, 0xcf, 0x30, 0x0, 0x9f, 0x0, 0x6, 0xf3,
    0x0, 0x9, 0xf0, 0x0, 0x6f, 0x30, 0x0, 0x9f,
    0x0, 0x6, 0xf3, 0x0, 0x9, 0xf0, 0x0, 0x6f,
    0x30, 0x0, 0x9f, 0x0, 0x6, 0xf3, 0x0, 0x9,
    0xf0, 0x0, 0x6f, 0x30, 0x0, 0xaf, 0x0, 0x6,
    0xf3, 0x0, 0xa, 0xf0, 0x0, 0x6f, 0x30, 0x0,
    0xbe, 0x0, 0x6, 0xf3, 0x0, 0xd, 0xc0, 0x0,
    0x6f, 0x30, 0x0, 0xfa, 0x0, 0x6, 0xf3, 0x0,
    0x2f, 0x80, 0x0, 0x6f, 0x30, 0x6, 0xf4, 0x0,
    0x6, 0xf3, 0x1, 0xdf, 0xa9, 0x99, 0xcf, 0xb1,
    0x3f, 0xff, 0xff, 0xff, 0xff, 0x33, 0xf8, 0x0,
    0x0, 0x8, 0xf3, 0x3f, 0x80, 0x0, 0x0, 0x8f,
    0x33, 0xf8, 0x0, 0x0, 0x8, 0xf3, 0x19, 0x40,
    0x0, 0x0, 0x49, 0x10,

    /* U+0415 "Е" */
    0x6f, 0xff, 0xff, 0xff, 0x96, 0xfb, 0x99, 0x99,
    0x95, 0x6f, 0x40, 0x0, 0x0, 0x6, 0xf4, 0x0,
    0x0, 0x0, 0x6f, 0x40, 0x0, 0x0, 0x6, 0xf4,
    0x0, 0x0, 0x0, 0x6f, 0x40, 0x0, 0x0, 0x6,
    0xfb, 0x99, 0x99, 0x30, 0x6f, 0xff, 0xff, 0xf5,
    0x6, 0xf4, 0x0, 0x0, 0x0, 0x6f, 0x40, 0x0,
    0x0, 0x6, 0xf4, 0x0, 0x0, 0x0, 0x6f, 0x40,
    0x0, 0x0, 0x6, 0xf4, 0x0, 0x0, 0x0, 0x6f,
    0x40, 0x0, 0x0, 0x6, 0xfb, 0x99, 0x99, 0x95,
    0x6f, 0xff, 0xff, 0xff, 0x90,

    /* U+0416 "Ж" */
    0x4f, 0x40, 0x4f, 0x40, 0x4f, 0x40, 0xf8, 0x4,
    0xf4, 0x8, 0xf0, 0xc, 0xc0, 0x4f, 0x40, 0xcc,
    0x0, 0x8f, 0x4, 0xf4, 0xf, 0x80, 0x5, 0xf4,
    0x4f, 0x44, 0xf4, 0x0, 0x1f, 0x84, 0xf4, 0x8f,
    0x10, 0x0, 0xdc, 0x4f, 0x4c, 0xd0, 0x0, 0x9,
    0xf6, 0xf6, 0xf9, 0x0, 0x0, 0x6f, 0xff, 0xff,
    0x50, 0x0, 0x8, 0xf8, 0xf8, 0xf8, 0x0, 0x0,
    0xcc, 0x4f, 0x4c, 0xc0, 0x0, 0xf, 0x84, 0xf4,
    0x8f, 0x0, 0x4, 0xf4, 0x4f, 0x44, 0xf4, 0x0,
    0x8f, 0x4, 0xf4, 0xf, 0x80, 0xc, 0xc0, 0x4f,
    0x40, 0xcc, 0x0, 0xf8, 0x4, 0xf4, 0x8, 0xf0,
    0x4f, 0x40, 0x4f, 0x40, 0x4f, 0x40,

    /* U+0417 "З" */
    0x0, 0x8d, 0xfe, 0x80, 0x0, 0xaf, 0xda, 0xdf,
    0xb0, 0x2f, 0xc0, 0x0, 0xbf, 0x36, 0xf5, 0x0,
    0x4, 0xf7, 0x13, 0x0, 0x0, 0x2f, 0x90, 0x0,
    0x0, 0x3, 0xf7, 0x0, 0x0, 0x0, 0xbf, 0x30,
    0x0, 0x69, 0xdf, 0x70, 0x0, 0xb, 0xff, 0xe4,
    0x0, 0x0, 0x0, 0x2c, 0xf3, 0x0, 0x0, 0x0,
    0x1f, 0xa0, 0x0, 0x0, 0x0, 0xde, 0x22, 0x0,
    0x0, 0xc, 0xeb, 0xf0, 0x0, 0x0, 0xfc, 0x7f,
    0x80, 0x0, 0x7f, 0x70, 0xdf, 0xca, 0xcf, 0xd0,
    0x1, 0x9e, 0xfe, 0x91, 0x0,

    /* U+0418 "И" */
    0x9f, 0x20, 0x0, 0xaf, 0x99, 0xf2, 0x0, 0xe,
    0xf9, 0x9f, 0x20, 0x4, 0xff, 0x99, 0xf2, 0x0,
    0x9e, 0xf9, 0x9f, 0x20, 0xe, 0x8f, 0x99, 0xf2,
    0x4, 0xf3, 0xf9, 0x9f, 0x10, 0x9e, 0xf, 0x99,
    0xf1, 0xe, 0x91, 0xf9, 0x9f, 0x14, 0xf4, 0x1f,
    0x99, 0xf0, 0x9e, 0x1, 0xf9, 0x9f, 0xe, 0x90,
    0x1f, 0x99, 0xf3, 0xf4, 0x2, 0xf9, 0x9f, 0x9e,
    0x0, 0x2f, 0x99, 0xee, 0x90, 0x2, 0xf9, 0x9f,
    0xf4, 0x0, 0x2f, 0x99, 0xfe, 0x0, 0x2, 0xf9,
    0x9f, 0xa0, 0x0, 0x2f, 0x90,

    /* U+0419 "Й" */
    0x6, 0x50, 0x0, 0x56, 0x0, 0xbf, 0x52, 0x5f,
    0xb0, 0x2, 0xdf, 0xff, 0xd2, 0x0, 0x0, 0x34,
    0x30, 0x0, 0x0, 0x0, 0x0, 0x0, 0x9, 0xf2,
    0x0, 0xa, 0xf9, 0x9f, 0x20, 0x0, 0xef, 0x99,
    0xf2, 0x0, 0x4f, 0xf9, 0x9f, 0x20, 0x9, 0xef,
    0x99, 0xf2, 0x0, 0xe8, 0xf9, 0x9f, 0x20, 0x4f,
    0x3f, 0x99, 0xf1, 0x9, 0xe0, 0xf9, 0x9f, 0x10,
    0xe9, 0x1f, 0x99, 0xf1, 0x4f, 0x41, 0xf9, 0x9f,
    0x9, 0xe0, 0x1f, 0x99, 0xf0, 0xe9, 0x1, 0xf9,
    0x9f, 0x3f, 0x40, 0x2f, 0x99, 0xf9, 0xe0, 0x2,
    0xf9, 0x9e, 0xe9, 0x0, 0x2f, 0x99, 0xff, 0x40,
    0x2, 0xf9, 0x9f, 0xe0, 0x0, 0x2f, 0x99, 0xfa,
    0x0, 0x2, 0xf9,

    /* U+041A "К" */
    0x3f, 0x70, 0x0, 0x4f, 0x93, 0xf7, 0x0, 0xb,
    0xf2, 0x3f, 0x70, 0x2, 0xfa, 0x3, 0xf7, 0x0,
    0x9f, 0x30, 0x3f, 0x70, 0xf, 0xc0, 0x3, 0xf7,
    0x7, 0xf5, 0x0, 0x3f, 0x70, 0xde, 0x0, 0x3,
    0xf7, 0x4f, 0x70, 0x0, 0x3f, 0xff, 0xf1, 0x0,
    0x3, 0xfc, 0xcf, 0x30, 0x0, 0x3f, 0x71, 0xfb,
    0x0, 0x3, 0xf7, 0xa, 0xf2, 0x0, 0x3f, 0x70,
    0x2f, 0xa0, 0x3, 0xf7, 0x0, 0xbf, 0x20, 0x3f,
    0x70, 0x3, 0xf9, 0x3, 0xf7, 0x0, 0xc, 0xf1,
    0x3f, 0x70, 0x0, 0x4f, 0x80,

    /* U+041B "Л" */
    0x0, 0xff, 0xff, 0xff, 0xf9, 0x0, 0xfe, 0x99,
    0x9a, 0xf9, 0x0, 0xfb, 0x0, 0x2, 0xf9, 0x0,
    0xfb, 0x0, 0x2, 0xf9, 0x0, 0xfb, 0x0, 0x2,
    0xf9, 0x0, 0xfb, 0x0, 0x2, 0xf9, 0x0, 0xfb,
    0x0, 0x2, 0xf9, 0x0, 0xfb, 0x0, 0x2, 0xf9,
    0x0, 0xfb, 0x0, 0x2, 0xf9, 0x0, 0xfb, 0x0,
    0x2, 0xf9, 0x0, 0xfb, 0x0, 0x2, 0xf9, 0x0,
    0xfb, 0x0, 0x2, 0xf9, 0x1, 0xfa, 0x0, 0x2,
    0xf9, 0x3, 0xf8, 0x0, 0x2, 0xf9, 0x7, 0xf4,
    0x0, 0x2, 0xf9, 0x6f, 0xd0, 0x0, 0x2, 0xf9,
    0x9c, 0x20, 0x0, 0x2, 0xf9,

    /* U+041C "М" */
    0xef, 0x50, 0x0, 0x5f, 0xee, 0xf9, 0x0, 0x9,
    0xfe, 0xef, 0xd0, 0x0, 0xdf, 0xee, 0xef, 0x10,
    0x1f, 0xee, 0xea, 0xf5, 0x5, 0xfa, 0xee, 0xac,
    0x90, 0x9c, 0xae, 0xea, 0x8d, 0xd, 0x8a, 0xee,
    0xa4, 0xf3, 0xf4, 0xbe, 0xeb, 0xf, 0xbf, 0xb,
    0xee, 0xb0, 0xcf, 0xc0, 0xbe, 0xeb, 0x8, 0xf8,
    0xb, 0xee, 0xb0, 0x4e, 0x40, 0xbe, 0xeb, 0x0,
    0x0, 0xc, 0xee, 0xc0, 0x0, 0x0, 0xce, 0xec,
    0x0, 0x0, 0xc, 0xee, 0xc0, 0x0, 0x0, 0xce,
    0xec, 0x0, 0x0, 0xc, 0xe0,

    /* U+041D "Н" */
    0x9f, 0x20, 0x0, 0x2f, 0x99, 0xf2, 0x0, 0x2,
    0xf9, 0x9f, 0x20, 0x0, 0x2f, 0x99, 0xf2, 0x0,
    0x2, 0xf9, 0x9f, 0x20, 0x0, 0x2f, 0x99, 0xf2,
    0x0, 0x2, 0xf9, 0x9f, 0x20, 0x0, 0x2f, 0x99,
    0xfa, 0x99, 0x9a, 0xf9, 0x9f, 0xff, 0xff, 0xff,
    0x99, 0xf2, 0x0, 0x2, 0xf9, 0x9f, 0x20, 0x0,
    0x2f, 0x99, 0xf2, 0x0, 0x2, 0xf9, 0x9f, 0x20,
    0x0, 0x2f, 0x99, 0xf2, 0x0, 0x2, 0xf9, 0x9f,
    0x20, 0x0, 0x2f, 0x99, 0xf2, 0x0, 0x2, 0xf9,
    0x9f, 0x20, 0x0, 0x2f, 0x90,

    /* U+041E "О" */
    0x0, 0x9e, 0xfe, 0x90, 0x0, 0xcf, 0xc9, 0xcf,
    0xc0, 0x6f, 0x90, 0x0, 0x9f, 0x6a, 0xf1, 0x0,
    0x1, 0xfa, 0xcf, 0x0, 0x0, 0xf, 0xbc, 0xf0,
    0x0, 0x0, 0xfc, 0xcf, 0x0, 0x0, 0xf, 0xcc,
    0xf0, 0x0, 0x0, 0xfc, 0xcf, 0x0, 0x0, 0xf,
    0xcc, 0xf0, 0x0, 0x0, 0xfc, 0xcf, 0x0, 0x0,
    0xf, 0xcc, 0xf0, 0x0, 0x0, 0xfc, 0xcf, 0x0,
    0x0, 0xf, 0xba, 0xf1, 0x0, 0x1, 0xfa, 0x6f,
    0x90, 0x0, 0x9f, 0x60, 0xcf, 0xc9, 0xcf, 0xc0,
    0x0, 0x9e, 0xfe, 0x90, 0x0,

    /* U+041F "П" */
    0x9f, 0xff, 0xff, 0xff, 0x99, 0xfa, 0x99, 0x9a,
    0xf9, 0x9f, 0x20, 0x0, 0x2f, 0x99, 0xf2, 0x0,
    0x2, 0xf9, 0x9f, 0x20, 0x0, 0x2f, 0x99, 0xf2,
    0x0, 0x2, 0xf9, 0x9f, 0x20, 0x0, 0x2f, 0x99,
    0xf2, 0x0, 0x2, 0xf9, 0x9f, 0x20, 0x0, 0x2f,
    0x99, 0xf2, 0x0, 0x2, 0xf9, 0x9f, 0x20, 0x0,
    0x2f, 0x99, 0xf2, 0x0, 0x2, 0xf9, 0x9f, 0x20,
    0x0, 0x2f, 0x99, 0xf2, 0x0, 0x2, 0xf9, 0x9f,
    0x20, 0x0, 0x2f, 0x99, 0xf2, 0x0, 0x2, 0xf9,
    0x9f, 0x20, 0x0, 0x2f, 0x90,

    /* U+0420 "Р" */
    0x3f, 0xff, 0xfe, 0x91, 0x3, 0xfc, 0x99, 0xcf,
    0xd0, 0x3f, 0x70, 0x0, 0x8f, 0x73, 0xf7, 0x0,
    0x0, 0xfc, 0x3f, 0x70, 0x0, 0xc, 0xe3, 0xf7,
    0x0, 0x0, 0xce, 0x3f, 0x70, 0x0, 0xf, 0xc3,
    0xf7, 0x0, 0x8, 0xf7, 0x3f, 0xc9, 0x9c, 0xfd,
    0x3, 0xff, 0xff, 0xe9, 0x10, 0x3f, 0x70, 0x0,
    0x0, 0x3, 0xf7, 0x0, 0x0, 0x0, 0x3f, 0x70,
    0x0, 0x0, 0x3, 0xf7, 0x0, 0x0, 0x0, 0x3f,
    0x70, 0x0, 0x0, 0x3, 0xf7, 0x0, 0x0, 0x0,
    0x3f, 0x70, 0x0, 0x0, 0x0,

    /* U+0421 "С" */
    0x1, 0x9e, 0xfe, 0x80, 0x0, 0xdf, 0xda, 0xdf,
    0xc0, 0x6f, 0x90, 0x0, 0xaf, 0x5a, 0xf1, 0x0,
    0x2, 0xf9, 0xcf, 0x0, 0x0, 0x4, 0x2c, 0xf0,
    0x0, 0x0, 0x0, 0xcf, 0x0, 0x0, 0x0, 0xc,
    0xf0, 0x0, 0x0, 0x0, 0xcf, 0x0, 0x0, 0x0,
    0xc, 0xf0, 0x0, 0x0, 0x0, 0xcf, 0x0, 0x0,
    0x0, 0xc, 0xf0, 0x0, 0x0, 0x0, 0xcf, 0x0,
    0x0, 0x3, 0x2a, 0xf1, 0x0, 0x3, 0xf9, 0x6f,
    0x90, 0x0, 0xaf, 0x50, 0xdf, 0xda, 0xdf, 0xc0,
    0x1, 0x9e, 0xfe, 0x80, 0x0,

    /* U+0422 "Т" */
    0xbf, 0xff, 0xff, 0xff, 0xb6, 0x99, 0xbf, 0xb9,
    0x96, 0x0, 0x5, 0xf5, 0x0, 0x0, 0x0, 0x5f,
    0x50, 0x0, 0x0, 0x5, 0xf5, 0x0, 0x0, 0x0,
    0x5f, 0x50, 0x0, 0x0, 0x5, 0xf5, 0x0, 0x0,
    0x0, 0x5f, 0x50, 0x0, 0x0, 0x5, 0xf5, 0x0,
    0x0, 0x0, 0x5f, 0x50, 0x0, 0x0, 0x5, 0xf5,
    0x0, 0x0, 0x0, 0x5f, 0x50, 0x0, 0x0, 0x5,
    0xf5, 0x0, 0x0, 0x0, 0x5f, 0x50, 0x0, 0x0,
    0x5, 0xf5, 0x0, 0x0, 0x0, 0x5f, 0x50, 0x0,
    0x0, 0x5, 0xf5, 0x0, 0x0,

    /* U+0423 "У" */
    0xbf, 0x0, 0x0, 0xf, 0xb7, 0xf4, 0x0, 0x4,
    0xf7, 0x2f, 0x80, 0x0, 0x8f, 0x20, 0xed, 0x0,
    0xd, 0xe0, 0x9, 0xf1, 0x1, 0xf9, 0x0, 0x5f,
    0x50, 0x5f, 0x50, 0x0, 0xf9, 0x9, 0xf1, 0x0,
    0xc, 0xd0, 0xdc, 0x0, 0x0, 0x7f, 0x3f, 0x70,
    0x0, 0x3, 0xfc, 0xf3, 0x0, 0x0, 0xe, 0xfe,
    0x0, 0x0, 0x0, 0xaf, 0xa0, 0x0, 0x0, 0x7,
    0xf5, 0x0, 0x0, 0x0, 0xbf, 0x10, 0x0, 0x0,
    0xf, 0xc0, 0x0, 0x0, 0x4, 0xf8, 0x0, 0x0,
    0x0, 0x8f, 0x30, 0x0, 0x0,

    /* U+0424 "Ф" */
    0x0, 0x0, 0x5f, 0x50, 0x0, 0x0, 0x0, 0x6,
    0xf6, 0x0, 0x0, 0x0, 0x7f, 0xff, 0xff, 0x70,
    0x0, 0x5f, 0xb8, 0xf8, 0xbf, 0x50, 0xc, 0xe0,
    0x4f, 0x40, 0xec, 0x0, 0xf9, 0x4, 0xf4, 0xa,
    0xf0, 0xf, 0x80, 0x4f, 0x40, 0x8f, 0x0, 0xf8,
    0x4, 0xf4, 0x8, 0xf0, 0xf, 0x80, 0x4f, 0x40,
    0x8f, 0x0, 0xf8, 0x4, 0xf4, 0x8, 0xf0, 0xf,
    0x80, 0x4f, 0x40, 0x8f, 0x0, 0xf9, 0x4, 0xf4,
    0x9, 0xf0, 0xd, 0xd0, 0x4f, 0x40, 0xdd, 0x0,
    0x7f, 0x86, 0xf6, 0x8f, 0x60, 0x0, 0xaf, 0xff,
    0xff, 0xa0, 0x0, 0x0, 0x28, 0xf8, 0x20, 0x0,
    0x0, 0x0, 0x5f, 0x50, 0x0, 0x0,

    /* U+0425 "Х" */
    0xbf, 0x20, 0x0, 0x2f, 0xb4, 0xf8, 0x0, 0x8,
    0xf4, 0xd, 0xe0, 0x0, 0xed, 0x0, 0x7f, 0x50,
    0x5f, 0x70, 0x1, 0xfb, 0xb, 0xf1, 0x0, 0x9,
    0xf4, 0xf9, 0x0, 0x0, 0x3f, 0xff, 0x30, 0x0,
    0x0, 0xcf, 0xc0, 0x0, 0x0, 0x7, 0xf7, 0x0,
    0x0, 0x0, 0xcf, 0xc0, 0x0, 0x0, 0x3f, 0xff,
    0x30, 0x0, 0xa, 0xf4, 0xfa, 0x0, 0x1, 0xfb,
    0xb, 0xf1, 0x0, 0x7f, 0x50, 0x5f, 0x70, 0xe,
    0xe0, 0x0, 0xee, 0x4, 0xf8, 0x0, 0x8, 0xf4,
    0xbf, 0x20, 0x0, 0x2f, 0xb0,

    /* U+0426 "Ц" */
    0x9f, 0x20, 0x0, 0x2f, 0x90, 0x9f, 0x20, 0x0,
    0x2f, 0x90, 0x9f, 0x20, 0x0, 0x2f, 0x90, 0x9f,
    0x20, 0x0, 0x2f, 0x90, 0x9f, 0x20, 0x0, 0x2f,
    0x90, 0x9f, 0x20, 0x0, 0x2f, 0x90, 0x9f, 0x20,
    0x0, 0x2f, 0x90, 0x9f, 0x20, 0x0, 0x2f, 0x90,
    0x9f, 0x20, 0x0, 0x2f, 0x90, 0x9f, 0x20, 0x0,
    0x2f, 0x90, 0x9f, 0x20, 0x0, 0x2f, 0x90, 0x9f,
    0x20, 0x0, 0x2f, 0x90, 0x9f, 0x20, 0x0, 0x2f,
    0x90, 0x9f, 0x20, 0x0, 0x2f, 0x90, 0x9f, 0x20,
    0x0, 0x2f, 0x90, 0x9f, 0xa9, 0x99, 0xaf, 0xd5,
    0x9f, 0xff, 0xff, 0xff, 0xf9, 0x0, 0x0, 0x0,
    0x0, 0xe9, 0x0, 0x0, 0x0, 0x0, 0xe9, 0x0,
    0x0, 0x0, 0x0, 0xe9, 0x0, 0x0, 0x0, 0x0,
    0x85,

    /* U+0427 "Ч" */
    0x9f, 0x20, 0x0, 0x2f, 0x99, 0xf2, 0x0, 0x2,
    0xf9, 0x9f, 0x20, 0x0, 0x2f, 0x99, 0xf2, 0x0,
    0x2, 0xf9, 0x9f, 0x20, 0x0, 0x2f, 0x99, 0xf2,
    0x0, 0x2, 0xf9, 0x9f, 0x20, 0x0, 0x2f, 0x99,
    0xf2, 0x0, 0x2, 0xf9, 0x8f, 0x30, 0x0, 0x2f,
    0x94, 0xfb, 0x0, 0x3, 0xf9, 0xb, 0xfe, 0xab,
    0xff, 0x90, 0x8, 0xdf, 0xeb, 0xf9, 0x0, 0x0,
    0x0, 0x2f, 0x90, 0x0, 0x0, 0x2, 0xf9, 0x0,
    0x0, 0x0, 0x2f, 0x90, 0x0, 0x0, 0x2, 0xf9,
    0x0, 0x0, 0x0, 0x2f, 0x90,

    /* U+0428 "Ш" */
    0xeb, 0x4, 0xf4, 0xb, 0xee, 0xb0, 0x4f, 0x40,
    0xbe, 0xeb, 0x4, 0xf4, 0xb, 0xee, 0xb0, 0x4f,
    0x40, 0xbe, 0xeb, 0x4, 0xf4, 0xb, 0xee, 0xb0,
    0x4f, 0x40, 0xbe, 0xeb, 0x4, 0xf4, 0xb, 0xee,
    0xb0, 0x4f, 0x40, 0xbe, 0xeb, 0x4, 0xf4, 0xb,
    0xee, 0xb0, 0x4f, 0x40, 0xbe, 0xeb, 0x4, 0xf4,
    0xb, 0xee, 0xb0, 0x4f, 0x40, 0xbe, 0xeb, 0x4,
    0xf4, 0xb, 0xee, 0xb0, 0x4f, 0x40, 0xbe, 0xeb,
    0x4, 0xf4, 0xb, 0xee, 0xe9, 0xbf, 0xb9, 0xee,
    0xef, 0xff, 0xff, 0xff, 0xe0,

    /* U+0429 "Щ" */
    0xeb, 0x4, 0xf4, 0xb, 0xe0, 0xeb, 0x4, 0xf4,
    0xb, 0xe0, 0xeb, 0x4, 0xf4, 0xb, 0xe0, 0xeb,
    0x4, 0xf4, 0xb, 0xe0, 0xeb, 0x4, 0xf4, 0xb,
    0xe0, 0xeb, 0x4, 0xf4, 0xb, 0xe0, 0xeb, 0x4,
    0xf4, 0xb, 0xe0, 0xeb, 0x4, 0xf4, 0xb, 0xe0,
    0xeb, 0x4, 0xf4, 0xb, 0xe0, 0xeb, 0x4, 0xf4,
    0xb, 0xe0, 0xeb, 0x4, 0xf4, 0xb, 0xe0, 0xeb,
    0x4, 0xf4, 0xb, 0xe0, 0xeb, 0x4, 0xf4, 0xb,
    0xe0, 0xeb, 0x4, 0xf4, 0xb, 0xe0, 0xeb, 0x4,
    0xf4, 0xb, 0xe0, 0xee, 0x9b, 0xfb, 0x9e, 0xf9,
    0xef, 0xff, 0xff, 0xff, 0xff, 0x0, 0x0, 0x0,
    0x0, 0x9f, 0x0, 0x0, 0x0, 0x0, 0x9f, 0x0,
    0x0, 0x0, 0x0, 0x9f, 0x0, 0x0, 0x0, 0x0,
    0x58,

    /* U+042A "Ъ" */
    0x7f, 0xff, 0x50, 0x0, 0x0, 0x49, 0xbf, 0x50,
    0x0, 0x0, 0x0, 0x6f, 0x50, 0x0, 0x0, 0x0,
    0x6f, 0x50, 0x0, 0x0, 0x0, 0x6f, 0x50, 0x0,
    0x0, 0x0, 0x6f, 0x50, 0x0, 0x0, 0x0, 0x6f,
    0x50, 0x0, 0x0, 0x0, 0x6f, 0xff, 0xea, 0x10,
    0x0, 0x6f, 0xb9, 0xbf, 0xc0, 0x0, 0x6f, 0x50,
    0x8, 0xf5, 0x0, 0x6f, 0x50, 0x2, 0xfa, 0x0,
    0x6f, 0x50, 0x0, 0xfb, 0x0, 0x6f, 0x50, 0x0,
    0xfb, 0x0, 0x6f, 0x50, 0x2, 0xfa, 0x0, 0x6f,
    0x50, 0x8, 0xf5, 0x0, 0x6f, 0xb9, 0xbf, 0xd0,
    0x0, 0x6f, 0xff, 0xea, 0x10,

    /* U+042B "Ы" */
    0xeb, 0x0, 0x0, 0xb, 0xee, 0xb0, 0x0, 0x0,
    0xbe, 0xeb, 0x0, 0x0, 0xb, 0xee, 0xb0, 0x0,
    0x0, 0xbe, 0xeb, 0x0, 0x0, 0xb, 0xee, 0xb0,
    0x0, 0x0, 0xbe, 0xeb, 0x10, 0x0, 0xb, 0xee,
    0xff, 0xe5, 0x0, 0xbe, 0xec, 0x5c, 0xf3, 0xb,
    0xee, 0xb0, 0x1f, 0xa0, 0xbe, 0xeb, 0x0, 0xbd,
    0xb, 0xee, 0xb0, 0xa, 0xf0, 0xbe, 0xeb, 0x0,
    0xaf, 0xb, 0xee, 0xb0, 0xc, 0xd0, 0xbe, 0xeb,
    0x2, 0xf9, 0xb, 0xee, 0xd8, 0xdf, 0x20, 0xbe,
    0xef, 0xfc, 0x40, 0xb, 0xe0,

    /* U+042C "Ь" */
    0x9f, 0x20, 0x0, 0x0, 0x9, 0xf2, 0x0, 0x0,
    0x0, 0x9f, 0x20, 0x0, 0x0, 0x9, 0xf2, 0x0,
    0x0, 0x0, 0x9f, 0x20, 0x0, 0x0, 0x9, 0xf2,
    0x0, 0x0, 0x0, 0x9f, 0x20, 0x0, 0x0, 0x9,
    0xff, 0xff, 0xe8, 0x0, 0x9f, 0xa9, 0x9d, 0xfb,
    0x9, 0xf2, 0x0, 0xa, 0xf5, 0x9f, 0x20, 0x0,
    0x2f, 0x99, 0xf2, 0x0, 0x0, 0xfb, 0x9f, 0x20,
    0x0, 0xf, 0xb9, 0xf2, 0x0, 0x2, 0xf9, 0x9f,
    0x20, 0x0, 0xaf, 0x59, 0xfa, 0x99, 0xcf, 0xb0,
    0x9f, 0xff, 0xfe, 0x80, 0x0,

    /* U+042D "Э" */
    0x0, 0x9e, 0xfe, 0x90, 0x0, 0xcf, 0xda, 0xdf,
    0xc0, 0x5f, 0x90, 0x0, 0x9f, 0x69, 0xf2, 0x0,
    0x1, 0xfa, 0x1, 0x0, 0x0, 0xf, 0xc0, 0x0,
    0x0, 0x0, 0xfc, 0x0, 0x0, 0x0, 0xf, 0xc0,
    0x0, 0x69, 0x99, 0xfc, 0x0, 0xb, 0xff, 0xff,
    0xc0, 0x0, 0x0, 0x0, 0xfc, 0x0, 0x0, 0x0,
    0xf, 0xc0, 0x0, 0x0, 0x0, 0xfc, 0x36, 0x0,
    0x0, 0xf, 0xc8, 0xf3, 0x0, 0x2, 0xfa, 0x4f,
    0xa0, 0x0, 0x9f, 0x60, 0xbf, 0xda, 0xdf, 0xc0,
    0x0, 0x8e, 0xfe, 0x90, 0x0,

    /* U+042E "Ю" */
    0xeb, 0x0, 0x9f, 0xe9, 0xe, 0xb0, 0x8f, 0x78,
    0xf7, 0xeb, 0xd, 0xc0, 0xc, 0xce, 0xb0, 0xeb,
    0x0, 0xbd, 0xeb, 0xe, 0xb0, 0xb, 0xee, 0xb0,
    0xeb, 0x0, 0xbe, 0xeb, 0xe, 0xb0, 0xb, 0xee,
    0xb2, 0xeb, 0x0, 0xbe, 0xef, 0xff, 0xb0, 0xb,
    0xee, 0xc5, 0xeb, 0x0, 0xbe, 0xeb, 0xe, 0xb0,
    0xb, 0xee, 0xb0, 0xeb, 0x0, 0xbe, 0xeb, 0xe,
    0xb0, 0xb, 0xee, 0xb0, 0xeb, 0x0, 0xbd, 0xeb,
    0xd, 0xd0, 0xd, 0xce, 0xb0, 0x8f, 0xaa, 0xf7,
    0xeb, 0x0, 0x9f, 0xe9, 0x0,

    /* U+042F "Я" */
    0x0, 0x8, 0xef, 0xff, 0xf9, 0x0, 0xbf, 0xc9,
    0x9a, 0xf9, 0x5, 0xf9, 0x0, 0x2, 0xf9, 0x9,
    0xf2, 0x0, 0x2, 0xf9, 0xb, 0xf0, 0x0, 0x2,
    0xf9, 0xb, 0xf0, 0x0, 0x2, 0xf9, 0xa, 0xf2,
    0x0, 0x2, 0xf9, 0x5, 0xf9, 0x0, 0x2, 0xf9,
    0x0, 0xbf, 0xc9, 0x9a, 0xf9, 0x0, 0x9, 0xff,
    0xff, 0xf9, 0x0, 0x1, 0xfc, 0x2, 0xf9, 0x0,
    0x9, 0xf4, 0x2, 0xf9, 0x0, 0x1f, 0xd0, 0x2,
    0xf9, 0x0, 0x7f, 0x50, 0x2, 0xf9, 0x0, 0xee,
    0x0, 0x2, 0xf9, 0x6, 0xf7, 0x0, 0x2, 0xf9,
    0xe, 0xe0, 0x0, 0x2, 0xf9,

    /* U+0430 "а" */
    0x2, 0xae, 0xfe, 0x91, 0x1, 0xef, 0xb9, 0xcf,
    0xd0, 0x7f, 0x60, 0x0, 0x9f, 0x54, 0x60, 0x0,
    0x3, 0xf8, 0x0, 0x0, 0x0, 0x2f, 0x90, 0x19,
    0xdf, 0xff, 0xf9, 0x2e, 0xfc, 0x99, 0xaf, 0x99,
    0xf5, 0x0, 0x2, 0xf9, 0xbf, 0x0, 0x0, 0x3f,
    0x9a, 0xf5, 0x0, 0xa, 0xf9, 0x4f, 0xfb, 0xad,
    0xaf, 0x90, 0x5c, 0xfe, 0x82, 0xf9,

    /* U+0431 "б" */
    0x0, 0x0, 0x0, 0x0, 0x0, 0x0, 0x2, 0x58,
    0xc7, 0x0, 0x7e, 0xff, 0xfd, 0x40, 0xaf, 0xc6,
    0x31, 0x0, 0x3f, 0xa0, 0x0, 0x0, 0x9, 0xf1,
    0x0, 0x0, 0x0, 0xbe, 0x8, 0xef, 0xb2, 0xc,
    0xd9, 0xc9, 0xcf, 0xe0, 0xcf, 0x80, 0x0, 0x9f,
    0x7c, 0xf1, 0x0, 0x1, 0xfa, 0xcf, 0x0, 0x0,
    0xf, 0xcc, 0xf0, 0x0, 0x0, 0xfc, 0xcf, 0x0,
    0x0, 0xf, 0xcc, 0xf0, 0x0, 0x0, 0xfb, 0xaf,
    0x10, 0x0, 0x1f, 0xa6, 0xf9, 0x0, 0x9, 0xf6,
    0xc, 0xfc, 0x9c, 0xfc, 0x0, 0x9, 0xef, 0xe9,
    0x0,

    /* U+0432 "в" */
    0x9f, 0xff, 0xfe, 0xa1, 0x9, 0xfa, 0x99, 0xbf,
    0xd0, 0x9f, 0x20, 0x0, 0x9f, 0x49, 0xf2, 0x0,
    0x6, 0xf5, 0x9f, 0x20, 0x2, 0xdf, 0x19, 0xff,
    0xff, 0xff, 0x50, 0x9f, 0xa9, 0x9a, 0xfe, 0x29,
    0xf2, 0x0, 0x2, 0xfb, 0x9f, 0x20, 0x0, 0xc,
    0xe9, 0xf2, 0x0, 0x2, 0xfc, 0x9f, 0xa9, 0x9a,
    0xff, 0x49, 0xff, 0xff, 0xfb, 0x40,

    /* U+0433 "г" */
    0xef, 0xff, 0xff, 0xfc, 0xee, 0x99, 0x99, 0x97,
    0xed, 0x0, 0x0, 0x0, 0xed, 0x0, 0x0, 0x0,
    0xed, 0x0, 0x0, 0x0, 0xed, 0x0, 0x0, 0x0,
    0xed, 0x0, 0x0, 0x0, 0xed, 0x0, 0x0, 0x0,
    0xed, 0x0, 0x0, 0x0, 0xed, 0x0, 0x0, 0x0,
    0xed, 0x0, 0x0, 0x0, 0xed, 0x0, 0x0, 0x0,

    /* U+0434 "д" */
    0x0, 0x9f, 0xff, 0xff, 0xf3, 0x0, 0x9, 0xf9,
    0x99, 0xcf, 0x30, 0x0, 0x9f, 0x0, 0x6, 0xf3,
    0x0, 0x9, 0xf0, 0x0, 0x6f, 0x30, 0x0, 0x9f,
    0x0, 0x6, 0xf3, 0x0, 0x9, 0xf0, 0x0, 0x6f,
    0x30, 0x0, 0xaf, 0x0, 0x6, 0xf3, 0x0, 0xc,
    0xd0, 0x0, 0x6f, 0x30, 0x0, 0xfb, 0x0, 0x6,
    0xf3, 0x0, 0x4f, 0x70, 0x0, 0x6f, 0x30, 0x1c,
    0xfa, 0x99, 0x9c, 0xfb, 0x13, 0xff, 0xff, 0xff,
    0xff, 0xf3, 0x3f, 0x80, 0x0, 0x0, 0x8f, 0x33,
    0xf8, 0x0, 0x0, 0x8, 0xf3, 0x3f, 0x80, 0x0,
    0x0, 0x8f, 0x31, 0x94, 0x0, 0x0, 0x4, 0x91,

    /* U+0435 "е" */
    0x0, 0x8e, 0xfe, 0x90, 0x0, 0xcf, 0xc9, 0xcf,
    0xd0, 0x6f, 0x80, 0x0, 0x8f, 0x6a, 0xf1, 0x0,
    0x1, 0xfa, 0xcf, 0x0, 0x0, 0xf, 0xcc, 0xff,
    0xff, 0xff, 0xfc, 0xcf, 0x99, 0x99, 0x99, 0x7c,
    0xf0, 0x0, 0x0, 0x0, 0xaf, 0x10, 0x0, 0x8,
    0x56, 0xf9, 0x0, 0x6, 0xf8, 0xc, 0xfc, 0x9b,
    0xfe, 0x10, 0x9, 0xef, 0xea, 0x10,

    /* U+0436 "ж" */
    0x3f, 0x60, 0x4f, 0x40, 0x6f, 0x30, 0xdc, 0x4,
    0xf4, 0xc, 0xd0, 0x8, 0xf1, 0x4f, 0x41, 0xf8,
    0x0, 0x2f, 0x74, 0xf4, 0x7f, 0x20, 0x0, 0xcd,
    0x5f, 0x5d, 0xc0, 0x0, 0x8, 0xff, 0xff, 0xf8,
    0x0, 0x0, 0xbe, 0x7f, 0x7e, 0xb0, 0x0, 0xf,
    0x94, 0xf4, 0x9f, 0x0, 0x5, 0xf4, 0x4f, 0x44,
    0xf5, 0x0, 0xaf, 0x4, 0xf4, 0xf, 0xa0, 0xe,
    0xa0, 0x4f, 0x40, 0xae, 0x4, 0xf5, 0x4, 0xf4,
    0x5, 0xf4,

    /* U+0437 "з" */
    0x1, 0xae, 0xfe, 0xa2, 0x0, 0xef, 0xc9, 0xbf,
    0xe1, 0x5f, 0x80, 0x0, 0x6f, 0x71, 0x30, 0x0,
    0x2, 0xf8, 0x0, 0x0, 0x2, 0xbf, 0x50, 0x0,
    0xbf, 0xff, 0x70, 0x0, 0x6, 0x9b, 0xfe, 0x20,
    0x0, 0x0, 0x2, 0xfb, 0x22, 0x0, 0x0, 0xd,
    0xea, 0xf2, 0x0, 0x3, 0xfc, 0x3f, 0xfb, 0x9b,
    0xff, 0x40, 0x3a, 0xef, 0xeb, 0x30,

    /* U+0438 "и" */
    0x9f, 0x20, 0x0, 0xcf, 0x99, 0xf2, 0x0, 0x3f,
    0xf9, 0x9f, 0x20, 0xa, 0xef, 0x99, 0xf2, 0x2,
    0xf7, 0xf9, 0x9f, 0x10, 0x9e, 0x1f, 0x99, 0xf1,
    0x1f, 0x81, 0xf9, 0x9f, 0x18, 0xf1, 0x1f, 0x99,
    0xf1, 0xe9, 0x1, 0xf9, 0x9f, 0x7f, 0x20, 0x2f,
    0x99, 0xfe, 0xa0, 0x2, 0xf9, 0x9f, 0xf3, 0x0,
    0x2f, 0x99, 0xfb, 0x0, 0x2, 0xf9,

    /* U+0439 "й" */
    0xd, 0xb0, 0x0, 0xbd, 0x0, 0x9f, 0x62, 0x6f,
    0x90, 0x1, 0xcf, 0xff, 0xc1, 0x0, 0x0, 0x24,
    0x20, 0x0, 0x0, 0x0, 0x0, 0x0, 0x9, 0xf2,
    0x0, 0xc, 0xf9, 0x9f, 0x20, 0x3, 0xff, 0x99,
    0xf2, 0x0, 0xae, 0xf9, 0x9f, 0x20, 0x2f, 0x7f,
    0x99, 0xf1, 0x9, 0xe1, 0xf9, 0x9f, 0x11, 0xf8,
    0x1f, 0x99, 0xf1, 0x8f, 0x11, 0xf9, 0x9f, 0x1e,
    0x90, 0x1f, 0x99, 0xf7, 0xf2, 0x2, 0xf9, 0x9f,
    0xea, 0x0, 0x2f, 0x99, 0xff, 0x30, 0x2, 0xf9,
    0x9f, 0xb0, 0x0, 0x2f, 0x90,

    /* U+043A "к" */
    0x3f, 0x70, 0x0, 0x8f, 0x73, 0xf7, 0x0, 0x1f,
    0xd0, 0x3f, 0x70, 0xa, 0xf4, 0x3, 0xf7, 0x3,
    0xfa, 0x0, 0x3f, 0x70, 0xcf, 0x20, 0x3, 0xfc,
    0xaf, 0x80, 0x0, 0x3f, 0xff, 0xf4, 0x0, 0x3,
    0xf7, 0x1e, 0xd0, 0x0, 0x3f, 0x70, 0x6f, 0x80,
    0x3, 0xf7, 0x0, 0xcf, 0x30, 0x3f, 0x70, 0x2,
    0xfc, 0x3, 0xf7, 0x0, 0x8, 0xf6,

    /* U+043B "л" */
    0x0, 0xff, 0xff, 0xff, 0xf9, 0x0, 0xfe, 0x99,
    0x9a, 0xf9, 0x0, 0xfb, 0x0, 0x2, 0xf9, 0x0,
    0xfb, 0x0, 0x2, 0xf9, 0x0, 0xfb, 0x0, 0x2,
    0xf9, 0x0, 0xfb, 0x0, 0x2, 0xf9, 0x0, 0xfb,
    0x0, 0x2, 0xf9, 0x0, 0xfb, 0x0, 0x2, 0xf9,
    0x2, 0xf9, 0x0, 0x2, 0xf9, 0x6, 0xf6, 0x0,
    0x2, 0xf9, 0x6f, 0xf1, 0x0, 0x2, 0xf9, 0x9d,
    0x40, 0x0, 0x2, 0xf9,

    /* U+043C "м" */
    0xef, 0xb0, 0x0, 0xbf, 0xee, 0xfe, 0x0, 0xe,
    0xfe, 0xed, 0xf2, 0x2, 0xfd, 0xee, 0xaf, 0x50,
    0x5f, 0xae, 0xea, 0xd9, 0x9, 0xda, 0xee, 0xa9,
    0xc0, 0xc9, 0xae, 0xea, 0x6f, 0xf, 0x6b, 0xee,
    0xb2, 0xf7, 0xf2, 0xbe, 0xeb, 0xf, 0xdf, 0xb,
    0xee, 0xb0, 0xbf, 0xb0, 0xbe, 0xec, 0x8, 0xf8,
    0xc, 0xee, 0xc0, 0x4f, 0x40, 0xce,

    /* U+043D "н" */
    0x9f, 0x20, 0x0, 0x2f, 0x99, 0xf2, 0x0, 0x2,
    0xf9, 0x9f, 0x20, 0x0, 0x2f, 0x99, 0xf2, 0x0,
    0x2, 0xf9, 0x9f, 0x20, 0x0, 0x2f, 0x99, 0xff,
    0xff, 0xff, 0xf9, 0x9f, 0xa9, 0x99, 0xaf, 0x99,
    0xf2, 0x0, 0x2, 0xf9, 0x9f, 0x20, 0x0, 0x2f,
    0x99, 0xf2, 0x0, 0x2, 0xf9, 0x9f, 0x20, 0x0,
    0x2f, 0x99, 0xf2, 0x0, 0x2, 0xf9,

    /* U+043E "о" */
    0x0, 0x8e, 0xfe, 0x80, 0x0, 0xcf, 0xc9, 0xcf,
    0xc0, 0x6f, 0x90, 0x0, 0x9f, 0x6a, 0xf1, 0x0,
    0x1, 0xfa, 0xcf, 0x0, 0x0, 0xf, 0xbc, 0xf0,
    0x0, 0x0, 0xfc, 0xcf, 0x0, 0x0, 0xf, 0xcc,
    0xf0, 0x0, 0x0, 0xfb, 0xaf, 0x10, 0x0, 0x1f,
    0xa6, 0xf9, 0x0, 0x9, 0xf6, 0xc, 0xfc, 0x9c,
    0xfc, 0x0, 0x9, 0xef, 0xe8, 0x0,

    /* U+043F "п" */
    0x9f, 0xff, 0xff, 0xff, 0x99, 0xfa, 0x99, 0x9a,
    0xf9, 0x9f, 0x20, 0x0, 0x2f, 0x99, 0xf2, 0x0,
    0x2, 0xf9, 0x9f, 0x20, 0x0, 0x2f, 0x99, 0xf2,
    0x0, 0x2, 0xf9, 0x9f, 0x20, 0x0, 0x2f, 0x99,
    0xf2, 0x0, 0x2, 0xf9, 0x9f, 0x20, 0x0, 0x2f,
    0x99, 0xf2, 0x0, 0x2, 0xf9, 0x9f, 0x20, 0x0,
    0x2f, 0x99, 0xf2, 0x0, 0x2, 0xf9,

    /* U+0440 "р" */
    0x9f, 0x27, 0xef, 0xb2, 0x9, 0xfa, 0xa7, 0x9f,
    0xe1, 0x9f, 0xa0, 0x0, 0x7f, 0x79, 0xf3, 0x0,
    0x1, 0xfa, 0x9f, 0x20, 0x0, 0xf, 0xc9, 0xf2,
    0x0, 0x0, 0xfc, 0x9f, 0x20, 0x0, 0xf, 0xc9,
    0xf2, 0x0, 0x0, 0xfc, 0x9f, 0x40, 0x0, 0x1f,
    0xa9, 0xfb, 0x0, 0x9, 0xf7, 0x9f, 0x8d, 0x9c,
    0xfe, 0x19, 0xf2, 0x7e, 0xfb, 0x20, 0x9f, 0x20,
    0x0, 0x0, 0x9, 0xf2, 0x0, 0x0, 0x0, 0x9f,
    0x20, 0x0, 0x0, 0x9, 0xf2, 0x0, 0x0, 0x0,
    0x9f, 0x20, 0x0, 0x0, 0x0,

    /* U+0441 "с" */
    0x0, 0x9e, 0xfe, 0x80, 0x0, 0xcf, 0xc9, 0xdf,
    0xc0, 0x6f, 0x90, 0x0, 0xaf, 0x5a, 0xf1, 0x0,
    0x2, 0xf9, 0xcf, 0x0, 0x0, 0x2, 0x1c, 0xf0,
    0x0, 0x0, 0x0, 0xcf, 0x0, 0x0, 0x0, 0xc,
    0xf0, 0x0, 0x0, 0x21, 0xaf, 0x10, 0x0, 0x3f,
    0x96, 0xf9, 0x0, 0xa, 0xf5, 0xc, 0xfc, 0xad,
    0xfc, 0x0, 0x9, 0xef, 0xe8, 0x0,

    /* U+0442 "т" */
    0xbf, 0xff, 0xff, 0xff, 0xb6, 0x99, 0xbf, 0xb9,
    0x96, 0x0, 0x5, 0xf5, 0x0, 0x0, 0x0, 0x5f,
    0x50, 0x0, 0x0, 0x5, 0xf5, 0x0, 0x0, 0x0,
    0x5f, 0x50, 0x0, 0x0, 0x5, 0xf5, 0x0, 0x0,
    0x0, 0x5f, 0x50, 0x0, 0x0, 0x5, 0xf5, 0x0,
    0x0, 0x0, 0x5f, 0x50, 0x0, 0x0, 0x5, 0xf5,
    0x0, 0x0, 0x0, 0x5f, 0x50, 0x0,

    /* U+0443 "у" */
    0xbf, 0x0, 0x0, 0xf, 0xb7, 0xf4, 0x0, 0x4,
    0xf7, 0x2f, 0x80, 0x0, 0x8f, 0x20, 0xed, 0x0,
    0xd, 0xe0, 0x9, 0xf1, 0x1, 0xf9, 0x0, 0x5f,
    0x50, 0x5f, 0x50, 0x0, 0xf9, 0x9, 0xf1, 0x0,
    0xc, 0xd0, 0xdc, 0x0, 0x0, 0x7f, 0x3f, 0x70,
    0x0, 0x3, 0xfc, 0xf3, 0x0, 0x0, 0xe, 0xfe,
    0x0, 0x0, 0x0, 0xaf, 0xa0, 0x0, 0x0, 0x7,
    0xf5, 0x0, 0x0, 0x0, 0xbf, 0x10, 0x0, 0x0,
    0xf, 0xc0, 0x0, 0x0, 0x4, 0xf8, 0x0, 0x0,
    0x0, 0x8f, 0x30, 0x0, 0x0,

    /* U+0444 "ф" */
    0x0, 0x0, 0x5f, 0x50, 0x0, 0x0, 0x0, 0x5,
    0xf5, 0x0, 0x0, 0x0, 0x0, 0x5f, 0x50, 0x0,
    0x0, 0x0, 0x5, 0xf5, 0x0, 0x0, 0x0, 0x0,
    0x5f, 0x50, 0x0, 0x0, 0x5, 0xdf, 0xff, 0xd5,
    0x0, 0x4, 0xfc, 0xaf, 0xac, 0xf4, 0x0, 0xce,
    0x4, 0xf4, 0xe, 0xb0, 0xf, 0xa0, 0x4f, 0x40,
    0xaf, 0x0, 0xf8, 0x4, 0xf4, 0x8, 0xf0, 0xf,
    0x80, 0x4f, 0x40, 0x8f, 0x0, 0xf8, 0x4, 0xf4,
    0x8, 0xf0, 0xf, 0x80, 0x4f, 0x40, 0x8f, 0x0,
    0xfa, 0x4, 0xf4, 0xa, 0xf0, 0xc, 0xe0, 0x4f,
    0x40, 0xeb, 0x0, 0x4f, 0xca, 0xfa, 0xcf, 0x40,
    0x0, 0x5d, 0xff, 0xfd, 0x50, 0x0, 0x0, 0x5,
    0xf5, 0x0, 0x0, 0x0, 0x0, 0x5f, 0x50, 0x0,
    0x0, 0x0, 0x5, 0xf5, 0x0, 0x0, 0x0, 0x0,
    0x5f, 0x50, 0x0, 0x0, 0x0, 0x5, 0xf5, 0x0,
    0x0,

    /* U+0445 "х" */
    0x8f, 0x70, 0x0, 0x7f, 0x80, 0xee, 0x0, 0xe,
    0xe0, 0x6, 0xf8, 0x8, 0xf6, 0x0, 0xd, 0xf2,
    0xfd, 0x0, 0x0, 0x4f, 0xef, 0x40, 0x0, 0x0,
    0xbf, 0xb0, 0x0, 0x0, 0xb, 0xfb, 0x0, 0x0,
    0x4, 0xfe, 0xf4, 0x0, 0x0, 0xdf, 0x2f, 0xd0,
    0x0, 0x6f, 0x80, 0x8f, 0x60, 0xe, 0xe0, 0x0,
    0xee, 0x8, 0xf7, 0x0, 0x7, 0xf8,

    /* U+0446 "ц" */
    0x9f, 0x20, 0x0, 0x2f, 0x90, 0x9f, 0x20, 0x0,
    0x2f, 0x90, 0x9f, 0x20, 0x0, 0x2f, 0x90, 0x9f,
    0x20, 0x0, 0x2f, 0x90, 0x9f, 0x20, 0x0, 0x2f,
    0x90, 0x9f, 0x20, 0x0, 0x2f, 0x90, 0x9f, 0x20,
    0x0, 0x2f, 0x90, 0x9f, 0x20, 0x0, 0x2f, 0x90,
    0x9f, 0x20, 0x0, 0x2f, 0x90, 0x9f, 0x20, 0x0,
    0x2f, 0x90, 0x9f, 0xa9, 0x99, 0xaf, 0xd5, 0x9f,
    0xff, 0xff, 0xff, 0xf9, 0x0, 0x0, 0x0, 0x0,
    0xe9, 0x0, 0x0, 0x0, 0x0, 0xe9, 0x0, 0x0,
    0x0, 0x0, 0xe9, 0x0, 0x0, 0x0, 0x0, 0x85,

    /* U+0447 "ч" */
    0x9f, 0x20, 0x0, 0x2f, 0x99, 0xf2, 0x0, 0x2,
    0xf9, 0x9f, 0x20, 0x0, 0x2f, 0x99, 0xf2, 0x0,
    0x2, 0xf9, 0x8f, 0x30, 0x0, 0x2f, 0x94, 0xfb,
    0x0, 0x3, 0xf9, 0xc, 0xfd, 0x9b, 0xff, 0x90,
    0x8, 0xdf, 0xeb, 0xf9, 0x0, 0x0, 0x0, 0x2f,
    0x90, 0x0, 0x0, 0x2, 0xf9, 0x0, 0x0, 0x0,
    0x2f, 0x90, 0x0, 0x0, 0x2, 0xf9,

    /* U+0448 "ш" */
    0xeb, 0x4, 0xf4, 0xb, 0xee, 0xb0, 0x4f, 0x40,
    0xbe, 0xeb, 0x4, 0xf4, 0xb, 0xee, 0xb0, 0x4f,
    0x40, 0xbe, 0xeb, 0x4, 0xf4, 0xb, 0xee, 0xb0,
    0x4f, 0x40, 0xbe, 0xeb, 0x4, 0xf4, 0xb, 0xee,
    0xb0, 0x4f, 0x40, 0xbe, 0xeb, 0x4, 0xf4, 0xb,
    0xee, 0xb0, 0x4f, 0x40, 0xbe, 0xee, 0x9b, 0xfb,
    0x9e, 0xee, 0xff, 0xff, 0xff, 0xfe,

    /* U+0449 "щ" */
    0xeb, 0x4, 0xf4, 0xb, 0xe0, 0xeb, 0x4, 0xf4,
    0xb, 0xe0, 0xeb, 0x4, 0xf4, 0xb, 0xe0, 0xeb,
    0x4, 0xf4, 0xb, 0xe0, 0xeb, 0x4, 0xf4, 0xb,
    0xe0, 0xeb, 0x4, 0xf4, 0xb, 0xe0, 0xeb, 0x4,
    0xf4, 0xb, 0xe0, 0xeb, 0x4, 0xf4, 0xb, 0xe0,
    0xeb, 0x4, 0xf4, 0xb, 0xe0, 0xeb, 0x4, 0xf4,
    0xb, 0xe0, 0xee, 0x9b, 0xfb, 0x9e, 0xf9, 0xef,
    0xff, 0xff, 0xff, 0xff, 0x0, 0x0, 0x0, 0x0,
    0x9f, 0x0, 0x0, 0x0, 0x0, 0x9f, 0x0, 0x0,
    0x0, 0x0, 0x9f, 0x0, 0x0, 0x0, 0x0, 0x58,

    /* U+044A "ъ" */
    0x7f, 0xff, 0x50, 0x0, 0x0, 0x49, 0xbf, 0x50,
    0x0, 0x0, 0x0, 0x6f, 0x50, 0x0, 0x0, 0x0,
    0x6f, 0x50, 0x0, 0x0, 0x0, 0x6f, 0x50, 0x0,
    0x0, 0x0, 0x6f, 0xff, 0xfd, 0x50, 0x0, 0x6f,
    0xb9, 0xae, 0xf4, 0x0, 0x6f, 0x50, 0x2, 0xfa,
    0x0, 0x6f, 0x50, 0x0, 0xfb, 0x0, 0x6f, 0x50,
    0x2, 0xfa, 0x0, 0x6f, 0xb9, 0xae, 0xf4, 0x0,
    0x6f, 0xff, 0xfd, 0x50,

    /* U+044B "ы" */
    0xeb, 0x0, 0x0, 0xb, 0xee, 0xb0, 0x0, 0x0,
    0xbe, 0xeb, 0x0, 0x0, 0xb, 0xee, 0xb0, 0x0,
    0x0, 0xbe, 0xeb, 0x0, 0x0, 0xb, 0xee, 0xff,
    0xe9, 0x0, 0xbe, 0xed, 0x8b, 0xf8, 0xb, 0xee,
    0xb0, 0xc, 0xd0, 0xbe, 0xeb, 0x0, 0xaf, 0xb,
    0xee, 0xb0, 0xc, 0xd0, 0xbe, 0xed, 0x7b, 0xf8,
    0xb, 0xee, 0xff, 0xe9, 0x0, 0xbe,

    /* U+044C "ь" */
    0x9f, 0x20, 0x0, 0x0, 0x9, 0xf2, 0x0, 0x0,
    0x0, 0x9f, 0x20, 0x0, 0x0, 0x9, 0xf2, 0x0,
    0x0, 0x0, 0x9f, 0x20, 0x0, 0x0, 0x9, 0xff,
    0xff, 0xfc, 0x40, 0x9f, 0xa9, 0x9a, 0xff, 0x39,
    0xf2, 0x0, 0x3, 0xfa, 0x9f, 0x20, 0x0, 0xf,
    0xb9, 0xf2, 0x0, 0x3, 0xfa, 0x9f, 0xa9, 0x9a,
    0xff, 0x39, 0xff, 0xff, 0xfc, 0x40,

    /* U+044D "э" */
    0x1, 0x9e, 0xfe, 0x90, 0x0, 0xcf, 0xd9, 0xcf,
    0xc0, 0x5f, 0x90, 0x0, 0x8f, 0x69, 0xf2, 0x0,
    0x1, 0xfa, 0x0, 0x0, 0x0, 0xf, 0xb0, 0x0,
    0xbf, 0xff, 0xfc, 0x0, 0x6, 0x99, 0x9f, 0xc2,
    0x40, 0x0, 0x0, 0xfb, 0x8f, 0x30, 0x0, 0x2f,
    0xa4, 0xfa, 0x0, 0x9, 0xf6, 0xb, 0xfd, 0xac,
    0xfc, 0x0, 0x8, 0xef, 0xe9, 0x0,

    /* U+044E "ю" */
    0xeb, 0x0, 0x9f, 0xe9, 0xe, 0xb0, 0x8f, 0x78,
    0xf7, 0xeb, 0xd, 0xc0, 0xc, 0xce, 0xb0, 0xeb,
    0x0, 0xbd, 0xeb, 0xe, 0xb0, 0xb, 0xee, 0xff,
    0xfb, 0x0, 0xbe, 0xed, 0x8f, 0xb0, 0xb, 0xee,
    0xb0, 0xeb, 0x0, 0xbe, 0xeb, 0xe, 0xb0, 0xb,
    0xde, 0xb0, 0xcd, 0x0, 0xdc, 0xeb, 0x7, 0xfa,
    0xbf, 0x7e, 0xb0, 0x9, 0xfe, 0x90,

    /* U+044F "я" */
    0x0, 0x4c, 0xff, 0xff, 0xf9, 0x2, 0xff, 0xa9,
    0x9a, 0xf9, 0x9, 0xf4, 0x0, 0x2, 0xf9, 0xb,
    0xf0, 0x0, 0x2, 0xf9, 0xb, 0xf0, 0x0, 0x2,
    0xf9, 0x7, 0xf9, 0x0, 0x2, 0xf9, 0x0, 0xcf,
    0xff, 0xff, 0xf9, 0x0, 0x7, 0xfd, 0x9a, 0xf9,
    0x0, 0xc, 0xf3, 0x2, 0xf9, 0x0, 0x7f, 0x80,
    0x2, 0xf9, 0x2, 0xfd, 0x0, 0x2, 0xf9, 0xc,
    0xf3, 0x0, 0x2, 0xf9,

    /* U+0451 "ё" */
    0xb, 0xf5, 0x5, 0xfb, 0x0, 0xff, 0x90, 0xaf,
    0xf0, 0x8, 0xc3, 0x3, 0xc8, 0x0, 0x0, 0x0,
    0x0, 0x0, 0x0, 0x0, 0x0, 0x0, 0x0, 0x8,
    0xef, 0xe9, 0x0, 0xc, 0xfc, 0x9c, 0xfd, 0x6,
    0xf8, 0x0, 0x8, 0xf6, 0xaf, 0x10, 0x0, 0x1f,
    0xac, 0xf0, 0x0, 0x0, 0xfc, 0xcf, 0xff, 0xff,
    0xff, 0xcc, 0xf9, 0x99, 0x99, 0x97, 0xcf, 0x0,
    0x0, 0x0, 0xa, 0xf1, 0x0, 0x0, 0x85, 0x6f,
    0x90, 0x0, 0x6f, 0x80, 0xcf, 0xc9, 0xbf, 0xe1,
    0x0, 0x9e, 0xfe, 0xa1, 0x0,

    /* U+2022 "•" */
    0x4, 0xbd, 0xb4, 0x4, 0xff, 0xff, 0xf4, 0xaf,
    0xff, 0xff, 0xac, 0xff, 0xff, 0xfc, 0xbf, 0xff,
    0xff, 0xb5, 0xff, 0xff, 0xf5, 0x7, 0xdf, 0xd6,
    0x0,

    /* U+2212 "−" */
    0x23, 0x33, 0x33, 0x33, 0x1d, 0xff, 0xff, 0xff,
    0xf6, 0x34, 0x44, 0x44, 0x44, 0x10,

    /* U+E257 "" */
    0x0, 0x0, 0x0, 0x0, 0x5, 0x94, 0x0, 0x0,
    0x0, 0x0, 0x0, 0x0, 0x0, 0x1, 0x7e, 0xff,
    0xfd, 0x71, 0x0, 0x0, 0x0, 0x0, 0x0, 0x3a,
    0xff, 0xff, 0xff, 0xff, 0xf9, 0x20, 0x0, 0x0,
    0x6, 0xcf, 0xff, 0xff, 0xff, 0xff, 0xff, 0xff,
    0xc5, 0x0, 0x8e, 0xff, 0xff, 0xff, 0xff, 0xff,
    0xff, 0xff, 0xff, 0xfe, 0x71, 0x7e, 0xff, 0xff,
    0xff, 0xff, 0xff, 0xff, 0xff, 0xfd, 0x71, 0x0,
    0x5, 0xcf, 0xff, 0xff, 0xff, 0xff, 0xff, 0xb4,
    0x0, 0x0, 0x20, 0x0, 0x29, 0xff, 0xff, 0xff,
    0xf9, 0x20, 0x0, 0x20, 0x9f, 0xe8, 0x20, 0x0,
    0x6d, 0xfc, 0x60, 0x0, 0x29, 0xff, 0x80, 0x4a,
    0xff, 0xb4, 0x0, 0x1, 0x0, 0x5, 0xcf, 0xfa,
    0x30, 0x0, 0x1, 0x8e, 0xfd, 0x71, 0x1, 0x7e,
    0xfe, 0x71, 0x0, 0x1, 0x63, 0x0, 0x5, 0xcf,
    0xff, 0xff, 0xb5, 0x0, 0x3, 0x60, 0x8f, 0xfc,
    0x50, 0x0, 0x29, 0xd8, 0x20, 0x0, 0x6d, 0xfe,
    0x70, 0x6, 0xdf, 0xe8, 0x10, 0x0, 0x0, 0x29,
    0xff, 0xc6, 0x0, 0x0, 0x0, 0x4a, 0xff, 0xb5,
    0x35, 0xbf, 0xfa, 0x30, 0x0, 0x0, 0x0, 0x0,
    0x1, 0x8e, 0xff, 0xfe, 0x71, 0x0, 0x0, 0x0,
    0x0, 0x0, 0x0, 0x0, 0x5, 0x94, 0x0, 0x0,
    0x0, 0x0, 0x0,

    /* U+E690 "" */
    0x0, 0x4, 0xcc, 0x40, 0x0, 0x0, 0x0, 0x0,
    0x0, 0x0, 0x0, 0x1f, 0xff, 0xf1, 0x0, 0x0,
    0x0, 0x0, 0x0, 0x0, 0xbd, 0x5f, 0xff, 0xf4,
    0xdd, 0xdd, 0xdd, 0xdd, 0xdd, 0xc1, 0xff, 0x6f,
    0xff, 0xf4, 0xff, 0xff, 0xff, 0xff, 0xff, 0xf2,
    0x24, 0x3f, 0xff, 0xf2, 0x34, 0x44, 0x44, 0x44,
    0x44, 0x30, 0x0, 0x9, 0xff, 0xa0, 0x0, 0x0,
    0x0, 0x0, 0x0, 0x0, 0x0, 0x0, 0x23, 0x0,
    0x0, 0x0, 0x3, 0x40, 0x0, 0x0, 0x0, 0x0,
    0x0, 0x0, 0x0, 0x0, 0x8f, 0xfd, 0x0, 0x0,
    0x35, 0x55, 0x55, 0x55, 0x55, 0x51, 0xff, 0xff,
    0x54, 0x40, 0xff, 0xff, 0xff, 0xff, 0xff, 0xf4,
    0xff, 0xff, 0x7e, 0xf2, 0xac, 0xcc, 0xcc, 0xcc,
    0xcc, 0xc3, 0xff, 0xff, 0x6b, 0xb0, 0x0, 0x0,
    0x0, 0x0, 0x0, 0x0, 0xdf, 0xff, 0x30, 0x0,
    0x0, 0x0, 0x0, 0x0, 0x20, 0x0, 0x2a, 0xc5,
    0x0, 0x0, 0x0, 0x0, 0x0, 0x2d, 0xfe, 0x20,
    0x0, 0x0, 0x0, 0x0, 0x12, 0x22, 0x21, 0x9f,
    0xff, 0xa1, 0x22, 0x22, 0x22, 0x10, 0xef, 0xff,
    0xfa, 0xbf, 0xff, 0xc9, 0xff, 0xff, 0xff, 0xf2,
    0xcf, 0xff, 0xfa, 0xbf, 0xff, 0xc8, 0xff, 0xff,
    0xff, 0xe1, 0x0, 0x0, 0x0, 0x8f, 0xff, 0x90,
    0x0, 0x0, 0x0, 0x0, 0x0, 0x0, 0x0, 0xa,
    0xeb, 0x10, 0x0, 0x0, 0x0, 0x0,

    /* U+E70F "" */
    0x0, 0x0, 0x0, 0x0, 0x0, 0x0, 0x0, 0x0,
    0x0, 0x0, 0x0, 0x0, 0x0, 0x0, 0x13, 0x68,
    0xad, 0xf1, 0x0, 0x1, 0x35, 0x71, 0xcf, 0xff,
    0xff, 0xff, 0xf1, 0xbd, 0xff, 0xff, 0xf2, 0xff,
    0xff, 0xff, 0xff, 0xf1, 0xff, 0xff, 0xff, 0xf2,
    0xff, 0xff, 0xff, 0xff, 0xf1, 0xff, 0xff, 0xff,
    0xf2, 0xff, 0xff, 0xff, 0xff, 0xf1, 0xff, 0xff,
    0xff, 0xf2, 0xff, 0xff, 0xff, 0xff, 0xf1, 0xff,
    0xff, 0xff, 0xf2, 0xff, 0xff, 0xff, 0xff, 0xf1,
    0xff, 0xff, 0xff, 0xf2, 0xff, 0xff, 0xff, 0xff,
    0xf1, 0x55, 0x44, 0x44, 0x30, 0x22, 0x22, 0x21,
    0x11, 0x10, 0xff, 0xff, 0xff, 0xf3, 0xff, 0xff,
    0xff, 0xff, 0xf1, 0xff, 0xff, 0xff, 0xf2, 0xff,
    0xff, 0xff, 0xff, 0xf1, 0xff, 0xff, 0xff, 0xf2,
    0xff, 0xff, 0xff, 0xff, 0xf1, 0xff, 0xff, 0xff,
    0xf2, 0xff, 0xff, 0xff, 0xff, 0xf1, 0xff, 0xff,
    0xff, 0xf2, 0xff, 0xff, 0xff, 0xff, 0xf1, 0xce,
    0xff, 0xff, 0xf2, 0xff, 0xff, 0xff, 0xff, 0xf1,
    0x0, 0x13, 0x57, 0x92, 0xef, 0xff, 0xff, 0xff,
    0xf1, 0x0, 0x0, 0x0, 0x0, 0x0, 0x24, 0x79,
    0xbd, 0xf1, 0x0, 0x0, 0x0, 0x0, 0x0, 0x0,
    0x0, 0x0, 0x0,

    /* U+E711 "" */
    0x0, 0x0, 0x0, 0x0, 0x0, 0x0, 0x0, 0x0,
    0x0, 0x0, 0x0, 0x4d, 0x50, 0x0, 0x0, 0x0,
    0x0, 0x5, 0xff, 0x10, 0x0, 0x0, 0x0, 0x0,
    0xe, 0xf8, 0x0, 0x0, 0x0, 0x0, 0x0, 0x1d,
    0x70, 0x0, 0x0, 0x0, 0x6b, 0xd9, 0x43, 0x9d,
    0xda, 0x20, 0xa, 0xff, 0xff, 0xff, 0xff, 0xff,
    0xf2, 0x5f, 0xff, 0xff, 0xff, 0xff, 0xff, 0xa0,
    0xcf, 0xff, 0xff, 0xff, 0xff, 0xfe, 0x0, 0xef,
    0xff, 0xff, 0xff, 0xff, 0xfb, 0x0, 0xff, 0xff,
    0xff, 0xff, 0xff, 0xfb, 0x0, 0xef, 0xff, 0xff,
    0xff, 0xff, 0xfe, 0x0, 0xbf, 0xff, 0xff, 0xff,
    0xff, 0xff, 0x80, 0x6f, 0xff, 0xff, 0xff, 0xff,
    0xff, 0xf9, 0xe, 0xff, 0xff, 0xff, 0xff, 0xff,
    0xf7, 0x6, 0xff, 0xff, 0xff, 0xff, 0xff, 0xe0,
    0x0, 0xbf, 0xff, 0xff, 0xff, 0xff, 0x40, 0x0,
    0xb, 0xfc, 0x75, 0x9e, 0xf6, 0x0, 0x0, 0x0,
    0x0, 0x0, 0x0, 0x0, 0x0,

    /* U+EA6D "" */
    0x0, 0x0, 0x0, 0x0, 0x0, 0x3, 0x55, 0x30,
    0x0, 0x0, 0x0, 0x0, 0x0, 0x0, 0x0, 0x7e,
    0xff, 0xff, 0xe8, 0x0, 0x0, 0x0, 0x0, 0x0,
    0x1, 0xcf, 0x93, 0x0, 0x28, 0xfd, 0x20, 0x0,
    0x0, 0x0, 0x0, 0xcd, 0x20, 0x0, 0x0, 0x2,
    0xdd, 0x10, 0x0, 0x0, 0x0, 0x7f, 0x20, 0x0,
    0x0, 0x0, 0x1, 0xe9, 0x0, 0x0, 0x0, 0xf,
    0x70, 0x0, 0x0, 0x0, 0x0, 0x7, 0xf1, 0x0,
    0x0, 0x5, 0xf1, 0x0, 0x0, 0x0, 0x0, 0x0,
    0xf, 0x50, 0x0, 0x0, 0x7e, 0x0, 0x0, 0x0,
    0x0, 0x0, 0x0, 0xd8, 0x0, 0x0, 0x8, 0xd0,
    0x0, 0x0, 0x0, 0x0, 0x0, 0xc, 0x90, 0x0,
    0x0, 0x6f, 0x0, 0x0, 0x0, 0x0, 0x0, 0x0,
    0xe7, 0x0, 0x0, 0x3, 0xf4, 0x0, 0x0, 0x0,
    0x0, 0x0, 0x3f, 0x30, 0x0, 0x0, 0xd, 0xc0,
    0x0, 0x0, 0x0, 0x0, 0xb, 0xd0, 0x0, 0x0,
    0x0, 0x4f, 0x80, 0x0, 0x0, 0x0, 0x7, 0xf4,
    0x0, 0x0, 0x0, 0x0, 0xdf, 0xa2, 0x0, 0x0,
    0x19, 0xf7, 0x0, 0x0, 0x0, 0x0, 0xbf, 0x7e,
    0xfc, 0x98, 0xaf, 0xe5, 0x0, 0x0, 0x0, 0x0,
    0x9f, 0x40, 0x6, 0xad, 0xdb, 0x61, 0x0, 0x0,
    0x0, 0x0, 0x7f, 0x50, 0x0, 0x0, 0x0, 0x0,
    0x0, 0x0, 0x0, 0x0, 0x5f, 0x70, 0x0, 0x0,
    0x0, 0x0, 0x0, 0x0, 0x0, 0x0, 0x3f, 0x90,
    0x0, 0x0, 0x0, 0x0, 0x0, 0x0, 0x0, 0x0,
    0x2e, 0xb0, 0x0, 0x0, 0x0, 0x0, 0x0, 0x0,
    0x0, 0x0, 0x1d, 0xd0, 0x0, 0x0, 0x0, 0x0,
    0x0, 0x0, 0x0, 0x0, 0xb, 0xe1, 0x0, 0x0,
    0x0, 0x0, 0x0, 0x0, 0x0, 0x0, 0x0, 0x32,
    0x0, 0x0, 0x0, 0x0, 0x0, 0x0, 0x0, 0x0,
    0x0, 0x0,

    /* U+EA74 "" */
    0x0, 0x0, 0x0, 0x0, 0x2, 0x32, 0x0, 0x0,
    0x0, 0x0, 0x0, 0x0, 0x0, 0x4, 0xaf, 0xff,
    0xff, 0xa4, 0x0, 0x0, 0x0, 0x0, 0x0, 0x1b,
    0xfe, 0x96, 0x56, 0x9e, 0xfb, 0x10, 0x0, 0x0,
    0x0, 0x2e, 0xf6, 0x0, 0x0, 0x0, 0x6, 0xfe,
    0x20, 0x0, 0x0, 0x1d, 0xe2, 0x0, 0x0, 0x0,
    0x0, 0x2, 0xed, 0x10, 0x0, 0x9, 0xf2, 0x0,
    0x0, 0x0, 0x0, 0x0, 0x3, 0xfa, 0x0, 0x2,
    0xf7, 0x0, 0x0, 0x0, 0xa7, 0x0, 0x0, 0x7,
    0xf2, 0x0, 0x8e, 0x0, 0x0, 0x0, 0xa, 0x70,
    0x0, 0x0, 0x1f, 0x80, 0xc, 0xa0, 0x0, 0x0,
    0x0, 0x0, 0x0, 0x0, 0x0, 0xbc, 0x0, 0xe7,
    0x0, 0x0, 0x0, 0x1f, 0xa0, 0x0, 0x0, 0x8,
    0xe0, 0xf, 0x60, 0x0, 0x0, 0x1, 0xfb, 0x0,
    0x0, 0x0, 0x7f, 0x0, 0xe7, 0x0, 0x0, 0x0,
    0x1f, 0xb0, 0x0, 0x0, 0x8, 0xe0, 0xb, 0xa0,
    0x0, 0x0, 0x1, 0xfb, 0x0, 0x0, 0x0, 0xab,
    0x0, 0x7e, 0x0, 0x0, 0x0, 0x1f, 0xb0, 0x0,
    0x0, 0xf, 0x70, 0x1, 0xf6, 0x0, 0x0, 0x0,
    0x86, 0x0, 0x0, 0x7, 0xf1, 0x0, 0x8, 0xe2,
    0x0, 0x0, 0x0, 0x0, 0x0, 0x2, 0xf8, 0x0,
    0x0, 0xd, 0xd1, 0x0, 0x0, 0x0, 0x0, 0x1,
    0xdc, 0x0, 0x0, 0x0, 0x1d, 0xe5, 0x0, 0x0,
    0x0, 0x5, 0xec, 0x10, 0x0, 0x0, 0x0, 0x9,
    0xfd, 0x84, 0x35, 0x8d, 0xf8, 0x0, 0x0, 0x0,
    0x0, 0x0, 0x2, 0x8c, 0xef, 0xec, 0x72, 0x0,
    0x0, 0x0, 0x0, 0x0, 0x0, 0x0, 0x0, 0x0,
    0x0, 0x0, 0x0, 0x0, 0x0,

    /* U+EA9A "" */
    0x0, 0x0, 0x0, 0xf, 0x50, 0x0, 0x0, 0x0,
    0x0, 0x0, 0x0, 0xf, 0x60, 0x0, 0x0, 0x0,
    0x0, 0x0, 0x0, 0xf, 0x60, 0x0, 0x0, 0x0,
    0x0, 0x0, 0x0, 0xf, 0x60, 0x0, 0x0, 0x0,
    0x0, 0x0, 0x0, 0xf, 0x60, 0x0, 0x0, 0x0,
    0x0, 0x0, 0x0, 0xf, 0x60, 0x0, 0x0, 0x0,
    0x0, 0x0, 0x0, 0xf, 0x60, 0x0, 0x0, 0x0,
    0x0, 0x0, 0x0, 0xf, 0x60, 0x0, 0x0, 0x0,
    0x1, 0x0, 0x0, 0xf, 0x60, 0x0, 0x0, 0x0,
    0x6e, 0x20, 0x0, 0xf, 0x60, 0x0, 0xa, 0xc0,
    0x1d, 0xe2, 0x0, 0xf, 0x60, 0x0, 0xaf, 0x50,
    0x1, 0xce, 0x20, 0xf, 0x60, 0xa, 0xf4, 0x0,
    0x0, 0x1c, 0xe2, 0xf, 0x60, 0xaf, 0x40, 0x0,
    0x0, 0x1, 0xce, 0x2f, 0x6a, 0xf4, 0x0, 0x0,
    0x0, 0x0, 0x1c, 0xef, 0xef, 0x40, 0x0, 0x0,
    0x0, 0x0, 0x0, 0xcf, 0xf4, 0x0, 0x0, 0x0,
    0x0, 0x0, 0x0, 0x8, 0x30, 0x0, 0x0, 0x0,

    /* U+EA9B "" */
    0x0, 0x0, 0x0, 0x0, 0x0, 0x0, 0x0, 0x0,
    0x0, 0x0, 0x0, 0x0, 0x1c, 0x50, 0x0, 0x0,
    0x0, 0x0, 0x0, 0x0, 0x1, 0xce, 0x20, 0x0,
    0x0, 0x0, 0x0, 0x0, 0x0, 0xc, 0xe2, 0x0,
    0x0, 0x0, 0x0, 0x0, 0x0, 0x0, 0xce, 0x20,
    0x0, 0x0, 0x0, 0x0, 0x0, 0x0, 0xc, 0xe2,
    0x0, 0x0, 0x0, 0x0, 0x0, 0x0, 0x0, 0xce,
    0x20, 0x0, 0x0, 0x0, 0x0, 0x0, 0x0, 0xc,
    0xf9, 0x66, 0x66, 0x66, 0x66, 0x66, 0x66, 0x62,
    0xf, 0xff, 0xff, 0xff, 0xff, 0xff, 0xff, 0xff,
    0xf6, 0x5, 0xf9, 0x0, 0x0, 0x0, 0x0, 0x0,
    0x0, 0x0, 0x0, 0x5f, 0x90, 0x0, 0x0, 0x0,
    0x0, 0x0, 0x0, 0x0, 0x5, 0xf9, 0x0, 0x0,
    0x0, 0x0, 0x0, 0x0, 0x0, 0x0, 0x5f, 0x90,
    0x0, 0x0, 0x0, 0x0, 0x0, 0x0, 0x0, 0x5,
    0xf9, 0x0, 0x0, 0x0, 0x0, 0x0, 0x0, 0x0,
    0x0, 0x6f, 0x70, 0x0, 0x0, 0x0, 0x0, 0x0,
    0x0, 0x0, 0x4, 0x0, 0x0, 0x0, 0x0, 0x0,

    /* U+EA9C "" */
    0x0, 0x0, 0x0, 0x0, 0x0, 0x0, 0x0, 0x0,
    0x0, 0x0, 0x0, 0x0, 0x0, 0x2, 0xc2, 0x0,
    0x0, 0x0, 0x0, 0x0, 0x0, 0x0, 0x1, 0xde,
    0x20, 0x0, 0x0, 0x0, 0x0, 0x0, 0x0, 0x0,
    0x1d, 0xe2, 0x0, 0x0, 0x0, 0x0, 0x0, 0x0,
    0x0, 0x1, 0xde, 0x20, 0x0, 0x0, 0x0, 0x0,
    0x0, 0x0, 0x0, 0x1d, 0xe2, 0x0, 0x0, 0x0,
    0x0, 0x0, 0x0, 0x0, 0x1, 0xde, 0x20, 0x5,
    0x55, 0x55, 0x55, 0x55, 0x55, 0x55, 0x7f, 0xe2,
    0x1f, 0xff, 0xff, 0xff, 0xff, 0xff, 0xff, 0xff,
    0xf6, 0x0, 0x0, 0x0, 0x0, 0x0, 0x0, 0x0,
    0x5f, 0xb0, 0x0, 0x0, 0x0, 0x0, 0x0, 0x0,
    0x5, 0xfb, 0x0, 0x0, 0x0, 0x0, 0x0, 0x0,
    0x0, 0x5f, 0xb0, 0x0, 0x0, 0x0, 0x0, 0x0,
    0x0, 0x5, 0xfa, 0x0, 0x0, 0x0, 0x0, 0x0,
    0x0, 0x0, 0x5f, 0xa0, 0x0, 0x0, 0x0, 0x0,
    0x0, 0x0, 0x3, 0xfa, 0x0, 0x0, 0x0, 0x0,
    0x0, 0x0, 0x0, 0x0, 0x60, 0x0, 0x0, 0x0,

    /* U+EAA1 "" */
    0x0, 0x0, 0x0, 0x4e, 0x90, 0x0, 0x0, 0x0,
    0x0, 0x0, 0x4, 0xff, 0xf9, 0x0, 0x0, 0x0,
    0x0, 0x0, 0x4f, 0xbf, 0xbf, 0x90, 0x0, 0x0,
    0x0, 0x4, 0xfb, 0xf, 0x66, 0xf9, 0x0, 0x0,
    0x0, 0x4f, 0xb0, 0xf, 0x60, 0x6f, 0x90, 0x0,
    0x4, 0xfb, 0x0, 0xf, 0x60, 0x6, 0xf9, 0x0,
    0x4f, 0xb0, 0x0, 0xf, 0x60, 0x0, 0x6f, 0x90,
    0x3a, 0x0, 0x0, 0xf, 0x60, 0x0, 0x6, 0x80,
    0x0, 0x0, 0x0, 0xf, 0x60, 0x0, 0x0, 0x0,
    0x0, 0x0, 0x0, 0xf, 0x60, 0x0, 0x0, 0x0,
    0x0, 0x0, 0x0, 0xf, 0x60, 0x0, 0x0, 0x0,
    0x0, 0x0, 0x0, 0xf, 0x60, 0x0, 0x0, 0x0,
    0x0, 0x0, 0x0, 0xf, 0x60, 0x0, 0x0, 0x0,
    0x0, 0x0, 0x0, 0xf, 0x60, 0x0, 0x0, 0x0,
    0x0, 0x0, 0x0, 0xf, 0x60, 0x0, 0x0, 0x0,
    0x0, 0x0, 0x0, 0xf, 0x60, 0x0, 0x0, 0x0,
    0x0, 0x0, 0x0, 0x8, 0x30, 0x0, 0x0, 0x0,

    /* U+EB01 "" */
    0x0, 0x0, 0x0, 0x4, 0x55, 0x30, 0x0, 0x0,
    0x0, 0x0, 0x0, 0x2a, 0xff, 0xff, 0xff, 0xa2,
    0x0, 0x0, 0x0, 0x6, 0xfc, 0xdf, 0x11, 0xfd,
    0xef, 0x50, 0x0, 0x0, 0x8f, 0x71, 0xf7, 0x0,
    0x8e, 0x18, 0xf7, 0x0, 0x5, 0xf5, 0x6, 0xf1,
    0x0, 0x2f, 0x60, 0x6f, 0x30, 0x1e, 0xa0, 0xb,
    0xc0, 0x0, 0xc, 0xb0, 0xa, 0xd0, 0x7f, 0xff,
    0xff, 0xff, 0xff, 0xff, 0xff, 0xff, 0xf5, 0xbc,
    0x77, 0x7f, 0x97, 0x77, 0x7a, 0xf8, 0x77, 0xda,
    0xe7, 0x0, 0x2f, 0x40, 0x0, 0x4, 0xf1, 0x0,
    0x9d, 0xf6, 0x0, 0x1f, 0x40, 0x0, 0x4, 0xf1,
    0x0, 0x7e, 0xf7, 0x0, 0xf, 0x50, 0x0, 0x6,
    0xf0, 0x0, 0x8d, 0xcc, 0x66, 0x6e, 0xa6, 0x66,
    0x6b, 0xf6, 0x66, 0xca, 0x7f, 0xff, 0xff, 0xff,
    0xff, 0xff, 0xff, 0xff, 0xf6, 0x1f, 0xa0, 0x4,
    0xf3, 0x0, 0x3f, 0x30, 0xa, 0xe0, 0x7, 0xf5,
    0x0, 0xe9, 0x0, 0xad, 0x0, 0x5f, 0x50, 0x0,
    0xaf, 0x60, 0x6f, 0x34, 0xf5, 0x6, 0xf8, 0x0,
    0x0, 0x8, 0xfc, 0x5d, 0xde, 0xd5, 0xcf, 0x70,
    0x0, 0x0, 0x0, 0x4c, 0xff, 0xff, 0xff, 0xb3,
    0x0, 0x0, 0x0, 0x0, 0x0, 0x15, 0x66, 0x41,
    0x0, 0x0, 0x0,

    /* U+EB05 "" */
    0x0, 0x3a, 0xee, 0xb4, 0x0, 0x2, 0xae, 0xeb,
    0x40, 0x0, 0x6, 0xfd, 0x88, 0xcf, 0x90, 0x6f,
    0xd8, 0x7c, 0xf9, 0x0, 0x3f, 0x80, 0x0, 0x6,
    0xfc, 0xf8, 0x0, 0x0, 0x6f, 0x70, 0xab, 0x0,
    0x0, 0x0, 0x5f, 0x80, 0x0, 0x0, 0xa, 0xe0,
    0xe6, 0x0, 0x0, 0x0, 0x2, 0x0, 0x0, 0x0,
    0x4, 0xf2, 0xf5, 0x0, 0x0, 0x0, 0x0, 0x0,
    0x0, 0x0, 0x3, 0xf3, 0xd9, 0x0, 0x0, 0x0,
    0x0, 0x0, 0x0, 0x0, 0x7, 0xf1, 0x7f, 0x30,
    0x0, 0x0, 0x0, 0x0, 0x0, 0x0, 0x1e, 0xb0,
    0xc, 0xe2, 0x0, 0x0, 0x0, 0x0, 0x0, 0x1,
    0xde, 0x10, 0x1, 0xce, 0x20, 0x0, 0x0, 0x0,
    0x0, 0x1d, 0xe2, 0x0, 0x0, 0x1c, 0xe3, 0x0,
    0x0, 0x0, 0x1, 0xde, 0x20, 0x0, 0x0, 0x1,
    0xce, 0x30, 0x0, 0x0, 0x1d, 0xe2, 0x0, 0x0,
    0x0, 0x0, 0x1c, 0xe3, 0x0, 0x1, 0xde, 0x20,
    0x0, 0x0, 0x0, 0x0, 0x1, 0xcf, 0x30, 0x1d,
    0xe2, 0x0, 0x0, 0x0, 0x0, 0x0, 0x0, 0x1c,
    0xf5, 0xde, 0x20, 0x0, 0x0, 0x0, 0x0, 0x0,
    0x0, 0x1, 0xcf, 0xe2, 0x0, 0x0, 0x0, 0x0,
    0x0, 0x0, 0x0, 0x0, 0x1b, 0x20, 0x0, 0x0,
    0x0, 0x0,

    /* U+EB06 "" */
    0x0, 0x0, 0x0, 0x0, 0x8e, 0x60, 0x0, 0x0,
    0x0, 0x0, 0x0, 0x0, 0x0, 0x9f, 0xcf, 0x70,
    0x0, 0x0, 0x0, 0x0, 0x0, 0x0, 0xbf, 0x60,
    0x8f, 0x90, 0x0, 0x0, 0x0, 0x0, 0x1, 0xcf,
    0x40, 0x0, 0x6f, 0xa0, 0x0, 0x0, 0x0, 0x1,
    0xde, 0x30, 0x0, 0x0, 0x5f, 0xb0, 0x0, 0x0,
    0x2, 0xee, 0x20, 0x0, 0x0, 0x0, 0x4f, 0xc1,
    0x0, 0x3, 0xef, 0x10, 0x0, 0x0, 0x0, 0x0,
    0x3f, 0xd2, 0x4, 0xff, 0xe0, 0x0, 0x0, 0x0,
    0x0, 0x1, 0xff, 0xe3, 0x5b, 0x8e, 0x0, 0x0,
    0x0, 0x0, 0x0, 0x1f, 0x6c, 0x30, 0x7, 0xe0,
    0x0, 0x0, 0x0, 0x0, 0x1, 0xf5, 0x0, 0x0,
    0x7e, 0x0, 0x5, 0x77, 0x75, 0x0, 0x1f, 0x50,
    0x0, 0x7, 0xe0, 0x4, 0xfe, 0xee, 0xf3, 0x1,
    0xf5, 0x0, 0x0, 0x7e, 0x0, 0x4f, 0x0, 0x3f,
    0x30, 0x1f, 0x50, 0x0, 0x7, 0xe0, 0x4, 0xf0,
    0x3, 0xf3, 0x1, 0xf5, 0x0, 0x0, 0x7e, 0x0,
    0x4f, 0x0, 0x3f, 0x30, 0x1f, 0x50, 0x0, 0x7,
    0xe2, 0x26, 0xf0, 0x3, 0xf5, 0x23, 0xf5, 0x0,
    0x0, 0x5f, 0xff, 0xfe, 0x0, 0x1f, 0xff, 0xff,
    0x30, 0x0, 0x0, 0x22, 0x22, 0x10, 0x0, 0x12,
    0x22, 0x10, 0x0,

    /* U+EB1C "" */
    0x25, 0x55, 0x55, 0x55, 0x55, 0x55, 0x55, 0x55,
    0x55, 0x40, 0xff, 0xff, 0xff, 0xff, 0xff, 0xff,
    0xff, 0xff, 0xff, 0xf2, 0xff, 0xf6, 0x0, 0x0,
    0x0, 0x0, 0x0, 0x3, 0xef, 0xf3, 0xf6, 0x9f,
    0x90, 0x0, 0x0, 0x0, 0x0, 0x6f, 0xc3, 0xf3,
    0xf6, 0x6, 0xfc, 0x10, 0x0, 0x0, 0xa, 0xf9,
    0x1, 0xf3, 0xf6, 0x0, 0x3d, 0xe4, 0x0, 0x2,
    0xdf, 0x50, 0x1, 0xf3, 0xf6, 0x0, 0x1, 0xbf,
    0x70, 0x5f, 0xd2, 0x0, 0x1, 0xf3, 0xf6, 0x0,
    0x0, 0x7, 0xfd, 0xfa, 0x0, 0x0, 0x1, 0xf3,
    0xf6, 0x0, 0x0, 0x0, 0x4c, 0x60, 0x0, 0x0,
    0x1, 0xf3, 0xf6, 0x0, 0x0, 0x0, 0x0, 0x0,
    0x0, 0x0, 0x1, 0xf3, 0xf6, 0x0, 0x0, 0x0,
    0x0, 0x0, 0x0, 0x0, 0x1, 0xf3, 0xf6, 0x0,
    0x0, 0x0, 0x0, 0x0, 0x0, 0x0, 0x1, 0xf3,
    0xf6, 0x0, 0x0, 0x0, 0x0, 0x0, 0x0, 0x0,
    0x1, 0xf3, 0xff, 0xff, 0xff, 0xff, 0xff, 0xff,
    0xff, 0xff, 0xff, 0xf3, 0x36, 0x66, 0x66, 0x66,
    0x66, 0x66, 0x66, 0x66, 0x66, 0x40,

    /* U+EEE8 "" */
    0x0, 0x0, 0x0, 0x0, 0x0, 0x0, 0x0, 0x0,
    0x0, 0x0, 0x0, 0x0, 0x0, 0x0, 0x0, 0x3,
    0xdd, 0x0, 0x0, 0x0, 0x0, 0x0, 0x0, 0x0,
    0x0, 0x0, 0x4f, 0xff, 0x30, 0x0, 0x0, 0x0,
    0x0, 0x0, 0x0, 0x0, 0x5, 0xff, 0xff, 0x30,
    0x0, 0x0, 0x0, 0x0, 0x0, 0x0, 0x0, 0x7f,
    0xff, 0xff, 0x30, 0x0, 0x0, 0x0, 0x0, 0x0,
    0x22, 0x29, 0xff, 0xff, 0xff, 0x30, 0x1, 0x0,
    0x0, 0x0, 0x3e, 0xff, 0xff, 0xff, 0xff, 0xff,
    0x30, 0x4f, 0x90, 0x1, 0xdd, 0xdf, 0xff, 0xff,
    0xff, 0xff, 0xff, 0x30, 0x1d, 0xf9, 0x1d, 0xf9,
    0xff, 0xff, 0xff, 0xff, 0xff, 0xff, 0x30, 0x1,
    0xef, 0xff, 0x90, 0xff, 0xff, 0xff, 0xff, 0xff,
    0xff, 0x30, 0x0, 0x3f, 0xfd, 0x0, 0xff, 0xff,
    0xff, 0xff, 0xff, 0xff, 0x30, 0x1, 0xdf, 0xff,
    0x90, 0xdf, 0xff, 0xff, 0xff, 0xff, 0xff, 0x30,
    0x1d, 0xf9, 0x2d, 0xf9, 0x3e, 0xff, 0xff, 0xff,
    0xff, 0xff, 0x30, 0x3f, 0x90, 0x1, 0xde, 0x0,
    0x22, 0x29, 0xff, 0xff, 0xff, 0x30, 0x1, 0x0,
    0x0, 0x1, 0x0, 0x0, 0x0, 0x7f, 0xff, 0xff,
    0x30, 0x0, 0x0, 0x0, 0x0, 0x0, 0x0, 0x0,
    0x6, 0xff, 0xff, 0x30, 0x0, 0x0, 0x0, 0x0,
    0x0, 0x0, 0x0, 0x0, 0x4f, 0xff, 0x30, 0x0,
    0x0, 0x0, 0x0, 0x0, 0x0, 0x0, 0x0, 0x3,
    0xed, 0x0, 0x0, 0x0, 0x0, 0x0, 0x0, 0x0,
    0x0, 0x0, 0x0, 0x0, 0x0, 0x0, 0x0, 0x0,
    0x0,

    /* U+EFBA "" */
    0x0, 0x0, 0x58, 0x90, 0x98, 0x50, 0x0, 0x0,
    0x0, 0x4e, 0xff, 0xf0, 0xef, 0xfe, 0x50, 0x0,
    0x5, 0xff, 0xff, 0xf0, 0xef, 0xff, 0xf6, 0x0,
    0x2f, 0xff, 0xff, 0xf0, 0xef, 0xff, 0xff, 0x30,
    0x9f, 0xff, 0xff, 0xf0, 0xef, 0xff, 0xff, 0xa0,
    0xdf, 0xff, 0xff, 0xf0, 0xef, 0xff, 0xff, 0xf0,
    0xff, 0xff, 0xff, 0xf0, 0xef, 0xff, 0xff, 0xf0,
    0xff, 0xff, 0xff, 0xf0, 0xdf, 0xff, 0xff, 0xf1,
    0x0, 0x0, 0x0, 0x0, 0x0, 0x0, 0x0, 0x0,
    0xff, 0xff, 0xff, 0xff, 0xff, 0xff, 0xff, 0xf1,
    0xff, 0xff, 0xff, 0xff, 0xff, 0xff, 0xff, 0xf1,
    0xff, 0xff, 0xff, 0xff, 0xff, 0xff, 0xff, 0xf1,
    0xff, 0xff, 0xff, 0xff, 0xff, 0xff, 0xff, 0xf1,
    0xff, 0xff, 0xff, 0xff, 0xff, 0xff, 0xff, 0xf1,
    0xff, 0xff, 0xff, 0xff, 0xff, 0xff, 0xff, 0xf0,
    0xdf, 0xff, 0xff, 0xff, 0xff, 0xff, 0xff, 0xe0,
    0x8f, 0xff, 0xff, 0xff, 0xff, 0xff, 0xff, 0x90,
    0x1e, 0xff, 0xff, 0xff, 0xff, 0xff, 0xff, 0x20,
    0x4, 0xff, 0xff, 0xff, 0xff, 0xff, 0xf5, 0x0,
    0x0, 0x3c, 0xff, 0xff, 0xff, 0xfd, 0x40, 0x0,
    0x0, 0x0, 0x36, 0x77, 0x76, 0x30, 0x0, 0x0,

    /* U+F021 "" */
    0x0, 0x0, 0x0, 0x5, 0x78, 0x85, 0x0, 0x0,
    0x0, 0x0, 0x0, 0x0, 0x19, 0xff, 0xff, 0xff,
    0xf9, 0x10, 0x3e, 0x90, 0x0, 0x3, 0xef, 0xff,
    0xff, 0xff, 0xff, 0xe4, 0x7f, 0xf0, 0x0, 0x2f,
    0xff, 0xb4, 0x0, 0x4, 0xbf, 0xff, 0xcf, 0xf0,
    0x0, 0xdf, 0xf6, 0x0, 0x0, 0x0, 0x6, 0xff,
    0xff, 0xf0, 0x7, 0xff, 0x70, 0x0, 0x0, 0x0,
    0x27, 0xcf, 0xff, 0xf0, 0xd, 0xfd, 0x0, 0x0,
    0x0, 0x0, 0xdf, 0xff, 0xff, 0xf0, 0x9, 0xf4,
    0x0, 0x0, 0x0, 0x0, 0xaf, 0xff, 0xff, 0xb0,
    0x0, 0x0, 0x0, 0x0, 0x0, 0x0, 0x0, 0x0,
    0x0, 0x0, 0x0, 0x0, 0x0, 0x0, 0x0, 0x0,
    0x0, 0x0, 0x0, 0x0, 0x0, 0x0, 0x0, 0x0,
    0x0, 0x0, 0x0, 0x0, 0x20, 0x0, 0xaf, 0xff,
    0xff, 0xa0, 0x0, 0x0, 0x0, 0x5, 0xfc, 0x0,
    0xff, 0xff, 0xff, 0xe0, 0x0, 0x0, 0x0, 0xe,
    0xfd, 0x0, 0xff, 0xff, 0xc7, 0x20, 0x0, 0x0,
    0x0, 0x9f, 0xf6, 0x0, 0xff, 0xff, 0xf7, 0x0,
    0x0, 0x0, 0x9, 0xff, 0xc0, 0x0, 0xff, 0xbe,
    0xff, 0xd7, 0x32, 0x37, 0xdf, 0xfe, 0x10, 0x0,
    0xff, 0x82, 0xdf, 0xff, 0xff, 0xff, 0xff, 0xd2,
    0x0, 0x0, 0x9d, 0x30, 0x7, 0xef, 0xff, 0xff,
    0xe7, 0x0, 0x0, 0x0, 0x0, 0x0, 0x0, 0x2,
    0x56, 0x52, 0x0, 0x0, 0x0, 0x0,

    /* U+F027 "" */
    0x0, 0x0, 0x0, 0x0, 0x0, 0x0, 0x0, 0x0,
    0x0, 0x0, 0x0, 0x0, 0x3e, 0xb0, 0x0, 0x0,
    0x0, 0x0, 0x0, 0x4, 0xff, 0xf0, 0x0, 0x0,
    0x0, 0x0, 0x0, 0x6f, 0xff, 0xf0, 0x0, 0x0,
    0x0, 0x0, 0x8, 0xff, 0xff, 0xf0, 0x0, 0x0,
    0x7, 0xaa, 0xbf, 0xff, 0xff, 0xf0, 0x0, 0x0,
    0xaf, 0xff, 0xff, 0xff, 0xff, 0xf0, 0xf, 0x90,
    0xff, 0xff, 0xff, 0xff, 0xff, 0xf0, 0xb, 0xf2,
    0xff, 0xff, 0xff, 0xff, 0xff, 0xf0, 0x4, 0xf6,
    0xff, 0xff, 0xff, 0xff, 0xff, 0xf0, 0x8, 0xf4,
    0xdf, 0xff, 0xff, 0xff, 0xff, 0xf0, 0x1f, 0xc0,
    0x3c, 0xff, 0xff, 0xff, 0xff, 0xf0, 0x4, 0x10,
    0x0, 0x0, 0x1c, 0xff, 0xff, 0xf0, 0x0, 0x0,
    0x0, 0x0, 0x0, 0xbf, 0xff, 0xf0, 0x0, 0x0,
    0x0, 0x0, 0x0, 0x9, 0xff, 0xf0, 0x0, 0x0,
    0x0, 0x0, 0x0, 0x0, 0x8f, 0xe0, 0x0, 0x0,
    0x0, 0x0, 0x0, 0x0, 0x3, 0x20, 0x0, 0x0,

    /* U+F028 "" */
    0x0, 0x0, 0x0, 0x0, 0x0, 0x0, 0x0, 0x0,
    0x1, 0x0, 0x0, 0x0, 0x0, 0x0, 0x0, 0x3d,
    0xb0, 0x0, 0x0, 0xe, 0xc0, 0x0, 0x0, 0x0,
    0x0, 0x4, 0xff, 0xf0, 0x0, 0x0, 0x8, 0xfc,
    0x0, 0x0, 0x0, 0x0, 0x5f, 0xff, 0xf0, 0x0,
    0x7, 0x30, 0x9f, 0x70, 0x0, 0x0, 0x7, 0xff,
    0xff, 0xf0, 0x0, 0xe, 0xf3, 0xd, 0xf1, 0x6,
    0x99, 0xbf, 0xff, 0xff, 0xf0, 0x0, 0x3, 0xfd,
    0x5, 0xf6, 0xaf, 0xff, 0xff, 0xff, 0xff, 0xf0,
    0xe, 0x80, 0x7f, 0x40, 0xfb, 0xff, 0xff, 0xff,
    0xff, 0xff, 0xf0, 0xc, 0xf2, 0x2f, 0x80, 0xcd,
    0xff, 0xff, 0xff, 0xff, 0xff, 0xf0, 0x4, 0xf6,
    0xf, 0xa0, 0xbf, 0xff, 0xff, 0xff, 0xff, 0xff,
    0xf0, 0x8, 0xf4, 0xf, 0x90, 0xce, 0xdf, 0xff,
    0xff, 0xff, 0xff, 0xf0, 0x1f, 0xd0, 0x5f, 0x60,
    0xec, 0x3d, 0xff, 0xff, 0xff, 0xff, 0xf0, 0x5,
    0x10, 0xdf, 0x13, 0xf8, 0x0, 0x0, 0x1c, 0xff,
    0xff, 0xf0, 0x0, 0xb, 0xf7, 0xa, 0xf2, 0x0,
    0x0, 0x0, 0xbf, 0xff, 0xf0, 0x0, 0xd, 0x80,
    0x4f, 0xb0, 0x0, 0x0, 0x0, 0xa, 0xff, 0xf0,
    0x0, 0x0, 0x3, 0xef, 0x10, 0x0, 0x0, 0x0,
    0x0, 0x8f, 0xe0, 0x0, 0x0, 0xe, 0xf3, 0x0,
    0x0, 0x0, 0x0, 0x0, 0x4, 0x20, 0x0, 0x0,
    0x6, 0x30, 0x0,

    /* U+F03E "" */
    0x0, 0x22, 0x22, 0x22, 0x22, 0x22, 0x22, 0x22,
    0x22, 0x0, 0x2, 0xdf, 0xff, 0xff, 0xff, 0xff,
    0xff, 0xff, 0xff, 0xfe, 0x30, 0xcf, 0xdc, 0xcc,
    0xcc, 0xcc, 0xcc, 0xcc, 0xcc, 0xcc, 0xfe, 0xf,
    0xe0, 0x0, 0x0, 0x0, 0x0, 0x0, 0x0, 0x0,
    0xd, 0xf1, 0xfe, 0x0, 0x3a, 0x70, 0x0, 0x0,
    0x0, 0x0, 0x0, 0xdf, 0x1f, 0xe0, 0xf, 0xff,
    0x60, 0x0, 0x0, 0x0, 0x0, 0xd, 0xf1, 0xfe,
    0x2, 0xff, 0xf8, 0x0, 0x0, 0x0, 0x0, 0x0,
    0xdf, 0x1f, 0xe0, 0xa, 0xfe, 0x20, 0x0, 0x0,
    0x0, 0x0, 0xd, 0xf1, 0xfe, 0x0, 0x1, 0x0,
    0x0, 0x5, 0x50, 0x0, 0x0, 0xdf, 0x1f, 0xe0,
    0x0, 0x0, 0x0, 0x5, 0xff, 0x30, 0x0, 0xd,
    0xf1, 0xfe, 0x0, 0x0, 0x0, 0x2, 0xef, 0xfe,
    0x10, 0x0, 0xdf, 0x1f, 0xe0, 0x0, 0xcd, 0x0,
    0xcf, 0xff, 0xfb, 0x0, 0xd, 0xf1, 0xfe, 0x0,
    0x9f, 0xf9, 0x9f, 0xff, 0xff, 0xf8, 0x0, 0xdf,
    0x1f, 0xe0, 0x4f, 0xff, 0xff, 0xff, 0xff, 0xff,
    0xf4, 0xd, 0xf1, 0xfe, 0x1e, 0xff, 0xff, 0xff,
    0xff, 0xff, 0xff, 0xe1, 0xdf, 0x1f, 0xeb, 0xff,
    0xff, 0xff, 0xff, 0xff, 0xff, 0xff, 0xcd, 0xf1,
    0xef, 0xff, 0xff, 0xff, 0xff, 0xff, 0xff, 0xff,
    0xff, 0xff, 0x7, 0xff, 0xff, 0xff, 0xff, 0xff,
    0xff, 0xff, 0xff, 0xff, 0x80, 0x4, 0x89, 0x99,
    0x99, 0x99, 0x99, 0x99, 0x99, 0x98, 0x50, 0x0,

    /* U+F058 "" */
    0x0, 0x0, 0x0, 0x4, 0x79, 0x98, 0x51, 0x0,
    0x0, 0x0, 0x0, 0x0, 0x0, 0x7e, 0xff, 0xff,
    0xff, 0xfa, 0x20, 0x0, 0x0, 0x0, 0x2, 0xdf,
    0xff, 0xff, 0xff, 0xff, 0xff, 0x50, 0x0, 0x0,
    0x3, 0xff, 0xff, 0xff, 0xff, 0xff, 0xff, 0xff,
    0x70, 0x0, 0x1, 0xef, 0xff, 0xff, 0xff, 0xff,
    0xff, 0xff, 0xff, 0x40, 0x0, 0xaf, 0xff, 0xff,
    0xff, 0xff, 0xff, 0xff, 0xff, 0xfe, 0x0, 0x2f,
    0xff, 0xff, 0xff, 0xff, 0xff, 0xff, 0xff, 0xff,
    0xf7, 0x8, 0xff, 0xff, 0xff, 0xff, 0xff, 0xfe,
    0x35, 0xff, 0xff, 0xd0, 0xcf, 0xff, 0xff, 0xff,
    0xff, 0xfe, 0x20, 0x4f, 0xff, 0xff, 0x1e, 0xff,
    0xff, 0xea, 0xff, 0xfe, 0x20, 0x3f, 0xff, 0xff,
    0xf3, 0xff, 0xff, 0xf7, 0x5, 0xfe, 0x20, 0x4f,
    0xff, 0xff, 0xff, 0x4e, 0xff, 0xff, 0xd1, 0x5,
    0x20, 0x4f, 0xff, 0xff, 0xff, 0xf3, 0xcf, 0xff,
    0xff, 0xd1, 0x0, 0x4f, 0xff, 0xff, 0xff, 0xff,
    0x18, 0xff, 0xff, 0xff, 0xd2, 0x4f, 0xff, 0xff,
    0xff, 0xff, 0xd0, 0x3f, 0xff, 0xff, 0xff, 0xff,
    0xff, 0xff, 0xff, 0xff, 0xf7, 0x0, 0xaf, 0xff,
    0xff, 0xff, 0xff, 0xff, 0xff, 0xff, 0xfe, 0x0,
    0x1, 0xef, 0xff, 0xff, 0xff, 0xff, 0xff, 0xff,
    0xff, 0x50, 0x0, 0x3, 0xff, 0xff, 0xff, 0xff,
    0xff, 0xff, 0xff, 0x70, 0x0, 0x0, 0x2, 0xef,
    0xff, 0xff, 0xff, 0xff, 0xff, 0x60, 0x0, 0x0,
    0x0, 0x0, 0x8f, 0xff, 0xff, 0xff, 0xfb, 0x20,
    0x0, 0x0, 0x0, 0x0, 0x0, 0x5, 0x8a, 0xa9,
    0x61, 0x0, 0x0, 0x0, 0x0,

    /* U+F0C4 "" */
    0x0, 0x38, 0x97, 0x20, 0x0, 0x0, 0x0, 0x0,
    0x0, 0x0, 0x0, 0x8f, 0xff, 0xff, 0x60, 0x0,
    0x0, 0x0, 0x2, 0x65, 0x0, 0x5f, 0xff, 0xff,
    0xff, 0x40, 0x0, 0x0, 0x6, 0xff, 0xfc, 0xc,
    0xff, 0x30, 0x4f, 0xfb, 0x0, 0x0, 0x6, 0xff,
    0xff, 0xa0, 0xff, 0x90, 0x0, 0xbf, 0xd0, 0x0,
    0x6, 0xff, 0xff, 0xa0, 0xe, 0xfb, 0x0, 0xd,
    0xfc, 0x0, 0x7, 0xff, 0xff, 0xa0, 0x0, 0x9f,
    0xfb, 0x7c, 0xff, 0xc0, 0x7, 0xff, 0xff, 0xa0,
    0x0, 0x1, 0xef, 0xff, 0xff, 0xff, 0xb7, 0xff,
    0xff, 0xa0, 0x0, 0x0, 0x1, 0xbf, 0xff, 0xff,
    0xff, 0xff, 0xff, 0xa0, 0x0, 0x0, 0x0, 0x0,
    0x1, 0x5, 0xff, 0xff, 0xff, 0xa0, 0x0, 0x0,
    0x0, 0x0, 0x0, 0x0, 0x9, 0xff, 0xff, 0xa0,
    0x0, 0x0, 0x0, 0x0, 0x0, 0x1, 0x5, 0xff,
    0xff, 0xa0, 0x40, 0x0, 0x0, 0x0, 0x1, 0xaf,
    0xff, 0xff, 0xff, 0xa0, 0x7f, 0xa0, 0x0, 0x0,
    0x1, 0xef, 0xff, 0xff, 0xff, 0xa0, 0x7f, 0xff,
    0xa0, 0x0, 0x0, 0x9f, 0xfa, 0x6b, 0xff, 0xc0,
    0x6, 0xff, 0xff, 0xa0, 0x0, 0xe, 0xfb, 0x0,
    0xd, 0xfc, 0x0, 0x6, 0xff, 0xff, 0xa0, 0x0,
    0xff, 0x90, 0x0, 0xbf, 0xd0, 0x0, 0x6, 0xff,
    0xff, 0xa0, 0xd, 0xfe, 0x20, 0x3f, 0xfb, 0x0,
    0x0, 0x6, 0xff, 0xff, 0xa0, 0x6f, 0xff, 0xef,
    0xff, 0x40, 0x0, 0x0, 0x6, 0xff, 0xfc, 0x0,
    0x8f, 0xff, 0xff, 0x70, 0x0, 0x0, 0x0, 0x2,
    0x75, 0x0, 0x0, 0x39, 0xa8, 0x20, 0x0, 0x0,
    0x0, 0x0, 0x0, 0x0, 0x0,

    /* U+F0C5 "" */
    0x0, 0x0, 0x0, 0x8c, 0xdd, 0xdd, 0xdc, 0x40,
    0x0, 0x0, 0x0, 0x8, 0xff, 0xff, 0xff, 0xff,
    0xf5, 0x0, 0x0, 0x0, 0xd, 0xf2, 0x0, 0x0,
    0x5, 0xff, 0x40, 0x0, 0x0, 0xe, 0xf0, 0x0,
    0x0, 0x0, 0x5f, 0xf3, 0x0, 0x0, 0xe, 0xf0,
    0x0, 0x0, 0x0, 0x5, 0xfc, 0x7, 0xb9, 0xe,
    0xf0, 0x0, 0x0, 0x0, 0x1, 0xfd, 0x9f, 0xfd,
    0xe, 0xf0, 0x0, 0x0, 0x0, 0x1, 0xfd, 0xef,
    0x31, 0xe, 0xf0, 0x0, 0x0, 0x0, 0x1, 0xfd,
    0xfe, 0x0, 0xe, 0xf0, 0x0, 0x0, 0x0, 0x1,
    0xfd, 0xfe, 0x0, 0xe, 0xf0, 0x0, 0x0, 0x0,
    0x1, 0xfd, 0xfe, 0x0, 0xe, 0xf0, 0x0, 0x0,
    0x0, 0x1, 0xfd, 0xfe, 0x0, 0xe, 0xf0, 0x0,
    0x0, 0x0, 0x1, 0xfd, 0xfe, 0x0, 0xe, 0xf0,
    0x0, 0x0, 0x0, 0x1, 0xfd, 0xfe, 0x0, 0xd,
    0xf3, 0x11, 0x11, 0x11, 0x14, 0xfc, 0xfe, 0x0,
    0x8, 0xff, 0xff, 0xff, 0xff, 0xff, 0xf7, 0xfe,
    0x0, 0x0, 0x8c, 0xdd, 0xdd, 0xdd, 0xdc, 0x70,
    0xfe, 0x0, 0x0, 0x0, 0x0, 0x0, 0x0, 0x0,
    0x0, 0xfe, 0x0, 0x0, 0x0, 0x0, 0x3f, 0xa0,
    0x0, 0x0, 0xff, 0x10, 0x0, 0x0, 0x0, 0x5f,
    0xa0, 0x0, 0x0, 0xaf, 0xff, 0xff, 0xff, 0xff,
    0xff, 0x50, 0x0, 0x0, 0x9, 0xde, 0xee, 0xee,
    0xee, 0xc7, 0x0, 0x0, 0x0,

    /* U+F0EA "" */
    0x0, 0x0, 0x17, 0x95, 0x0, 0x0, 0x0, 0x0,
    0x0, 0x0, 0x0, 0x68, 0x8d, 0xfe, 0xfa, 0x88,
    0x40, 0x0, 0x0, 0x0, 0x0, 0xbf, 0xff, 0xf8,
    0xd, 0xff, 0xff, 0x50, 0x0, 0x0, 0x0, 0xf,
    0xff, 0xff, 0xc6, 0xff, 0xff, 0xf9, 0x0, 0x0,
    0x0, 0x0, 0xff, 0xff, 0xff, 0xff, 0xe5, 0x10,
    0x0, 0x0, 0x0, 0x0, 0xf, 0xff, 0xff, 0xff,
    0xf3, 0x4, 0x55, 0x55, 0x51, 0x0, 0x0, 0xff,
    0xff, 0xff, 0xfc, 0xb, 0xff, 0xff, 0xff, 0xf5,
    0x0, 0xf, 0xff, 0xff, 0xff, 0x91, 0xff, 0xff,
    0xff, 0xff, 0xf5, 0x0, 0xff, 0xff, 0xff, 0xf9,
    0x2f, 0xff, 0xff, 0xff, 0xff, 0xf5, 0xf, 0xff,
    0xff, 0xff, 0x92, 0xff, 0xff, 0xff, 0xff, 0xff,
    0xf1, 0xff, 0xff, 0xff, 0xf9, 0x2f, 0xff, 0xff,
    0xff, 0xff, 0xff, 0x3f, 0xff, 0xff, 0xff, 0x92,
    0xff, 0xff, 0xff, 0xff, 0xff, 0xf4, 0xff, 0xff,
    0xff, 0xf9, 0x2f, 0xff, 0xff, 0xff, 0xff, 0xff,
    0x4f, 0xff, 0xff, 0xff, 0x92, 0xff, 0xff, 0xff,
    0xff, 0xff, 0xf4, 0xff, 0xff, 0xff, 0xf9, 0x2f,
    0xff, 0xff, 0xff, 0xff, 0xff, 0x4f, 0xff, 0xff,
    0xff, 0x92, 0xff, 0xff, 0xff, 0xff, 0xff, 0xf4,
    0xff, 0xff, 0xff, 0xf9, 0x2f, 0xff, 0xff, 0xff,
    0xff, 0xff, 0x49, 0xff, 0xff, 0xff, 0x92, 0xff,
    0xff, 0xff, 0xff, 0xff, 0xf4, 0x4, 0x55, 0x55,
    0x53, 0x1f, 0xff, 0xff, 0xff, 0xff, 0xff, 0x30,
    0x0, 0x0, 0x0, 0x0, 0xff, 0xff, 0xff, 0xff,
    0xff, 0xf2, 0x0, 0x0, 0x0, 0x0, 0x5, 0xde,
    0xee, 0xee, 0xee, 0xd7, 0x0,

    /* U+F100 "" */
    0x0, 0x0, 0x0, 0x0, 0x0, 0x0, 0x0, 0x0,
    0x0, 0x0, 0x0, 0x7, 0xf9, 0x0, 0x0, 0x1c,
    0xf3, 0x0, 0x0, 0x8, 0xff, 0xc0, 0x0, 0x1d,
    0xff, 0x60, 0x0, 0x8, 0xff, 0xe2, 0x0, 0x1c,
    0xff, 0xb0, 0x0, 0x8, 0xff, 0xe2, 0x0, 0x1c,
    0xff, 0xb0, 0x0, 0x8, 0xff, 0xe2, 0x0, 0x1c,
    0xff, 0xa0, 0x0, 0x8, 0xff, 0xe2, 0x0, 0x1c,
    0xff, 0xa0, 0x0, 0x7, 0xff, 0xe2, 0x0, 0xc,
    0xff, 0xa0, 0x0, 0x0, 0xff, 0xf4, 0x0, 0x5,
    0xff, 0xe0, 0x0, 0x0, 0x8, 0xff, 0xe2, 0x0,
    0x1d, 0xff, 0xa0, 0x0, 0x0, 0x8, 0xff, 0xe2,
    0x0, 0x1d, 0xff, 0xa0, 0x0, 0x0, 0x8, 0xff,
    0xe2, 0x0, 0x1d, 0xff, 0xa0, 0x0, 0x0, 0x8,
    0xff, 0xe2, 0x0, 0x1d, 0xff, 0xa0, 0x0, 0x0,
    0x9, 0xff, 0xe2, 0x0, 0x1d, 0xff, 0xa0, 0x0,
    0x0, 0x9, 0xff, 0xc0, 0x0, 0x1d, 0xff, 0x60,
    0x0, 0x0, 0x9, 0xfa, 0x0, 0x0, 0x1d, 0xf4,
    0x0, 0x0, 0x0, 0x1, 0x0, 0x0, 0x0, 0x1,
    0x0,

    /* U+F101 "" */
    0x0, 0x0, 0x0, 0x0, 0x0, 0x0, 0x0, 0x0,
    0xb, 0xf6, 0x0, 0x0, 0x2f, 0xd2, 0x0, 0x0,
    0x0, 0xef, 0xf6, 0x0, 0x4, 0xff, 0xe2, 0x0,
    0x0, 0x4, 0xff, 0xf6, 0x0, 0x9, 0xff, 0xe2,
    0x0, 0x0, 0x4, 0xff, 0xf6, 0x0, 0x9, 0xff,
    0xe2, 0x0, 0x0, 0x4, 0xff, 0xf6, 0x0, 0x9,
    0xff, 0xe2, 0x0, 0x0, 0x3, 0xff, 0xf6, 0x0,
    0x9, 0xff, 0xe2, 0x0, 0x0, 0x3, 0xff, 0xf5,
    0x0, 0x9, 0xff, 0xe1, 0x0, 0x0, 0x6, 0xff,
    0xd0, 0x0, 0xc, 0xff, 0x70, 0x0, 0x3, 0xff,
    0xf6, 0x0, 0x8, 0xff, 0xe1, 0x0, 0x3, 0xff,
    0xf7, 0x0, 0x8, 0xff, 0xe2, 0x0, 0x3, 0xff,
    0xf7, 0x0, 0x8, 0xff, 0xe2, 0x0, 0x3, 0xff,
    0xf7, 0x0, 0x8, 0xff, 0xe2, 0x0, 0x3, 0xff,
    0xf7, 0x0, 0x8, 0xff, 0xe2, 0x0, 0x0, 0xef,
    0xf7, 0x0, 0x4, 0xff, 0xe2, 0x0, 0x0, 0xc,
    0xf7, 0x0, 0x0, 0x2f, 0xe2, 0x0, 0x0, 0x0,
    0x1, 0x0, 0x0, 0x0, 0x10, 0x0, 0x0, 0x0,
    0x0,

    /* U+F102 "" */
    0x0, 0x0, 0x0, 0x5, 0x10, 0x0, 0x0, 0x0,
    0x0, 0x0, 0x0, 0xbf, 0xe2, 0x0, 0x0, 0x0,
    0x0, 0x0, 0xb, 0xff, 0xfe, 0x20, 0x0, 0x0,
    0x0, 0x0, 0xbf, 0xfe, 0xff, 0xe2, 0x0, 0x0,
    0x0, 0xb, 0xff, 0xc0, 0x8f, 0xfe, 0x20, 0x0,
    0x0, 0xbf, 0xfc, 0x0, 0x8, 0xff, 0xe2, 0x0,
    0xb, 0xff, 0xc0, 0x0, 0x0, 0x8f, 0xfe, 0x20,
    0xbf, 0xfc, 0x0, 0x0, 0x0, 0x8, 0xff, 0xe0,
    0xef, 0xc0, 0x0, 0x2a, 0x50, 0x0, 0x8f, 0xf2,
    0x37, 0x0, 0x3, 0xef, 0xf6, 0x0, 0x5, 0x50,
    0x0, 0x0, 0x3e, 0xff, 0xff, 0x60, 0x0, 0x0,
    0x0, 0x3, 0xef, 0xf9, 0xff, 0xf6, 0x0, 0x0,
    0x0, 0x3e, 0xff, 0x70, 0x3f, 0xff, 0x60, 0x0,
    0x3, 0xff, 0xf7, 0x0, 0x3, 0xff, 0xf6, 0x0,
    0x3f, 0xff, 0x70, 0x0, 0x0, 0x3f, 0xff, 0x60,
    0xef, 0xf7, 0x0, 0x0, 0x0, 0x3, 0xff, 0xf2,
    0xcf, 0x70, 0x0, 0x0, 0x0, 0x0, 0x3f, 0xe1,
    0x1, 0x0, 0x0, 0x0, 0x0, 0x0, 0x0, 0x0,

    /* U+F103 "" */
    0x0, 0x0, 0x0, 0x0, 0x0, 0x0, 0x0, 0x0,
    0xbf, 0x60, 0x0, 0x0, 0x0, 0x0, 0x3e, 0xe1,
    0xef, 0xf6, 0x0, 0x0, 0x0, 0x3, 0xef, 0xf2,
    0x4f, 0xff, 0x60, 0x0, 0x0, 0x3e, 0xff, 0x70,
    0x4, 0xff, 0xf6, 0x0, 0x3, 0xef, 0xf7, 0x0,
    0x0, 0x4f, 0xff, 0x60, 0x3e, 0xff, 0x70, 0x0,
    0x0, 0x3, 0xff, 0xf8, 0xef, 0xf7, 0x0, 0x0,
    0x0, 0x0, 0x3f, 0xff, 0xff, 0x70, 0x0, 0x0,
    0x36, 0x0, 0x3, 0xff, 0xf7, 0x0, 0x5, 0x40,
    0xef, 0xb0, 0x0, 0x3b, 0x60, 0x0, 0x8f, 0xf2,
    0xbf, 0xfb, 0x0, 0x0, 0x0, 0x8, 0xff, 0xe1,
    0xc, 0xff, 0xb0, 0x0, 0x0, 0x8f, 0xfe, 0x20,
    0x0, 0xcf, 0xfb, 0x0, 0x8, 0xff, 0xe2, 0x0,
    0x0, 0xc, 0xff, 0xc0, 0x8f, 0xfe, 0x20, 0x0,
    0x0, 0x0, 0xcf, 0xfe, 0xff, 0xe2, 0x0, 0x0,
    0x0, 0x0, 0xc, 0xff, 0xfe, 0x20, 0x0, 0x0,
    0x0, 0x0, 0x0, 0xcf, 0xe2, 0x0, 0x0, 0x0,
    0x0, 0x0, 0x0, 0x5, 0x10, 0x0, 0x0, 0x0,

    /* U+F11C "" */
    0x9, 0xcd, 0xdd, 0xdd, 0xdd, 0xdd, 0xdd, 0xdd,
    0xdd, 0xdc, 0x90, 0xaf, 0xff, 0xff, 0xff, 0xff,
    0xff, 0xff, 0xff, 0xff, 0xff, 0xfa, 0xfe, 0x0,
    0x0, 0x0, 0x0, 0x0, 0x0, 0x0, 0x0, 0x1,
    0xef, 0xfd, 0x0, 0x86, 0x8, 0x70, 0x87, 0x7,
    0x80, 0x78, 0x0, 0xdf, 0xfd, 0x0, 0xfc, 0xe,
    0xc0, 0xed, 0xd, 0xe0, 0xcf, 0x0, 0xdf, 0xfd,
    0x0, 0x10, 0x1, 0x0, 0x11, 0x0, 0x10, 0x1,
    0x0, 0xdf, 0xfd, 0x0, 0x11, 0x1, 0x10, 0x11,
    0x1, 0x10, 0x11, 0x0, 0xdf, 0xfd, 0x0, 0xfc,
    0xe, 0xc0, 0xed, 0xd, 0xe0, 0xcf, 0x0, 0xdf,
    0xfd, 0x0, 0x86, 0x8, 0x70, 0x87, 0x7, 0x80,
    0x78, 0x0, 0xdf, 0xfd, 0x0, 0x0, 0x0, 0x0,
    0x0, 0x0, 0x0, 0x0, 0x0, 0xdf, 0xfd, 0x0,
    0x0, 0xcf, 0xff, 0xff, 0xff, 0xfc, 0x0, 0x0,
    0xdf, 0xfd, 0x0, 0x0, 0x9c, 0xcc, 0xcc, 0xcc,
    0xc9, 0x0, 0x0, 0xdf, 0xfe, 0x0, 0x0, 0x0,
    0x0, 0x0, 0x0, 0x0, 0x0, 0x0, 0xef, 0xbf,
    0xff, 0xff, 0xff, 0xff, 0xff, 0xff, 0xff, 0xff,
    0xff, 0xfa, 0x19, 0xde, 0xee, 0xee, 0xee, 0xee,
    0xee, 0xee, 0xee, 0xed, 0x91,

    /* U+F1EC "" */
    0x5, 0x89, 0x99, 0x99, 0x99, 0x99, 0x85, 0x0,
    0x7f, 0xff, 0xff, 0xff, 0xff, 0xff, 0xff, 0x90,
    0xef, 0xff, 0xff, 0xff, 0xff, 0xff, 0xff, 0xf0,
    0xff, 0xc0, 0x0, 0x0, 0x0, 0x0, 0xbf, 0xf1,
    0xff, 0x80, 0x0, 0x0, 0x0, 0x0, 0x7f, 0xf1,
    0xff, 0x80, 0x0, 0x0, 0x0, 0x0, 0x7f, 0xf1,
    0xff, 0xe5, 0x44, 0x44, 0x44, 0x45, 0xef, 0xf1,
    0xff, 0xff, 0xff, 0xff, 0xff, 0xff, 0xff, 0xf1,
    0xff, 0xd1, 0x4f, 0xa0, 0x7f, 0x70, 0xbf, 0xf1,
    0xff, 0x90, 0xf, 0x60, 0x2f, 0x30, 0x8f, 0xf1,
    0xff, 0xf8, 0xbf, 0xe7, 0xcf, 0xc7, 0xef, 0xf1,
    0xff, 0xfe, 0xff, 0xfe, 0xff, 0xfe, 0xff, 0xf1,
    0xff, 0xb0, 0x2f, 0x80, 0x5f, 0x50, 0xaf, 0xf1,
    0xff, 0xb0, 0x2f, 0x80, 0x5f, 0x50, 0xaf, 0xf1,
    0xff, 0xfe, 0xff, 0xfe, 0xff, 0xfe, 0xff, 0xf1,
    0xff, 0xf8, 0x66, 0x66, 0xcf, 0xc7, 0xef, 0xf1,
    0xff, 0x90, 0x0, 0x0, 0x2f, 0x30, 0x8f, 0xf1,
    0xff, 0xc0, 0x0, 0x0, 0x6f, 0x60, 0xbf, 0xf1,
    0xef, 0xff, 0xff, 0xff, 0xff, 0xff, 0xff, 0xf0,
    0x8f, 0xff, 0xff, 0xff, 0xff, 0xff, 0xff, 0x90,
    0x5, 0x99, 0x99, 0x99, 0x99, 0x99, 0x96, 0x0,

    /* U+F204 "" */
    0x0, 0x0, 0x5b, 0xef, 0xff, 0xff, 0xff, 0xfd,
    0xb5, 0x0, 0x0, 0x0, 0x2d, 0xff, 0xff, 0xff,
    0xff, 0xff, 0xff, 0xff, 0xc2, 0x0, 0x2, 0xef,
    0xfe, 0x98, 0x88, 0x88, 0x88, 0x89, 0xef, 0xfe,
    0x20, 0xd, 0xff, 0x70, 0x1, 0x0, 0x0, 0x0,
    0x0, 0x8, 0xff, 0xc0, 0x5f, 0xf7, 0xa, 0xff,
    0xe6, 0x0, 0x0, 0x0, 0x0, 0x7f, 0xf5, 0xbf,
    0xd0, 0xbf, 0xff, 0xff, 0x50, 0x0, 0x0, 0x0,
    0xe, 0xfb, 0xef, 0x83, 0xff, 0xff, 0xff, 0xd0,
    0x0, 0x0, 0x0, 0x9, 0xfe, 0xff, 0x75, 0xff,
    0xff, 0xff, 0xf0, 0x0, 0x0, 0x0, 0x7, 0xff,
    0xef, 0x83, 0xff, 0xff, 0xff, 0xd0, 0x0, 0x0,
    0x0, 0x9, 0xfe, 0xbf, 0xd0, 0xbf, 0xff, 0xff,
    0x50, 0x0, 0x0, 0x0, 0xe, 0xfb, 0x5f, 0xf7,
    0xa, 0xff, 0xf6, 0x0, 0x0, 0x0, 0x0, 0x7f,
    0xf5, 0xd, 0xff, 0x70, 0x12, 0x0, 0x0, 0x0,
    0x0, 0x7, 0xff, 0xc0, 0x2, 0xef, 0xfe, 0x98,
    0x88, 0x88, 0x88, 0x89, 0xef, 0xfe, 0x20, 0x0,
    0x2d, 0xff, 0xff, 0xff, 0xff, 0xff, 0xff, 0xff,
    0xc2, 0x0, 0x0, 0x0, 0x5b, 0xef, 0xff, 0xff,
    0xff, 0xfe, 0xb5, 0x0, 0x0,

    /* U+F205 "" */
    0x0, 0x0, 0x28, 0xab, 0xcc, 0xcc, 0xcc, 0xba,
    0x72, 0x0, 0x0, 0x0, 0xa, 0xff, 0xff, 0xff,
    0xff, 0xff, 0xff, 0xff, 0xa0, 0x0, 0x1, 0xdf,
    0xff, 0xff, 0xff, 0xff, 0xff, 0xff, 0xff, 0xfd,
    0x0, 0xb, 0xff, 0xff, 0xff, 0xff, 0xff, 0xff,
    0xff, 0xff, 0xff, 0xb0, 0x4f, 0xff, 0xff, 0xff,
    0xff, 0xff, 0xa2, 0x1, 0x7f, 0xff, 0xf4, 0xaf,
    0xff, 0xff, 0xff, 0xff, 0xfa, 0x0, 0x0, 0x5,
    0xff, 0xfa, 0xef, 0xff, 0xff, 0xff, 0xff, 0xf2,
    0x0, 0x0, 0x0, 0xdf, 0xfe, 0xff, 0xff, 0xff,
    0xff, 0xff, 0xf0, 0x0, 0x0, 0x0, 0xbf, 0xff,
    0xef, 0xff, 0xff, 0xff, 0xff, 0xf2, 0x0, 0x0,
    0x0, 0xcf, 0xfe, 0xbf, 0xff, 0xff, 0xff, 0xff,
    0xf8, 0x0, 0x0, 0x3, 0xff, 0xfb, 0x6f, 0xff,
    0xff, 0xff, 0xff, 0xff, 0x70, 0x0, 0x4e, 0xff,
    0xf6, 0xd, 0xff, 0xff, 0xff, 0xff, 0xff, 0xfe,
    0xcd, 0xff, 0xff, 0xd0, 0x2, 0xef, 0xff, 0xff,
    0xff, 0xff, 0xff, 0xff, 0xff, 0xfe, 0x20, 0x0,
    0x2d, 0xff, 0xff, 0xff, 0xff, 0xff, 0xff, 0xff,
    0xd2, 0x0, 0x0, 0x0, 0x6b, 0xef, 0xff, 0xff,
    0xff, 0xfe, 0xb5, 0x0, 0x0,

    /* U+F2D3 "" */
    0x1, 0x56, 0x66, 0x66, 0x66, 0x66, 0x66, 0x65,
    0x10, 0x4f, 0xff, 0xff, 0xff, 0xff, 0xff, 0xff,
    0xff, 0xf3, 0xdf, 0xff, 0xff, 0xff, 0xff, 0xff,
    0xff, 0xff, 0xfc, 0xff, 0xff, 0xff, 0xff, 0xff,
    0xff, 0xff, 0xff, 0xfe, 0xff, 0xff, 0xff, 0xff,
    0xff, 0xff, 0xff, 0xff, 0xfe, 0xff, 0xff, 0xff,
    0xff, 0xff, 0xff, 0xff, 0xff, 0xfe, 0xff, 0xff,
    0xf9, 0x1b, 0xff, 0xa1, 0xaf, 0xff, 0xfe, 0xff,
    0xff, 0xf9, 0x0, 0xba, 0x0, 0xbf, 0xff, 0xfe,
    0xff, 0xff, 0xff, 0x80, 0x0, 0x9, 0xff, 0xff,
    0xfe, 0xff, 0xff, 0xff, 0xf5, 0x0, 0x6f, 0xff,
    0xff, 0xfe, 0xff, 0xff, 0xff, 0x90, 0x0, 0xa,
    0xff, 0xff, 0xfe, 0xff, 0xff, 0xfa, 0x0, 0xa9,
    0x0, 0xbf, 0xff, 0xfe, 0xff, 0xff, 0xf9, 0xb,
    0xff, 0x90, 0xaf, 0xff, 0xfe, 0xff, 0xff, 0xff,
    0xff, 0xff, 0xff, 0xff, 0xff, 0xfe, 0xff, 0xff,
    0xff, 0xff, 0xff, 0xff, 0xff, 0xff, 0xfe, 0xff,
    0xff, 0xff, 0xff, 0xff, 0xff, 0xff, 0xff, 0xfe,
    0xdf, 0xff, 0xff, 0xff, 0xff, 0xff, 0xff, 0xff,
    0xfc, 0x5f, 0xff, 0xff, 0xff, 0xff, 0xff, 0xff,
    0xff, 0xf4, 0x2, 0x66, 0x66, 0x66, 0x66, 0x66,
    0x66, 0x65, 0x10,

    /* U+F2EA "" */
    0x0, 0x0, 0x0, 0x2, 0x56, 0x53, 0x0, 0x0,
    0x0, 0x8, 0x80, 0x0, 0x6e, 0xff, 0xff, 0xfe,
    0x70, 0x0, 0x0, 0xff, 0x91, 0xcf, 0xff, 0xff,
    0xff, 0xff, 0xd2, 0x0, 0xf, 0xff, 0xff, 0xfe,
    0x73, 0x23, 0x7d, 0xff, 0xe2, 0x0, 0xff, 0xff,
    0xf9, 0x0, 0x0, 0x0, 0x8, 0xff, 0xd0, 0xf,
    0xff, 0xff, 0x90, 0x0, 0x0, 0x0, 0x8, 0xff,
    0x60, 0xff, 0xff, 0xff, 0x90, 0x0, 0x0, 0x0,
    0xd, 0xfd, 0xe, 0xff, 0xff, 0xfe, 0x0, 0x0,
    0x0, 0x0, 0x7f, 0xf2, 0x13, 0x33, 0x33, 0x10,
    0x0, 0x0, 0x0, 0x3, 0xff, 0x50, 0x0, 0x0,
    0x0, 0x0, 0x0, 0x0, 0x0, 0x2f, 0xf6, 0x0,
    0x0, 0x0, 0x0, 0x0, 0x0, 0x0, 0x3, 0xff,
    0x50, 0x0, 0x0, 0x0, 0x0, 0x0, 0x0, 0x0,
    0x7f, 0xf2, 0x0, 0x0, 0x0, 0x0, 0x0, 0x0,
    0x0, 0xd, 0xfd, 0x0, 0x0, 0x24, 0x0, 0x0,
    0x0, 0x0, 0x9, 0xff, 0x60, 0x0, 0xf, 0xf9,
    0x0, 0x0, 0x0, 0x9, 0xff, 0xd0, 0x0, 0x0,
    0xef, 0xfe, 0x73, 0x23, 0x7d, 0xff, 0xe2, 0x0,
    0x0, 0x1, 0xcf, 0xff, 0xff, 0xff, 0xff, 0xd2,
    0x0, 0x0, 0x0, 0x0, 0x6d, 0xff, 0xff, 0xfe,
    0x70, 0x0, 0x0, 0x0, 0x0, 0x0, 0x2, 0x56,
    0x52, 0x0, 0x0, 0x0, 0x0,

    /* U+F2F9 "" */
    0x0, 0x0, 0x0, 0x14, 0x65, 0x40, 0x0, 0x0,
    0x0, 0x0, 0x0, 0x3, 0xbf, 0xff, 0xff, 0xfa,
    0x10, 0x3, 0xb2, 0x0, 0x8, 0xff, 0xff, 0xff,
    0xff, 0xff, 0x54, 0xff, 0x60, 0xa, 0xff, 0xf9,
    0x42, 0x35, 0xbf, 0xff, 0xff, 0xf6, 0x7, 0xff,
    0xd2, 0x0, 0x0, 0x0, 0x4f, 0xff, 0xff, 0x61,
    0xff, 0xd1, 0x0, 0x0, 0x0, 0x4, 0xff, 0xff,
    0xf6, 0x7f, 0xf4, 0x0, 0x0, 0x0, 0x3, 0xff,
    0xff, 0xff, 0x6c, 0xfd, 0x0, 0x0, 0x0, 0x0,
    0x7f, 0xff, 0xff, 0xf4, 0xef, 0x90, 0x0, 0x0,
    0x0, 0x0, 0x33, 0x33, 0x32, 0xf, 0xf8, 0x0,
    0x0, 0x0, 0x0, 0x0, 0x0, 0x0, 0x0, 0xef,
    0x90, 0x0, 0x0, 0x0, 0x0, 0x0, 0x0, 0x0,
    0xc, 0xfd, 0x0, 0x0, 0x0, 0x0, 0x0, 0x0,
    0x0, 0x0, 0x7f, 0xf4, 0x0, 0x0, 0x0, 0x0,
    0x0, 0x0, 0x0, 0x1, 0xff, 0xd1, 0x0, 0x0,
    0x0, 0x0, 0x24, 0x0, 0x0, 0x7, 0xff, 0xd2,
    0x0, 0x0, 0x0, 0x4f, 0xf6, 0x0, 0x0, 0xa,
    0xff, 0xf9, 0x42, 0x25, 0xbf, 0xff, 0x50, 0x0,
    0x0, 0x9, 0xff, 0xff, 0xff, 0xff, 0xff, 0x50,
    0x0, 0x0, 0x0, 0x3, 0xbf, 0xff, 0xff, 0xfa,
    0x10, 0x0, 0x0, 0x0, 0x0, 0x0, 0x14, 0x55,
    0x30, 0x0, 0x0, 0x0, 0x0,

    /* U+F4EE "" */
    0x0, 0x0, 0x0, 0x0, 0x0, 0x6, 0xc6, 0x0,
    0x0, 0x0, 0x0, 0x0, 0x0, 0x0, 0x0, 0xbf,
    0xfc, 0x20, 0x0, 0x0, 0x0, 0x0, 0x0, 0x0,
    0x7, 0xff, 0xfe, 0x30, 0x0, 0x0, 0x0, 0x0,
    0x0, 0x0, 0x5f, 0xdd, 0xfe, 0x10, 0x0, 0x0,
    0x0, 0x0, 0x0, 0x5, 0xfc, 0x1d, 0xfa, 0x0,
    0x0, 0x0, 0x0, 0x0, 0x0, 0x6f, 0xa0, 0x3f,
    0xf2, 0x0, 0x0, 0x0, 0x0, 0x0, 0xa, 0xf7,
    0x0, 0xbf, 0x80, 0x0, 0x0, 0x0, 0x0, 0x1,
    0xff, 0x30, 0x6, 0xfc, 0x0, 0x0, 0x0, 0x0,
    0x0, 0xaf, 0xc0, 0x0, 0x3f, 0xe0, 0x0, 0x0,
    0x0, 0x0, 0x7f, 0xf2, 0x0, 0x2, 0xff, 0x0,
    0x0, 0x0, 0x1, 0x9f, 0xf6, 0x0, 0x0, 0x3f,
    0xd5, 0xa7, 0x44, 0x59, 0xef, 0xf6, 0x0, 0x0,
    0x7, 0xfb, 0xbf, 0xff, 0xff, 0xff, 0xc3, 0x0,
    0x0, 0x0, 0xdf, 0x65, 0xff, 0xed, 0xc9, 0x40,
    0x0, 0x0, 0x0, 0x6f, 0xe0, 0xc, 0xfc, 0x0,
    0x0, 0x0, 0x0, 0x0, 0x3f, 0xf6, 0x0, 0x2e,
    0xfd, 0x30, 0x0, 0x0, 0x0, 0x6f, 0xf9, 0x0,
    0x0, 0x2e, 0xff, 0xb6, 0x43, 0x47, 0xdf, 0xf9,
    0x0, 0x0, 0x0, 0x19, 0xff, 0xff, 0xff, 0xff,
    0xe6, 0x0, 0x0, 0x0, 0x0, 0x1, 0x7b, 0xdd,
    0xca, 0x50, 0x0, 0x0, 0x0,

    /* U+F522 "" */
    0x0, 0x0, 0x0, 0x0, 0x0, 0x22, 0x0, 0x0,
    0x0, 0x0, 0x0, 0x0, 0x0, 0x0, 0x0, 0x0,
    0xff, 0x0, 0x0, 0x0, 0x0, 0x0, 0x0, 0x0,
    0x0, 0x0, 0x0, 0xff, 0x0, 0x0, 0x0, 0x0,
    0x0, 0x0, 0x3, 0x30, 0x0, 0x0, 0xff, 0x0,
    0x0, 0x3, 0x30, 0x0, 0x0, 0xf, 0xf6, 0x0,
    0x0, 0xaa, 0x0, 0x0, 0x7f, 0xf0, 0x0, 0x0,
    0x8, 0xff, 0x60, 0x0, 0x0, 0x0, 0x6, 0xff,
    0x80, 0x0, 0x0, 0x0, 0x6e, 0x50, 0x5b, 0xee,
    0xb5, 0x6, 0xe6, 0x0, 0x0, 0x0, 0x0, 0x0,
    0x9, 0xff, 0xff, 0xff, 0x90, 0x0, 0x0, 0x0,
    0x0, 0x0, 0x0, 0x6f, 0xf8, 0x22, 0x8f, 0xf6,
    0x0, 0x0, 0x0, 0x0, 0x0, 0x0, 0xef, 0x70,
    0x0, 0x7, 0xfe, 0x0, 0x0, 0x0, 0x24, 0x42,
    0x3, 0xff, 0x0, 0x0, 0x0, 0xff, 0x20, 0x24,
    0x42, 0xef, 0xff, 0x14, 0xfc, 0x0, 0x0, 0x0,
    0xdf, 0x41, 0xff, 0xfe, 0x8c, 0xca, 0x3, 0xff,
    0x0, 0x0, 0x0, 0xff, 0x30, 0xac, 0xc8, 0x0,
    0x0, 0x0, 0xef, 0x60, 0x0, 0x7, 0xfe, 0x0,
    0x0, 0x0, 0x0, 0x0, 0x0, 0x7f, 0xf7, 0x11,
    0x7f, 0xf7, 0x0, 0x0, 0x0, 0x0, 0x0, 0x0,
    0x9, 0xff, 0xff, 0xff, 0x90, 0x0, 0x0, 0x0,
    0x0, 0x0, 0x6d, 0x50, 0x5c, 0xff, 0xc5, 0x5,
    0xd6, 0x0, 0x0, 0x0, 0x7, 0xff, 0x60, 0x0,
    0x0, 0x0, 0x7, 0xff, 0x80, 0x0, 0x0, 0xf,
    0xf7, 0x0, 0x0, 0xaa, 0x0, 0x0, 0x7f, 0xf0,
    0x0, 0x0, 0x3, 0x30, 0x0, 0x0, 0xff, 0x0,
    0x0, 0x3, 0x30, 0x0, 0x0, 0x0, 0x0, 0x0,
    0x0, 0xff, 0x0, 0x0, 0x0, 0x0, 0x0, 0x0,
    0x0, 0x0, 0x0, 0x0, 0xff, 0x0, 0x0, 0x0,
    0x0, 0x0, 0x0, 0x0, 0x0, 0x0, 0x0, 0x22,
    0x0, 0x0, 0x0, 0x0, 0x0,

    /* U+F01EA "󰇪" */
    0x0, 0x0, 0x0, 0x70, 0x0, 0x0, 0x0, 0x0,
    0x0, 0x8f, 0x50, 0x0, 0x0, 0x0, 0x0, 0x3f,
    0xfe, 0x10, 0x0, 0x0, 0x0, 0xd, 0xff, 0xfa,
    0x0, 0x0, 0x0, 0x8, 0xff, 0xff, 0xf5, 0x0,
    0x0, 0x3, 0xff, 0xff, 0xff, 0xe1, 0x0, 0x0,
    0xdf, 0xff, 0xff, 0xff, 0xa0, 0x0, 0x8f, 0xff,
    0xff, 0xff, 0xff, 0x40, 0x3f, 0xff, 0xff, 0xff,
    0xff, 0xfe, 0x12, 0x44, 0x44, 0x44, 0x44, 0x44,
    0x41, 0x0, 0x0, 0x0, 0x0, 0x0, 0x0, 0xe,
    0xee, 0xee, 0xee, 0xee, 0xee, 0xeb, 0xee, 0xee,
    0xee, 0xee, 0xee, 0xee, 0xb0,

    /* U+F0311 "󰌑" */
    0x0, 0x0, 0x1, 0x70, 0x0, 0x0, 0x0, 0x0,
    0x0, 0x0, 0x0, 0x1, 0xdf, 0x50, 0x0, 0x0,
    0x0, 0x9, 0xd2, 0x0, 0x1, 0xdf, 0x90, 0x0,
    0x0, 0x0, 0x0, 0xaf, 0x20, 0x1, 0xdf, 0x90,
    0x0, 0x0, 0x0, 0x0, 0xa, 0xf2, 0x1, 0xdf,
    0xb2, 0x22, 0x22, 0x22, 0x22, 0x22, 0xbf, 0x20,
    0xdf, 0xff, 0xff, 0xff, 0xff, 0xff, 0xff, 0xff,
    0xf2, 0x7, 0xff, 0xca, 0xaa, 0xaa, 0xaa, 0xaa,
    0xaa, 0xaa, 0x10, 0x7, 0xfe, 0x30, 0x0, 0x0,
    0x0, 0x0, 0x0, 0x0, 0x0, 0x7, 0xfe, 0x30,
    0x0, 0x0, 0x0, 0x0, 0x0, 0x0, 0x0, 0x7,
    0xfe, 0x30, 0x0, 0x0, 0x0, 0x0, 0x0, 0x0,
    0x0, 0x7, 0xe2, 0x0, 0x0, 0x0, 0x0, 0x0,
    0x0, 0x0, 0x0, 0x0, 0x0, 0x0, 0x0, 0x0,
    0x0, 0x0,

    /* U+F0312 "󰌒" */
    0x0, 0x0, 0x0, 0x0, 0x0, 0x9, 0x50, 0x0,
    0x0, 0xbf, 0x10, 0x0, 0x0, 0x0, 0x0, 0x3,
    0xff, 0x50, 0x0, 0xb, 0xf1, 0x0, 0x0, 0x0,
    0x0, 0x0, 0x4, 0xff, 0x50, 0x0, 0xbf, 0x10,
    0x0, 0x0, 0x0, 0x0, 0x0, 0x4, 0xff, 0x50,
    0xb, 0xf1, 0x16, 0x66, 0x66, 0x66, 0x66, 0x66,
    0x6a, 0xff, 0x50, 0xbf, 0x12, 0xff, 0xff, 0xff,
    0xff, 0xff, 0xff, 0xff, 0xff, 0x1b, 0xf1, 0x16,
    0x66, 0x66, 0x66, 0x66, 0x66, 0x6a, 0xff, 0x50,
    0xbf, 0x10, 0x0, 0x0, 0x0, 0x0, 0x0, 0x4,
    0xff, 0x50, 0xb, 0xf1, 0x0, 0x0, 0x0, 0x0,
    0x0, 0x4, 0xff, 0x50, 0x0, 0xbf, 0x10, 0x0,
    0x0, 0x0, 0x0, 0x3, 0xff, 0x50, 0x0, 0xb,
    0xf1, 0x0, 0x0, 0x0, 0x0, 0x0, 0xa, 0x50,
    0x0, 0x0, 0xbf, 0x10, 0x0, 0x0, 0x0, 0x0,
    0x0, 0x0, 0x0, 0x0, 0x0, 0x0,

    /* U+F0379 "󰍹" */
    0x2a, 0xbb, 0xbb, 0xbb, 0xbb, 0xbb, 0xbb, 0xbb,
    0xbb, 0xb3, 0xd, 0xff, 0xff, 0xff, 0xff, 0xff,
    0xff, 0xff, 0xff, 0xff, 0xe0, 0xfd, 0x0, 0x0,
    0x0, 0x0, 0x0, 0x0, 0x0, 0x0, 0xcf, 0x1f,
    0xd0, 0x0, 0x0, 0x0, 0x0, 0x0, 0x0, 0x0,
    0xc, 0xf1, 0xfd, 0x0, 0x0, 0x0, 0x0, 0x0,
    0x0, 0x0, 0x0, 0xcf, 0x1f, 0xd0, 0x0, 0x0,
    0x0, 0x0, 0x0, 0x0, 0x0, 0xc, 0xf1, 0xfd,
    0x0, 0x0, 0x0, 0x0, 0x0, 0x0, 0x0, 0x0,
    0xcf, 0x1f, 0xd0, 0x0, 0x0, 0x0, 0x0, 0x0,
    0x0, 0x0, 0xc, 0xf1, 0xfd, 0x0, 0x0, 0x0,
    0x0, 0x0, 0x0, 0x0, 0x0, 0xcf, 0x1f, 0xd0,
    0x0, 0x0, 0x0, 0x0, 0x0, 0x0, 0x0, 0xc,
    0xf1, 0xfd, 0x0, 0x0, 0x0, 0x0, 0x0, 0x0,
    0x0, 0x0, 0xcf, 0x1f, 0xd0, 0x0, 0x0, 0x0,
    0x0, 0x0, 0x0, 0x0, 0xc, 0xf1, 0xfd, 0x0,
    0x0, 0x0, 0x0, 0x0, 0x0, 0x0, 0x0, 0xcf,
    0x1e, 0xfd, 0xdd, 0xdd, 0xdd, 0xdd, 0xdd, 0xdd,
    0xdd, 0xdf, 0xf0, 0x5e, 0xff, 0xff, 0xff, 0xff,
    0xff, 0xff, 0xff, 0xff, 0xf6, 0x0, 0x0, 0x0,
    0x0, 0x9, 0xff, 0xf2, 0x0, 0x0, 0x0, 0x0,
    0x0, 0x0, 0x0, 0x0, 0x9f, 0xff, 0x20, 0x0,
    0x0, 0x0, 0x0, 0x0, 0x0, 0x5, 0xff, 0xff,
    0xff, 0xe0, 0x0, 0x0, 0x0, 0x0, 0x0, 0x0,
    0x4b, 0xbb, 0xbb, 0xbb, 0x0, 0x0, 0x0, 0x0,

    /* U+F0387 "󰎇" */
    0x0, 0x0, 0x0, 0x8b, 0xbb, 0xb8, 0x0, 0x0,
    0x0, 0xbf, 0xff, 0xfc, 0x0, 0x0, 0x0, 0xbf,
    0xff, 0xfc, 0x0, 0x0, 0x0, 0xbf, 0xff, 0xfb,
    0x0, 0x0, 0x0, 0xbf, 0x10, 0x0, 0x0, 0x0,
    0x0, 0xbf, 0x10, 0x0, 0x0, 0x0, 0x0, 0xbf,
    0x10, 0x0, 0x0, 0x0, 0x0, 0xbf, 0x10, 0x0,
    0x0, 0x0, 0x0, 0xbf, 0x10, 0x0, 0x0, 0x5,
    0x74, 0xbf, 0x10, 0x0, 0x2, 0xdf, 0xff, 0xff,
    0x10, 0x0, 0xc, 0xff, 0xff, 0xff, 0x10, 0x0,
    0x2f, 0xff, 0xff, 0xff, 0x10, 0x0, 0x2f, 0xff,
    0xff, 0xff, 0x10, 0x0, 0xe, 0xff, 0xff, 0xfd,
    0x0, 0x0, 0x5, 0xff, 0xff, 0xf4, 0x0, 0x0,
    0x0, 0x4b, 0xdb, 0x30, 0x0, 0x0,

    /* U+F03E4 "󰏤" */
    0xdd, 0xd8, 0x0, 0x8, 0xdd, 0xdf, 0xff, 0xa0,
    0x0, 0xaf, 0xff, 0xff, 0xfa, 0x0, 0xa, 0xff,
    0xff, 0xff, 0xa0, 0x0, 0xaf, 0xff, 0xff, 0xfa,
    0x0, 0xa, 0xff, 0xff, 0xff, 0xa0, 0x0, 0xaf,
    0xff, 0xff, 0xfa, 0x0, 0xa, 0xff, 0xff, 0xff,
    0xa0, 0x0, 0xaf, 0xff, 0xff, 0xfa, 0x0, 0xa,
    0xff, 0xff, 0xff, 0xa0, 0x0, 0xaf, 0xff, 0xff,
    0xfa, 0x0, 0xa, 0xff, 0xff, 0xff, 0xa0, 0x0,
    0xaf, 0xff, 0xff, 0xfa, 0x0, 0xa, 0xff, 0xf0,

    /* U+F0425 "󰐥" */
    0x0, 0x0, 0x0, 0x23, 0x0, 0x0, 0x0, 0x0,
    0x0, 0x0, 0xb, 0xf1, 0x0, 0x0, 0x0, 0x0,
    0x0, 0x0, 0xbf, 0x10, 0x0, 0x0, 0x0, 0x6,
    0x80, 0xb, 0xf1, 0x3, 0xb0, 0x0, 0x6, 0xfe,
    0x20, 0xbf, 0x10, 0xbf, 0xc0, 0x1, 0xff, 0x20,
    0xb, 0xf1, 0x0, 0xbf, 0x70, 0x8f, 0x70, 0x0,
    0xbf, 0x10, 0x1, 0xfe, 0xd, 0xf1, 0x0, 0xb,
    0xf1, 0x0, 0xa, 0xf3, 0xfe, 0x0, 0x0, 0xbf,
    0x10, 0x0, 0x7f, 0x5e, 0xe0, 0x0, 0xa, 0xf1,
    0x0, 0x8, 0xf5, 0xcf, 0x10, 0x0, 0x0, 0x0,
    0x0, 0xbf, 0x37, 0xf8, 0x0, 0x0, 0x0, 0x0,
    0x2f, 0xd0, 0x1e, 0xf3, 0x0, 0x0, 0x0, 0xc,
    0xf6, 0x0, 0x4f, 0xf7, 0x0, 0x0, 0x4d, 0xfb,
    0x0, 0x0, 0x5f, 0xff, 0xcc, 0xef, 0xfa, 0x0,
    0x0, 0x0, 0x18, 0xef, 0xff, 0xb4, 0x0, 0x0,
    0x0, 0x0, 0x0, 0x1, 0x0, 0x0, 0x0, 0x0,

    /* U+F04AD "󰒭" */
    0xa0, 0x0, 0x0, 0x0, 0xd, 0xff, 0xd3, 0x0,
    0x0, 0x0, 0xdf, 0xff, 0xf8, 0x0, 0x0, 0xd,
    0xff, 0xff, 0xfc, 0x20, 0x0, 0xdf, 0xff, 0xff,
    0xff, 0x60, 0xd, 0xff, 0xff, 0xff, 0xff, 0x70,
    0xdf, 0xff, 0xff, 0xff, 0x60, 0xd, 0xff, 0xff,
    0xfd, 0x20, 0x0, 0xdf, 0xff, 0xf8, 0x0, 0x0,
    0xd, 0xff, 0xe4, 0x0, 0x0, 0x0, 0xdf, 0xa1,
    0x0, 0x0, 0x0, 0xd, 0xf0, 0x0, 0x0, 0x0,
    0x0, 0x0,

    /* U+F04AE "󰒮" */
    0xfd, 0x0, 0x0, 0x0, 0x0, 0xaf, 0xd0, 0x0,
    0x0, 0x3, 0xdf, 0xfd, 0x0, 0x0, 0x8, 0xff,
    0xff, 0xd0, 0x0, 0x2c, 0xff, 0xff, 0xfd, 0x0,
    0x6f, 0xff, 0xff, 0xff, 0xd0, 0x6f, 0xff, 0xff,
    0xff, 0xfd, 0x0, 0x6f, 0xff, 0xff, 0xff, 0xd0,
    0x0, 0x2c, 0xff, 0xff, 0xfd, 0x0, 0x0, 0x8,
    0xff, 0xff, 0xd0, 0x0, 0x0, 0x4, 0xef, 0xfd,
    0x0, 0x0, 0x0, 0x1, 0xa0, 0x0, 0x0, 0x0,
    0x0, 0x0,

    /* U+F04B2 "󰒲" */
    0x0, 0x0, 0x0, 0x0, 0x0, 0x0, 0x0, 0x2d,
    0xdd, 0xdd, 0x40, 0x0, 0x0, 0x0, 0x0, 0x0,
    0x0, 0x2, 0xff, 0xff, 0xf5, 0x0, 0x0, 0x0,
    0x0, 0x0, 0x0, 0x0, 0x0, 0x7, 0xfe, 0x10,
    0x0, 0x0, 0x0, 0x0, 0x0, 0x0, 0x0, 0x4,
    0xff, 0x30, 0x0, 0x0, 0x0, 0x9, 0xff, 0xff,
    0xe0, 0x1, 0xef, 0x50, 0x0, 0x0, 0x0, 0x0,
    0x8e, 0xef, 0xfe, 0x0, 0xcf, 0xa1, 0x10, 0x0,
    0x0, 0x0, 0x0, 0x2, 0xef, 0x50, 0x2f, 0xff,
    0xff, 0x54, 0x44, 0x44, 0x20, 0x1, 0xdf, 0x60,
    0x1, 0xbb, 0xbb, 0xb4, 0xff, 0xff, 0xf8, 0x1,
    0xdf, 0x80, 0x0, 0x0, 0x0, 0x0, 0x4, 0x46,
    0xff, 0x40, 0x8f, 0xfc, 0xcb, 0x0, 0x0, 0x0,
    0x0, 0x0, 0xdf, 0x70, 0x9, 0xff, 0xff, 0xe0,
    0x0, 0x0, 0x0, 0x0, 0xbf, 0xa0, 0x0, 0x0,
    0x0, 0x0, 0x0, 0x0, 0x0, 0x0, 0x9f, 0xc0,
    0x0, 0x0, 0x0, 0x0, 0x0, 0x0, 0x0, 0x0,
    0xf, 0xff, 0xff, 0x70, 0x0, 0x0, 0x0, 0x0,
    0x0, 0x0, 0x0, 0xee, 0xee, 0xe7, 0x0, 0x0,
    0x0, 0x0, 0x0, 0x0, 0x0, 0x0,

    /* U+F04B3 "󰒳" */
    0x3, 0x50, 0x0, 0x0, 0x0, 0x0, 0x0, 0x5d,
    0xdd, 0xdd, 0x10, 0xcf, 0x50, 0x0, 0x0, 0x0,
    0x0, 0x6, 0xff, 0xff, 0xf1, 0x2, 0xef, 0x50,
    0x0, 0x0, 0x0, 0x0, 0x0, 0xb, 0xfb, 0x0,
    0x2, 0xef, 0x50, 0x0, 0x0, 0x0, 0x0, 0x8,
    0xfd, 0x0, 0x0, 0x2, 0xef, 0x50, 0x6f, 0xff,
    0xc0, 0x5, 0xfe, 0x10, 0x0, 0x0, 0x2, 0xef,
    0x40, 0x6f, 0xfb, 0x3, 0xff, 0x73, 0x30, 0x0,
    0x0, 0x2, 0xef, 0x40, 0x6f, 0x20, 0x6f, 0xff,
    0xff, 0x16, 0x66, 0x66, 0x32, 0xef, 0x40, 0x10,
    0x4, 0x99, 0x99, 0x90, 0xff, 0xff, 0xf8, 0x3,
    0xff, 0x40, 0x0, 0x0, 0x0, 0x0, 0x7, 0x78,
    0xff, 0x60, 0x9f, 0xff, 0x40, 0x0, 0x0, 0x0,
    0x0, 0x0, 0xbf, 0x90, 0xa, 0xff, 0xff, 0x40,
    0x0, 0x0, 0x0, 0x0, 0x9f, 0xb0, 0x0, 0x24,
    0x44, 0xef, 0x40, 0x0, 0x0, 0x0, 0x7f, 0xd1,
    0x0, 0x0, 0x0, 0x2, 0xef, 0x40, 0x0, 0x0,
    0xf, 0xfe, 0xee, 0x70, 0x0, 0x0, 0x2, 0xef,
    0x40, 0x0, 0x0, 0xff, 0xff, 0xf7, 0x0, 0x0,
    0x0, 0x2, 0xef, 0x40, 0x0, 0x0, 0x0, 0x0,
    0x0, 0x0, 0x0, 0x0, 0x2, 0xef, 0x10, 0x0,
    0x0, 0x0, 0x0, 0x0, 0x0, 0x0, 0x0, 0x2,
    0x60, 0x0, 0x0,

    /* U+F04DB "󰓛" */
    0xff, 0xff, 0xff, 0xff, 0xff, 0xff, 0xff, 0xff,
    0xff, 0xff, 0xff, 0xff, 0xff, 0xff, 0xff, 0xff,
    0xff, 0xff, 0xff, 0xff, 0xff, 0xff, 0xff, 0xff,
    0xff, 0xff, 0xff, 0xff, 0xff, 0xff, 0xff, 0xff,
    0xff, 0xff, 0xff, 0xff, 0xff, 0xff, 0xff, 0xff,
    0xff, 0xff, 0xff, 0xff, 0xff, 0xff, 0xff, 0xff,
    0xff, 0xff, 0xff, 0xff, 0xff, 0xff, 0xff, 0xff,
    0xff, 0xff, 0xff, 0xff, 0xf0, 0x0, 0x0, 0x0,
    0x0, 0x0,

    /* U+F0634 "󰘴" */
    0x0, 0x0, 0x0, 0x25, 0x0, 0x0, 0x0, 0x0,
    0x0, 0x0, 0x2e, 0xf5, 0x0, 0x0, 0x0, 0x0,
    0x0, 0x2e, 0xff, 0xf5, 0x0, 0x0, 0x0, 0x0,
    0x2e, 0xf8, 0x5f, 0xf5, 0x0, 0x0, 0x0, 0x2e,
    0xf8, 0x0, 0x5f, 0xf5, 0x0, 0x0, 0x2e, 0xf8,
    0x0, 0x0, 0x5f, 0xf5, 0x0, 0x2e, 0xf8, 0x0,
    0x0, 0x0, 0x4f, 0xf5, 0xc, 0xf8, 0x0, 0x0,
    0x0, 0x0, 0x4f, 0xe1, 0x17, 0x0, 0x0, 0x0,
    0x0, 0x0, 0x44, 0x0,

    /* U+F0635 "󰘵" */
    0xd, 0xdd, 0xdd, 0xa0, 0x0, 0xc, 0xdd, 0xdd,
    0xd6, 0xf, 0xff, 0xff, 0xf3, 0x0, 0xe, 0xff,
    0xff, 0xf7, 0x0, 0x0, 0x5, 0xfb, 0x0, 0x0,
    0x0, 0x0, 0x0, 0x0, 0x0, 0x0, 0xdf, 0x30,
    0x0, 0x0, 0x0, 0x0, 0x0, 0x0, 0x0, 0x5f,
    0xc0, 0x0, 0x0, 0x0, 0x0, 0x0, 0x0, 0x0,
    0xd, 0xf4, 0x0, 0x0, 0x0, 0x0, 0x0, 0x0,
    0x0, 0x5, 0xfc, 0x0, 0x0, 0x0, 0x0, 0x0,
    0x0, 0x0, 0x0, 0xdf, 0x40, 0x0, 0x0, 0x0,
    0x0, 0x0, 0x0, 0x0, 0x5f, 0xc0, 0x0, 0x0,
    0x0, 0x0, 0x0, 0x0, 0x0, 0xd, 0xf4, 0x0,
    0x0, 0x0, 0x0, 0x0, 0x0, 0x0, 0x5, 0xfc,
    0x0, 0x0, 0x0, 0x0, 0x0, 0x0, 0x0, 0x0,
    0xdf, 0x40, 0x0, 0x0, 0x0, 0x0, 0x0, 0x0,
    0x0, 0x5f, 0xc0, 0x0, 0x0, 0x0, 0x0, 0x0,
    0x0, 0x0, 0xd, 0xff, 0xff, 0xf7, 0x0, 0x0,
    0x0, 0x0, 0x0, 0x5, 0xee, 0xee, 0xe6,

    /* U+F0636 "󰘶" */
    0x0, 0x0, 0x0, 0x0, 0x0, 0x0, 0x0, 0x0,
    0x0, 0x0, 0x0, 0x0, 0x0, 0x0, 0x8, 0x90,
    0x0, 0x0, 0x0, 0x0, 0x0, 0x0, 0x0, 0x0,
    0x8f, 0xf9, 0x0, 0x0, 0x0, 0x0, 0x0, 0x0,
    0x0, 0x8, 0xfe, 0xef, 0x90, 0x0, 0x0, 0x0,
    0x0, 0x0, 0x0, 0x8f, 0xe2, 0x2e, 0xf9, 0x0,
    0x0, 0x0, 0x0, 0x0, 0x8, 0xfe, 0x20, 0x1,
    0xdf, 0x90, 0x0, 0x0, 0x0, 0x0, 0x8f, 0xe2,
    0x0, 0x0, 0x1d, 0xf9, 0x0, 0x0, 0x0, 0x8,
    0xfe, 0x20, 0x0, 0x0, 0x1, 0xdf, 0x90, 0x0,
    0x0, 0x8f, 0xfc, 0xb2, 0x0, 0x0, 0x1b, 0xcf,
    0xf9, 0x0, 0x8, 0xff, 0xff, 0xf3, 0x0, 0x0,
    0x1f, 0xff, 0xff, 0xa0, 0x2, 0x22, 0x2b, 0xf3,
    0x0, 0x0, 0x1f, 0xc2, 0x22, 0x20, 0x0, 0x0,
    0xa, 0xf3, 0x0, 0x0, 0x1f, 0xc0, 0x0, 0x0,
    0x0, 0x0, 0xa, 0xf3, 0x0, 0x0, 0x1f, 0xc0,
    0x0, 0x0, 0x0, 0x0, 0xa, 0xf3, 0x0, 0x0,
    0x1f, 0xc0, 0x0, 0x0, 0x0, 0x0, 0xa, 0xff,
    0xff, 0xff, 0xff, 0xc0, 0x0, 0x0, 0x0, 0x0,
    0x9, 0xee, 0xee, 0xee, 0xee, 0xa0, 0x0, 0x0,

    /* U+F0B5C "󰭜" */
    0x0, 0x0, 0x7, 0xcd, 0xdd, 0xdd, 0xdd, 0xdd,
    0xdd, 0xdd, 0xb3, 0x0, 0x0, 0x6f, 0xff, 0xff,
    0xff, 0xff, 0xff, 0xff, 0xff, 0xfd, 0x0, 0x1,
    0xef, 0x20, 0x0, 0x0, 0x0, 0x0, 0x0, 0x0,
    0xdf, 0x0, 0xb, 0xf7, 0x0, 0x0, 0x0, 0x0,
    0x0, 0x0, 0x0, 0xdf, 0x0, 0x5f, 0xc0, 0x0,
    0x2d, 0x30, 0x0, 0x8, 0xb0, 0x0, 0xdf, 0x1,
    0xef, 0x20, 0x0, 0x6f, 0xf3, 0x0, 0x8f, 0xe2,
    0x0, 0xdf, 0xa, 0xf7, 0x0, 0x0, 0x7, 0xff,
    0x37, 0xfe, 0x20, 0x0, 0xdf, 0x5f, 0xc0, 0x0,
    0x0, 0x0, 0x7f, 0xff, 0xe3, 0x0, 0x0, 0xdf,
    0xdf, 0x40, 0x0, 0x0, 0x0, 0xb, 0xff, 0x60,
    0x0, 0x0, 0xdf, 0x5f, 0xc0, 0x0, 0x0, 0x0,
    0x7f, 0xff, 0xe3, 0x0, 0x0, 0xdf, 0xa, 0xf7,
    0x0, 0x0, 0x6, 0xff, 0x37, 0xfe, 0x20, 0x0,
    0xdf, 0x1, 0xef, 0x20, 0x0, 0x6f, 0xf3, 0x0,
    0x8f, 0xe2, 0x0, 0xdf, 0x0, 0x5f, 0xc0, 0x0,
    0x2d, 0x30, 0x0, 0x8, 0xb0, 0x0, 0xdf, 0x0,
    0xb, 0xf7, 0x0, 0x0, 0x0, 0x0, 0x0, 0x0,
    0x0, 0xdf, 0x0, 0x1, 0xef, 0x20, 0x0, 0x0,
    0x0, 0x0, 0x0, 0x0, 0xdf, 0x0, 0x0, 0x5f,
    0xff, 0xff, 0xff, 0xff, 0xff, 0xff, 0xff, 0xfd,
    0x0, 0x0, 0x7, 0xcc, 0xcc, 0xcc, 0xcc, 0xcc,
    0xcc, 0xcc, 0xb3,

    /* U+F0BEA "󰯪" */
    0x0, 0x0, 0x0, 0x0, 0x5, 0x30, 0x0, 0x0,
    0x0, 0x0, 0x0, 0x0, 0x0, 0x0, 0x1f, 0xb0,
    0x0, 0x0, 0x0, 0x0, 0x0, 0x0, 0x0, 0x0,
    0x1f, 0xb0, 0x0, 0x0, 0x0, 0x0, 0x0, 0x3d,
    0x30, 0x0, 0x7, 0x50, 0x0, 0x1d, 0x50, 0x0,
    0x0, 0x6f, 0xe2, 0x2, 0x79, 0x84, 0x0, 0xdf,
    0x90, 0x0, 0x0, 0x7, 0xb1, 0xaf, 0xff, 0xff,
    0xc1, 0x8a, 0x0, 0x0, 0x0, 0x0, 0xb, 0xfd,
    0x53, 0x4c, 0xfd, 0x0, 0x0, 0x0, 0x0, 0x0,
    0x4f, 0xd0, 0x0, 0x0, 0xaf, 0x80, 0x0, 0x0,
    0x0, 0x0, 0xaf, 0x40, 0x0, 0x0, 0x1f, 0xd0,
    0x0, 0x0, 0x33, 0x20, 0xdf, 0x0, 0x0, 0x0,
    0xd, 0xf0, 0x23, 0x30, 0xff, 0xc0, 0xdf, 0x0,
    0x0, 0x0, 0xc, 0xf1, 0xbf, 0xf1, 0xaa, 0x80,
    0xdf, 0x0, 0x0, 0x0, 0xc, 0xf1, 0x7a, 0xa0,
    0x0, 0x0, 0xdf, 0x0, 0x0, 0x0, 0xc, 0xf1,
    0x0, 0x0, 0x0, 0x0, 0xdf, 0x0, 0x0, 0x0,
    0xc, 0xf1, 0x0, 0x0, 0x0, 0x0, 0xdf, 0x0,
    0x0, 0x0, 0xc, 0xf1, 0x0, 0x0, 0x0, 0x0,
    0xdf, 0x66, 0x66, 0x66, 0x6d, 0xf1, 0x0, 0x0,
    0x0, 0x0, 0xdf, 0xff, 0xff, 0xff, 0xff, 0xf1,
    0x0, 0x0, 0x0, 0x0, 0x45, 0x55, 0x55, 0x55,
    0x55, 0x50, 0x0, 0x0, 0x0, 0x19, 0xbc, 0xcc,
    0xcc, 0xcc, 0xcc, 0xba, 0x10, 0x0, 0x0, 0x9f,
    0xff, 0xff, 0xff, 0xff, 0xff, 0xff, 0xa0, 0x0,
    0x0, 0x0, 0x0, 0x0, 0x0, 0x0, 0x0, 0x0,
    0x0, 0x0,

    /* U+F1050 "󱁐" */
    0x76, 0x0, 0x0, 0x0, 0x0, 0x0, 0x0, 0x7,
    0x5f, 0xd0, 0x0, 0x0, 0x0, 0x0, 0x0, 0x2,
    0xfb, 0xfd, 0x0, 0x0, 0x0, 0x0, 0x0, 0x0,
    0x2f, 0xbf, 0xd0, 0x0, 0x0, 0x0, 0x0, 0x0,
    0x2, 0xfb, 0xef, 0xcc, 0xcc, 0xcc, 0xcc, 0xcc,
    0xcc, 0xdf, 0xa6, 0xff, 0xff, 0xff, 0xff, 0xff,
    0xff, 0xff, 0xe3, 0x0, 0x0, 0x0, 0x0, 0x0,
    0x0, 0x0, 0x0, 0x0,

    /* U+F1356 "󱍖" */
    0x0, 0x0, 0x0, 0x5, 0x90, 0x0, 0x39, 0x60,
    0x0, 0x0, 0x0, 0x0, 0x6, 0x10, 0x0, 0x9f,
    0x0, 0x5, 0xfa, 0x0, 0x0, 0x60, 0x0, 0x6,
    0xfd, 0x20, 0x9, 0xf0, 0x0, 0x5f, 0xa0, 0x0,
    0x9f, 0x90, 0x0, 0xa, 0xf7, 0x0, 0x12, 0x0,
    0x0, 0x21, 0x0, 0x2e, 0xd1, 0x0, 0x0, 0x5,
    0x0, 0x0, 0x0, 0x0, 0x0, 0x0, 0x0, 0x31,
    0x0, 0x0, 0x0, 0x0, 0x8f, 0xff, 0xff, 0xff,
    0xff, 0xfd, 0x20, 0x0, 0x0, 0x33, 0x20, 0x2f,
    0xec, 0xcc, 0xcc, 0xcc, 0xcd, 0xf8, 0x1, 0x33,
    0xf, 0xfc, 0x3, 0xfa, 0x0, 0x0, 0x0, 0x0,
    0x3f, 0xa0, 0x8f, 0xf3, 0x66, 0x40, 0x3f, 0xa0,
    0x0, 0x0, 0x0, 0x3, 0xfa, 0x3, 0x66, 0x10,
    0x0, 0x3, 0xfa, 0x0, 0x0, 0x0, 0x0, 0x3f,
    0xa0, 0x0, 0x0, 0x0, 0x0, 0x3f, 0xa0, 0x0,
    0x0, 0x0, 0x3, 0xfa, 0x0, 0x0, 0xd, 0xdd,
    0x3, 0xfa, 0x0, 0x0, 0x0, 0x0, 0x3f, 0xa0,
    0x7d, 0xd2, 0xff, 0xf0, 0x3f, 0xa0, 0x0, 0x0,
    0x0, 0x3, 0xfa, 0x8, 0xff, 0x32, 0x22, 0x2,
    0xfe, 0xdd, 0xdd, 0xdd, 0xdd, 0xdf, 0x80, 0x12,
    0x20, 0x0, 0x0, 0x9, 0xff, 0xff, 0xff, 0xff,
    0xff, 0xc1, 0x0, 0x0, 0x0, 0x0, 0x40, 0x0,
    0xe, 0xff, 0xff, 0x90, 0x0, 0x3, 0x10, 0x0,
    0x0, 0xaf, 0x70, 0x0, 0xce, 0xee, 0xe8, 0x0,
    0x2, 0xed, 0x10, 0x0, 0x6f, 0xd1, 0x0, 0x0,
    0x0, 0x0, 0x0, 0x0, 0x9, 0xf9, 0x0, 0x0,
    0x61, 0x0, 0x0, 0x0, 0x0, 0x0, 0x0, 0x0,
    0x6, 0x0, 0x0
};


/*---------------------
 *  GLYPH DESCRIPTION
 *--------------------*/

static const lv_font_fmt_txt_glyph_dsc_t glyph_dsc[] = {
    {.bitmap_index = 0, .adv_w = 0, .box_w = 0, .box_h = 0, .ofs_x = 0, .ofs_y = 0} /* id = 0 reserved */,
    {.bitmap_index = 0, .adv_w = 176, .box_w = 0, .box_h = 0, .ofs_x = 0, .ofs_y = 0},
    {.bitmap_index = 0, .adv_w = 176, .box_w = 5, .box_h = 17, .ofs_x = 3, .ofs_y = 0},
    {.bitmap_index = 43, .adv_w = 176, .box_w = 7, .box_h = 8, .ofs_x = 2, .ofs_y = 10},
    {.bitmap_index = 71, .adv_w = 176, .box_w = 11, .box_h = 17, .ofs_x = 0, .ofs_y = 0},
    {.bitmap_index = 165, .adv_w = 176, .box_w = 9, .box_h = 22, .ofs_x = 1, .ofs_y = -2},
    {.bitmap_index = 264, .adv_w = 176, .box_w = 11, .box_h = 17, .ofs_x = 0, .ofs_y = 0},
    {.bitmap_index = 358, .adv_w = 176, .box_w = 10, .box_h = 17, .ofs_x = 1, .ofs_y = 0},
    {.bitmap_index = 443, .adv_w = 176, .box_w = 3, .box_h = 8, .ofs_x = 4, .ofs_y = 10},
    {.bitmap_index = 455, .adv_w = 176, .box_w = 8, .box_h = 24, .ofs_x = 2, .ofs_y = -4},
    {.bitmap_index = 551, .adv_w = 176, .box_w = 8, .box_h = 24, .ofs_x = 1, .ofs_y = -4},
    {.bitmap_index = 647, .adv_w = 176, .box_w = 11, .box_h = 10, .ofs_x = 0, .ofs_y = 9},
    {.bitmap_index = 702, .adv_w = 176, .box_w = 9, .box_h = 9, .ofs_x = 1, .ofs_y = 3},
    {.bitmap_index = 743, .adv_w = 176, .box_w = 5, .box_h = 9, .ofs_x = 3, .ofs_y = -5},
    {.bitmap_index = 766, .adv_w = 176, .box_w = 9, .box_h = 2, .ofs_x = 1, .ofs_y = 7},
    {.bitmap_index = 775, .adv_w = 176, .box_w = 5, .box_h = 4, .ofs_x = 3, .ofs_y = 0},
    {.bitmap_index = 785, .adv_w = 176, .box_w = 9, .box_h = 22, .ofs_x = 1, .ofs_y = -3},
    {.bitmap_index = 884, .adv_w = 176, .box_w = 9, .box_h = 17, .ofs_x = 1, .ofs_y = 0},
    {.bitmap_index = 961, .adv_w = 176, .box_w = 7, .box_h = 17, .ofs_x = 1, .ofs_y = 0},
    {.bitmap_index = 1021, .adv_w = 176, .box_w = 9, .box_h = 17, .ofs_x = 1, .ofs_y = 0},
    {.bitmap_index = 1098, .adv_w = 176, .box_w = 9, .box_h = 17, .ofs_x = 1, .ofs_y = 0},
    {.bitmap_index = 1175, .adv_w = 176, .box_w = 9, .box_h = 17, .ofs_x = 1, .ofs_y = 0},
    {.bitmap_index = 1252, .adv_w = 176, .box_w = 9, .box_h = 17, .ofs_x = 1, .ofs_y = 0},
    {.bitmap_index = 1329, .adv_w = 176, .box_w = 9, .box_h = 17, .ofs_x = 1, .ofs_y = 0},
    {.bitmap_index = 1406, .adv_w = 176, .box_w = 9, .box_h = 17, .ofs_x = 1, .ofs_y = 0},
    {.bitmap_index = 1483, .adv_w = 176, .box_w = 9, .box_h = 17, .ofs_x = 1, .ofs_y = 0},
    {.bitmap_index = 1560, .adv_w = 176, .box_w = 9, .box_h = 17, .ofs_x = 1, .ofs_y = 0},
    {.bitmap_index = 1637, .adv_w = 176, .box_w = 5, .box_h = 12, .ofs_x = 3, .ofs_y = 0},
    {.bitmap_index = 1667, .adv_w = 176, .box_w = 5, .box_h = 17, .ofs_x = 3, .ofs_y = -5},
    {.bitmap_index = 1710, .adv_w = 176, .box_w = 10, .box_h = 13, .ofs_x = 1, .ofs_y = 1},
    {.bitmap_index = 1775, .adv_w = 176, .box_w = 9, .box_h = 6, .ofs_x = 1, .ofs_y = 5},
    {.bitmap_index = 1802, .adv_w = 176, .box_w = 10, .box_h = 13, .ofs_x = 0, .ofs_y = 1},
    {.bitmap_index = 1867, .adv_w = 176, .box_w = 9, .box_h = 17, .ofs_x = 1, .ofs_y = 0},
    {.bitmap_index = 1944, .adv_w = 176, .box_w = 9, .box_h = 19, .ofs_x = 1, .ofs_y = -2},
    {.bitmap_index = 2030, .adv_w = 176, .box_w = 11, .box_h = 17, .ofs_x = 0, .ofs_y = 0},
    {.bitmap_index = 2124, .adv_w = 176, .box_w = 9, .box_h = 17, .ofs_x = 1, .ofs_y = 0},
    {.bitmap_index = 2201, .adv_w = 176, .box_w = 9, .box_h = 17, .ofs_x = 1, .ofs_y = 0},
    {.bitmap_index = 2278, .adv_w = 176, .box_w = 9, .box_h = 17, .ofs_x = 1, .ofs_y = 0},
    {.bitmap_index = 2355, .adv_w = 176, .box_w = 9, .box_h = 17, .ofs_x = 1, .ofs_y = 0},
    {.bitmap_index = 2432, .adv_w = 176, .box_w = 8, .box_h = 17, .ofs_x = 2, .ofs_y = 0},
    {.bitmap_index = 2500, .adv_w = 176, .box_w = 9, .box_h = 17, .ofs_x = 1, .ofs_y = 0},
    {.bitmap_index = 2577, .adv_w = 176, .box_w = 9, .box_h = 17, .ofs_x = 1, .ofs_y = 0},
    {.bitmap_index = 2654, .adv_w = 176, .box_w = 9, .box_h = 17, .ofs_x = 1, .ofs_y = 0},
    {.bitmap_index = 2731, .adv_w = 176, .box_w = 9, .box_h = 17, .ofs_x = 1, .ofs_y = 0},
    {.bitmap_index = 2808, .adv_w = 176, .box_w = 9, .box_h = 17, .ofs_x = 1, .ofs_y = 0},
    {.bitmap_index = 2885, .adv_w = 176, .box_w = 8, .box_h = 17, .ofs_x = 2, .ofs_y = 0},
    {.bitmap_index = 2953, .adv_w = 176, .box_w = 9, .box_h = 17, .ofs_x = 1, .ofs_y = 0},
    {.bitmap_index = 3030, .adv_w = 176, .box_w = 9, .box_h = 17, .ofs_x = 1, .ofs_y = 0},
    {.bitmap_index = 3107, .adv_w = 176, .box_w = 9, .box_h = 17, .ofs_x = 1, .ofs_y = 0},
    {.bitmap_index = 3184, .adv_w = 176, .box_w = 9, .box_h = 17, .ofs_x = 1, .ofs_y = 0},
    {.bitmap_index = 3261, .adv_w = 176, .box_w = 9, .box_h = 21, .ofs_x = 1, .ofs_y = -4},
    {.bitmap_index = 3356, .adv_w = 176, .box_w = 10, .box_h = 17, .ofs_x = 1, .ofs_y = 0},
    {.bitmap_index = 3441, .adv_w = 176, .box_w = 9, .box_h = 17, .ofs_x = 1, .ofs_y = 0},
    {.bitmap_index = 3518, .adv_w = 176, .box_w = 9, .box_h = 17, .ofs_x = 1, .ofs_y = 0},
    {.bitmap_index = 3595, .adv_w = 176, .box_w = 9, .box_h = 17, .ofs_x = 1, .ofs_y = 0},
    {.bitmap_index = 3672, .adv_w = 176, .box_w = 11, .box_h = 17, .ofs_x = 0, .ofs_y = 0},
    {.bitmap_index = 3766, .adv_w = 176, .box_w = 11, .box_h = 17, .ofs_x = 0, .ofs_y = 0},
    {.bitmap_index = 3860, .adv_w = 176, .box_w = 9, .box_h = 17, .ofs_x = 1, .ofs_y = 0},
    {.bitmap_index = 3937, .adv_w = 176, .box_w = 11, .box_h = 17, .ofs_x = 0, .ofs_y = 0},
    {.bitmap_index = 4031, .adv_w = 176, .box_w = 9, .box_h = 17, .ofs_x = 1, .ofs_y = 0},
    {.bitmap_index = 4108, .adv_w = 176, .box_w = 7, .box_h = 22, .ofs_x = 2, .ofs_y = -3},
    {.bitmap_index = 4185, .adv_w = 176, .box_w = 9, .box_h = 22, .ofs_x = 1, .ofs_y = -3},
    {.bitmap_index = 4284, .adv_w = 176, .box_w = 7, .box_h = 22, .ofs_x = 2, .ofs_y = -3},
    {.bitmap_index = 4361, .adv_w = 176, .box_w = 11, .box_h = 7, .ofs_x = 0, .ofs_y = 9},
    {.bitmap_index = 4400, .adv_w = 176, .box_w = 9, .box_h = 2, .ofs_x = 1, .ofs_y = -2},
    {.bitmap_index = 4409, .adv_w = 176, .box_w = 6, .box_h = 7, .ofs_x = 2, .ofs_y = 12},
    {.bitmap_index = 4430, .adv_w = 176, .box_w = 9, .box_h = 12, .ofs_x = 1, .ofs_y = 0},
    {.bitmap_index = 4484, .adv_w = 176, .box_w = 9, .box_h = 17, .ofs_x = 1, .ofs_y = 0},
    {.bitmap_index = 4561, .adv_w = 176, .box_w = 9, .box_h = 12, .ofs_x = 1, .ofs_y = 0},
    {.bitmap_index = 4615, .adv_w = 176, .box_w = 9, .box_h = 17, .ofs_x = 1, .ofs_y = 0},
    {.bitmap_index = 4692, .adv_w = 176, .box_w = 9, .box_h = 12, .ofs_x = 1, .ofs_y = 0},
    {.bitmap_index = 4746, .adv_w = 176, .box_w = 9, .box_h = 17, .ofs_x = 1, .ofs_y = 0},
    {.bitmap_index = 4823, .adv_w = 176, .box_w = 9, .box_h = 17, .ofs_x = 1, .ofs_y = -5},
    {.bitmap_index = 4900, .adv_w = 176, .box_w = 9, .box_h = 17, .ofs_x = 1, .ofs_y = 0},
    {.bitmap_index = 4977, .adv_w = 176, .box_w = 9, .box_h = 17, .ofs_x = 1, .ofs_y = 0},
    {.bitmap_index = 5054, .adv_w = 176, .box_w = 9, .box_h = 22, .ofs_x = 0, .ofs_y = -5},
    {.bitmap_index = 5153, .adv_w = 176, .box_w = 9, .box_h = 17, .ofs_x = 1, .ofs_y = 0},
    {.bitmap_index = 5230, .adv_w = 176, .box_w = 9, .box_h = 17, .ofs_x = 1, .ofs_y = 0},
    {.bitmap_index = 5307, .adv_w = 176, .box_w = 9, .box_h = 12, .ofs_x = 1, .ofs_y = 0},
    {.bitmap_index = 5361, .adv_w = 176, .box_w = 9, .box_h = 12, .ofs_x = 1, .ofs_y = 0},
    {.bitmap_index = 5415, .adv_w = 176, .box_w = 9, .box_h = 12, .ofs_x = 1, .ofs_y = 0},
    {.bitmap_index = 5469, .adv_w = 176, .box_w = 9, .box_h = 17, .ofs_x = 1, .ofs_y = -5},
    {.bitmap_index = 5546, .adv_w = 176, .box_w = 9, .box_h = 17, .ofs_x = 1, .ofs_y = -5},
    {.bitmap_index = 5623, .adv_w = 176, .box_w = 8, .box_h = 12, .ofs_x = 2, .ofs_y = 0},
    {.bitmap_index = 5671, .adv_w = 176, .box_w = 9, .box_h = 12, .ofs_x = 1, .ofs_y = 0},
    {.bitmap_index = 5725, .adv_w = 176, .box_w = 10, .box_h = 17, .ofs_x = 1, .ofs_y = 0},
    {.bitmap_index = 5810, .adv_w = 176, .box_w = 9, .box_h = 12, .ofs_x = 1, .ofs_y = 0},
    {.bitmap_index = 5864, .adv_w = 176, .box_w = 11, .box_h = 12, .ofs_x = 0, .ofs_y = 0},
    {.bitmap_index = 5930, .adv_w = 176, .box_w = 11, .box_h = 12, .ofs_x = 0, .ofs_y = 0},
    {.bitmap_index = 5996, .adv_w = 176, .box_w = 9, .box_h = 12, .ofs_x = 1, .ofs_y = 0},
    {.bitmap_index = 6050, .adv_w = 176, .box_w = 9, .box_h = 17, .ofs_x = 1, .ofs_y = -5},
    {.bitmap_index = 6127, .adv_w = 176, .box_w = 9, .box_h = 12, .ofs_x = 1, .ofs_y = 0},
    {.bitmap_index = 6181, .adv_w = 176, .box_w = 8, .box_h = 23, .ofs_x = 1, .ofs_y = -3},
    {.bitmap_index = 6273, .adv_w = 176, .box_w = 3, .box_h = 22, .ofs_x = 4, .ofs_y = -3},
    {.bitmap_index = 6306, .adv_w = 176, .box_w = 8, .box_h = 23, .ofs_x = 2, .ofs_y = -3},
    {.bitmap_index = 6398, .adv_w = 176, .box_w = 11, .box_h = 5, .ofs_x = 0, .ofs_y = 4},
    {.bitmap_index = 6426, .adv_w = 176, .box_w = 7, .box_h = 7, .ofs_x = 2, .ofs_y = 12},
    {.bitmap_index = 6451, .adv_w = 176, .box_w = 11, .box_h = 11, .ofs_x = 0, .ofs_y = 2},
    {.bitmap_index = 6512, .adv_w = 176, .box_w = 9, .box_h = 12, .ofs_x = 1, .ofs_y = 2},
    {.bitmap_index = 6566, .adv_w = 176, .box_w = 11, .box_h = 17, .ofs_x = 0, .ofs_y = 0},
    {.bitmap_index = 6660, .adv_w = 176, .box_w = 9, .box_h = 17, .ofs_x = 1, .ofs_y = 0},
    {.bitmap_index = 6737, .adv_w = 176, .box_w = 9, .box_h = 17, .ofs_x = 1, .ofs_y = 0},
    {.bitmap_index = 6814, .adv_w = 176, .box_w = 8, .box_h = 17, .ofs_x = 2, .ofs_y = 0},
    {.bitmap_index = 6882, .adv_w = 176, .box_w = 11, .box_h = 21, .ofs_x = 0, .ofs_y = -4},
    {.bitmap_index = 6998, .adv_w = 176, .box_w = 9, .box_h = 17, .ofs_x = 1, .ofs_y = 0},
    {.bitmap_index = 7075, .adv_w = 176, .box_w = 11, .box_h = 17, .ofs_x = 0, .ofs_y = 0},
    {.bitmap_index = 7169, .adv_w = 176, .box_w = 9, .box_h = 17, .ofs_x = 1, .ofs_y = 0},
    {.bitmap_index = 7246, .adv_w = 176, .box_w = 9, .box_h = 17, .ofs_x = 1, .ofs_y = 0},
    {.bitmap_index = 7323, .adv_w = 176, .box_w = 9, .box_h = 22, .ofs_x = 1, .ofs_y = 0},
    {.bitmap_index = 7422, .adv_w = 176, .box_w = 9, .box_h = 17, .ofs_x = 1, .ofs_y = 0},
    {.bitmap_index = 7499, .adv_w = 176, .box_w = 10, .box_h = 17, .ofs_x = 0, .ofs_y = 0},
    {.bitmap_index = 7584, .adv_w = 176, .box_w = 9, .box_h = 17, .ofs_x = 1, .ofs_y = 0},
    {.bitmap_index = 7661, .adv_w = 176, .box_w = 9, .box_h = 17, .ofs_x = 1, .ofs_y = 0},
    {.bitmap_index = 7738, .adv_w = 176, .box_w = 9, .box_h = 17, .ofs_x = 1, .ofs_y = 0},
    {.bitmap_index = 7815, .adv_w = 176, .box_w = 9, .box_h = 17, .ofs_x = 1, .ofs_y = 0},
    {.bitmap_index = 7892, .adv_w = 176, .box_w = 9, .box_h = 17, .ofs_x = 1, .ofs_y = 0},
    {.bitmap_index = 7969, .adv_w = 176, .box_w = 9, .box_h = 17, .ofs_x = 1, .ofs_y = 0},
    {.bitmap_index = 8046, .adv_w = 176, .box_w = 9, .box_h = 17, .ofs_x = 1, .ofs_y = 0},
    {.bitmap_index = 8123, .adv_w = 176, .box_w = 9, .box_h = 17, .ofs_x = 1, .ofs_y = 0},
    {.bitmap_index = 8200, .adv_w = 176, .box_w = 11, .box_h = 17, .ofs_x = 0, .ofs_y = 0},
    {.bitmap_index = 8294, .adv_w = 176, .box_w = 9, .box_h = 17, .ofs_x = 1, .ofs_y = 0},
    {.bitmap_index = 8371, .adv_w = 176, .box_w = 10, .box_h = 21, .ofs_x = 1, .ofs_y = -4},
    {.bitmap_index = 8476, .adv_w = 176, .box_w = 9, .box_h = 17, .ofs_x = 1, .ofs_y = 0},
    {.bitmap_index = 8553, .adv_w = 176, .box_w = 9, .box_h = 17, .ofs_x = 1, .ofs_y = 0},
    {.bitmap_index = 8630, .adv_w = 176, .box_w = 10, .box_h = 21, .ofs_x = 1, .ofs_y = -4},
    {.bitmap_index = 8735, .adv_w = 176, .box_w = 10, .box_h = 17, .ofs_x = 0, .ofs_y = 0},
    {.bitmap_index = 8820, .adv_w = 176, .box_w = 9, .box_h = 17, .ofs_x = 1, .ofs_y = 0},
    {.bitmap_index = 8897, .adv_w = 176, .box_w = 9, .box_h = 17, .ofs_x = 1, .ofs_y = 0},
    {.bitmap_index = 8974, .adv_w = 176, .box_w = 9, .box_h = 17, .ofs_x = 1, .ofs_y = 0},
    {.bitmap_index = 9051, .adv_w = 176, .box_w = 9, .box_h = 17, .ofs_x = 1, .ofs_y = 0},
    {.bitmap_index = 9128, .adv_w = 176, .box_w = 10, .box_h = 17, .ofs_x = 0, .ofs_y = 0},
    {.bitmap_index = 9213, .adv_w = 176, .box_w = 9, .box_h = 12, .ofs_x = 1, .ofs_y = 0},
    {.bitmap_index = 9267, .adv_w = 176, .box_w = 9, .box_h = 18, .ofs_x = 1, .ofs_y = 0},
    {.bitmap_index = 9348, .adv_w = 176, .box_w = 9, .box_h = 12, .ofs_x = 1, .ofs_y = 0},
    {.bitmap_index = 9402, .adv_w = 176, .box_w = 8, .box_h = 12, .ofs_x = 2, .ofs_y = 0},
    {.bitmap_index = 9450, .adv_w = 176, .box_w = 11, .box_h = 16, .ofs_x = 0, .ofs_y = -4},
    {.bitmap_index = 9538, .adv_w = 176, .box_w = 9, .box_h = 12, .ofs_x = 1, .ofs_y = 0},
    {.bitmap_index = 9592, .adv_w = 176, .box_w = 11, .box_h = 12, .ofs_x = 0, .ofs_y = 0},
    {.bitmap_index = 9658, .adv_w = 176, .box_w = 9, .box_h = 12, .ofs_x = 1, .ofs_y = 0},
    {.bitmap_index = 9712, .adv_w = 176, .box_w = 9, .box_h = 12, .ofs_x = 1, .ofs_y = 0},
    {.bitmap_index = 9766, .adv_w = 176, .box_w = 9, .box_h = 17, .ofs_x = 1, .ofs_y = 0},
    {.bitmap_index = 9843, .adv_w = 176, .box_w = 9, .box_h = 12, .ofs_x = 1, .ofs_y = 0},
    {.bitmap_index = 9897, .adv_w = 176, .box_w = 10, .box_h = 12, .ofs_x = 0, .ofs_y = 0},
    {.bitmap_index = 9957, .adv_w = 176, .box_w = 9, .box_h = 12, .ofs_x = 1, .ofs_y = 0},
    {.bitmap_index = 10011, .adv_w = 176, .box_w = 9, .box_h = 12, .ofs_x = 1, .ofs_y = 0},
    {.bitmap_index = 10065, .adv_w = 176, .box_w = 9, .box_h = 12, .ofs_x = 1, .ofs_y = 0},
    {.bitmap_index = 10119, .adv_w = 176, .box_w = 9, .box_h = 12, .ofs_x = 1, .ofs_y = 0},
    {.bitmap_index = 10173, .adv_w = 176, .box_w = 9, .box_h = 17, .ofs_x = 1, .ofs_y = -5},
    {.bitmap_index = 10250, .adv_w = 176, .box_w = 9, .box_h = 12, .ofs_x = 1, .ofs_y = 0},
    {.bitmap_index = 10304, .adv_w = 176, .box_w = 9, .box_h = 12, .ofs_x = 1, .ofs_y = 0},
    {.bitmap_index = 10358, .adv_w = 176, .box_w = 9, .box_h = 17, .ofs_x = 1, .ofs_y = -5},
    {.bitmap_index = 10435, .adv_w = 176, .box_w = 11, .box_h = 22, .ofs_x = 0, .ofs_y = -5},
    {.bitmap_index = 10556, .adv_w = 176, .box_w = 9, .box_h = 12, .ofs_x = 1, .ofs_y = 0},
    {.bitmap_index = 10610, .adv_w = 176, .box_w = 10, .box_h = 16, .ofs_x = 1, .ofs_y = -4},
    {.bitmap_index = 10690, .adv_w = 176, .box_w = 9, .box_h = 12, .ofs_x = 1, .ofs_y = 0},
    {.bitmap_index = 10744, .adv_w = 176, .box_w = 9, .box_h = 12, .ofs_x = 1, .ofs_y = 0},
    {.bitmap_index = 10798, .adv_w = 176, .box_w = 10, .box_h = 16, .ofs_x = 1, .ofs_y = -4},
    {.bitmap_index = 10878, .adv_w = 176, .box_w = 10, .box_h = 12, .ofs_x = 0, .ofs_y = 0},
    {.bitmap_index = 10938, .adv_w = 176, .box_w = 9, .box_h = 12, .ofs_x = 1, .ofs_y = 0},
    {.bitmap_index = 10992, .adv_w = 176, .box_w = 9, .box_h = 12, .ofs_x = 1, .ofs_y = 0},
    {.bitmap_index = 11046, .adv_w = 176, .box_w = 9, .box_h = 12, .ofs_x = 1, .ofs_y = 0},
    {.bitmap_index = 11100, .adv_w = 176, .box_w = 9, .box_h = 12, .ofs_x = 1, .ofs_y = 0},
    {.bitmap_index = 11154, .adv_w = 176, .box_w = 10, .box_h = 12, .ofs_x = 0, .ofs_y = 0},
    {.bitmap_index = 11214, .adv_w = 176, .box_w = 9, .box_h = 17, .ofs_x = 1, .ofs_y = 0},
    {.bitmap_index = 11291, .adv_w = 176, .box_w = 7, .box_h = 7, .ofs_x = 2, .ofs_y = 4},
    {.bitmap_index = 11316, .adv_w = 176, .box_w = 9, .box_h = 3, .ofs_x = 1, .ofs_y = 6},
    {.bitmap_index = 11330, .adv_w = 334, .box_w = 21, .box_h = 17, .ofs_x = 0, .ofs_y = -1},
    {.bitmap_index = 11509, .adv_w = 307, .box_w = 20, .box_h = 19, .ofs_x = 0, .ofs_y = -2},
    {.bitmap_index = 11699, .adv_w = 274, .box_w = 18, .box_h = 19, .ofs_x = 0, .ofs_y = -2},
    {.bitmap_index = 11870, .adv_w = 222, .box_w = 14, .box_h = 19, .ofs_x = 0, .ofs_y = -2},
    {.bitmap_index = 12003, .adv_w = 329, .box_w = 21, .box_h = 23, .ofs_x = 0, .ofs_y = -4},
    {.bitmap_index = 12245, .adv_w = 303, .box_w = 21, .box_h = 21, .ofs_x = -1, .ofs_y = -3},
    {.bitmap_index = 12466, .adv_w = 352, .box_w = 16, .box_h = 17, .ofs_x = 4, .ofs_y = -1},
    {.bitmap_index = 12602, .adv_w = 352, .box_w = 18, .box_h = 16, .ofs_x = 2, .ofs_y = -1},
    {.bitmap_index = 12746, .adv_w = 352, .box_w = 18, .box_h = 16, .ofs_x = 2, .ofs_y = -1},
    {.bitmap_index = 12890, .adv_w = 352, .box_w = 16, .box_h = 17, .ofs_x = 4, .ofs_y = -1},
    {.bitmap_index = 13026, .adv_w = 287, .box_w = 18, .box_h = 19, .ofs_x = 0, .ofs_y = -2},
    {.bitmap_index = 13197, .adv_w = 308, .box_w = 20, .box_h = 17, .ofs_x = 0, .ofs_y = -1},
    {.bitmap_index = 13367, .adv_w = 296, .box_w = 19, .box_h = 18, .ofs_x = 0, .ofs_y = -2},
    {.bitmap_index = 13538, .adv_w = 308, .box_w = 20, .box_h = 15, .ofs_x = 0, .ofs_y = 0},
    {.bitmap_index = 13688, .adv_w = 352, .box_w = 22, .box_h = 19, .ofs_x = 0, .ofs_y = -2},
    {.bitmap_index = 13897, .adv_w = 244, .box_w = 16, .box_h = 21, .ofs_x = 0, .ofs_y = -3},
    {.bitmap_index = 14065, .adv_w = 304, .box_w = 20, .box_h = 19, .ofs_x = 0, .ofs_y = -2},
    {.bitmap_index = 14255, .adv_w = 246, .box_w = 16, .box_h = 17, .ofs_x = 0, .ofs_y = -1},
    {.bitmap_index = 14391, .adv_w = 352, .box_w = 22, .box_h = 17, .ofs_x = 0, .ofs_y = -1},
    {.bitmap_index = 14578, .adv_w = 325, .box_w = 21, .box_h = 19, .ofs_x = 0, .ofs_y = -2},
    {.bitmap_index = 14778, .adv_w = 325, .box_w = 21, .box_h = 21, .ofs_x = 0, .ofs_y = -3},
    {.bitmap_index = 14999, .adv_w = 320, .box_w = 21, .box_h = 21, .ofs_x = 0, .ofs_y = -3},
    {.bitmap_index = 15220, .adv_w = 284, .box_w = 18, .box_h = 21, .ofs_x = 0, .ofs_y = -3},
    {.bitmap_index = 15409, .adv_w = 325, .box_w = 21, .box_h = 21, .ofs_x = 0, .ofs_y = -3},
    {.bitmap_index = 15630, .adv_w = 264, .box_w = 17, .box_h = 17, .ofs_x = 0, .ofs_y = -1},
    {.bitmap_index = 15775, .adv_w = 264, .box_w = 17, .box_h = 17, .ofs_x = 0, .ofs_y = -1},
    {.bitmap_index = 15920, .adv_w = 244, .box_w = 16, .box_h = 18, .ofs_x = 0, .ofs_y = -1},
    {.bitmap_index = 16064, .adv_w = 244, .box_w = 16, .box_h = 18, .ofs_x = 0, .ofs_y = -2},
    {.bitmap_index = 16208, .adv_w = 352, .box_w = 22, .box_h = 15, .ofs_x = 0, .ofs_y = 0},
    {.bitmap_index = 16373, .adv_w = 244, .box_w = 16, .box_h = 21, .ofs_x = 0, .ofs_y = -3},
    {.bitmap_index = 16541, .adv_w = 352, .box_w = 22, .box_h = 15, .ofs_x = 0, .ofs_y = 0},
    {.bitmap_index = 16706, .adv_w = 352, .box_w = 22, .box_h = 15, .ofs_x = 0, .ofs_y = 0},
    {.bitmap_index = 16871, .adv_w = 284, .box_w = 18, .box_h = 19, .ofs_x = 0, .ofs_y = -2},
    {.bitmap_index = 17042, .adv_w = 295, .box_w = 19, .box_h = 19, .ofs_x = 0, .ofs_y = -2},
    {.bitmap_index = 17223, .adv_w = 294, .box_w = 19, .box_h = 19, .ofs_x = 0, .ofs_y = -2},
    {.bitmap_index = 17404, .adv_w = 300, .box_w = 19, .box_h = 19, .ofs_x = 0, .ofs_y = -2},
    {.bitmap_index = 17585, .adv_w = 352, .box_w = 22, .box_h = 23, .ofs_x = 0, .ofs_y = -4},
    {.bitmap_index = 17838, .adv_w = 205, .box_w = 13, .box_h = 13, .ofs_x = 0, .ofs_y = 1},
    {.bitmap_index = 17923, .adv_w = 278, .box_w = 19, .box_h = 12, .ofs_x = -1, .ofs_y = 1},
    {.bitmap_index = 18037, .adv_w = 308, .box_w = 21, .box_h = 12, .ofs_x = -1, .ofs_y = 1},
    {.bitmap_index = 18163, .adv_w = 323, .box_w = 21, .box_h = 19, .ofs_x = 0, .ofs_y = -2},
    {.bitmap_index = 18363, .adv_w = 176, .box_w = 12, .box_h = 17, .ofs_x = -1, .ofs_y = -1},
    {.bitmap_index = 18465, .adv_w = 176, .box_w = 11, .box_h = 13, .ofs_x = 0, .ofs_y = 1},
    {.bitmap_index = 18537, .adv_w = 235, .box_w = 15, .box_h = 17, .ofs_x = 0, .ofs_y = -1},
    {.bitmap_index = 18665, .adv_w = 176, .box_w = 11, .box_h = 12, .ofs_x = 0, .ofs_y = 1},
    {.bitmap_index = 18731, .adv_w = 176, .box_w = 11, .box_h = 12, .ofs_x = 0, .ofs_y = 1},
    {.bitmap_index = 18797, .adv_w = 323, .box_w = 21, .box_h = 15, .ofs_x = 0, .ofs_y = 0},
    {.bitmap_index = 18955, .adv_w = 323, .box_w = 21, .box_h = 17, .ofs_x = 0, .ofs_y = -1},
    {.bitmap_index = 19134, .adv_w = 176, .box_w = 11, .box_h = 12, .ofs_x = 0, .ofs_y = 1},
    {.bitmap_index = 19200, .adv_w = 228, .box_w = 15, .box_h = 9, .ofs_x = 0, .ofs_y = 3},
    {.bitmap_index = 19268, .adv_w = 264, .box_w = 18, .box_h = 15, .ofs_x = -1, .ofs_y = 0},
    {.bitmap_index = 19403, .adv_w = 293, .box_w = 20, .box_h = 16, .ofs_x = -1, .ofs_y = 0},
    {.bitmap_index = 19563, .adv_w = 352, .box_w = 22, .box_h = 17, .ofs_x = 0, .ofs_y = -1},
    {.bitmap_index = 19750, .adv_w = 308, .box_w = 20, .box_h = 21, .ofs_x = 0, .ofs_y = -3},
    {.bitmap_index = 19960, .adv_w = 264, .box_w = 17, .box_h = 7, .ofs_x = 0, .ofs_y = 4},
    {.bitmap_index = 20020, .adv_w = 352, .box_w = 23, .box_h = 19, .ofs_x = 0, .ofs_y = -2}
};

/*---------------------
 *  CHARACTER MAPPING
 *--------------------*/

static const uint16_t unicode_list_1[] = {
    0x0, 0x27, 0x47
};

static const uint16_t unicode_list_3[] = {
    0x0, 0x1bd1, 0x1dc1, 0xde06, 0xe23f, 0xe2be, 0xe2c0, 0xe61c,
    0xe623, 0xe649, 0xe64a, 0xe64b, 0xe650, 0xe6b0, 0xe6b4, 0xe6b5,
    0xe6cb, 0xea97, 0xeb69, 0xebd0, 0xebd6, 0xebd7, 0xebed, 0xec07,
    0xec73, 0xec74, 0xec99, 0xecaf, 0xecb0, 0xecb1, 0xecb2, 0xeccb,
    0xed9b, 0xedb3, 0xedb4, 0xee82, 0xee99, 0xeea8, 0xf09d, 0xf0d1
};

static const uint16_t unicode_list_4[] = {
    0x0, 0x127, 0x128, 0x18f, 0x19d, 0x1fa, 0x23b, 0x2c3,
    0x2c4, 0x2c8, 0x2c9, 0x2f1, 0x44a, 0x44b, 0x44c, 0x972,
    0xa00, 0xe66, 0x116c
};

/*Collect the unicode lists and glyph_id offsets*/
static const lv_font_fmt_txt_cmap_t cmaps[] =
{
    {
        .range_start = 32, .range_length = 95, .glyph_id_start = 1,
        .unicode_list = NULL, .glyph_id_ofs_list = NULL, .list_length = 0, .type = LV_FONT_FMT_TXT_CMAP_FORMAT0_TINY
    },
    {
        .range_start = 176, .range_length = 72, .glyph_id_start = 96,
        .unicode_list = unicode_list_1, .glyph_id_ofs_list = NULL, .list_length = 3, .type = LV_FONT_FMT_TXT_CMAP_SPARSE_TINY
    },
    {
        .range_start = 1040, .range_length = 64, .glyph_id_start = 99,
        .unicode_list = NULL, .glyph_id_ofs_list = NULL, .list_length = 0, .type = LV_FONT_FMT_TXT_CMAP_FORMAT0_TINY
    },
    {
        .range_start = 1105, .range_length = 61650, .glyph_id_start = 163,
        .unicode_list = unicode_list_3, .glyph_id_ofs_list = NULL, .list_length = 40, .type = LV_FONT_FMT_TXT_CMAP_SPARSE_TINY
    },
    {
        .range_start = 983530, .range_length = 4461, .glyph_id_start = 203,
        .unicode_list = unicode_list_4, .glyph_id_ofs_list = NULL, .list_length = 19, .type = LV_FONT_FMT_TXT_CMAP_SPARSE_TINY
    }
};



/*--------------------
 *  ALL CUSTOM DATA
 *--------------------*/

#if LVGL_VERSION_MAJOR == 8
/*Store all the custom data of the font*/
static  lv_font_fmt_txt_glyph_cache_t cache;
#endif

#if LVGL_VERSION_MAJOR >= 8
static const lv_font_fmt_txt_dsc_t font_dsc = {
#else
static lv_font_fmt_txt_dsc_t font_dsc = {
#endif
    .glyph_bitmap = glyph_bitmap,
    .glyph_dsc = glyph_dsc,
    .cmaps = cmaps,
    .kern_dsc = NULL,
    .kern_scale = 0,
    .cmap_num = 5,
    .bpp = 4,
    .kern_classes = 0,
    .bitmap_format = 0,
#if LVGL_VERSION_MAJOR == 8
    .cache = &cache
#endif

};



/*-----------------
 *  PUBLIC FONT
 *----------------*/

/*Initialize a public general font descriptor*/
#if LVGL_VERSION_MAJOR >= 8
const lv_font_t ergohaven_symbols_22 = {
#else
lv_font_t ergohaven_symbols_22 = {
#endif
    .get_glyph_dsc = lv_font_get_glyph_dsc_fmt_txt,    /*Function pointer to get glyph's data*/
    .get_glyph_bitmap = lv_font_get_bitmap_fmt_txt,    /*Function pointer to get glyph's bitmap*/
    .line_height = 27,          /*The maximum line height required by the font*/
    .base_line = 5,             /*Baseline measured from the bottom of the line*/
#if !(LVGL_VERSION_MAJOR == 6 && LVGL_VERSION_MINOR == 0)
    .subpx = LV_FONT_SUBPX_NONE,
#endif
#if LV_VERSION_CHECK(7, 4, 0) || LVGL_VERSION_MAJOR >= 8
    .underline_position = -1,
    .underline_thickness = 1,
#endif
    .dsc = &font_dsc,          /*The custom font data. Will be accessed by `get_glyph_bitmap/dsc` */
#if LV_VERSION_CHECK(8, 2, 0) || LVGL_VERSION_MAJOR >= 9
    .fallback = NULL,
#endif
    .user_data = NULL,
};



#endif /*#if ERGOHAVEN_SYMBOLS_22*/
