/*******************************************************************************
 * Size: 20 px
 * Bpp: 4
 * Opts: --bpp 4 --size 20 --no-compress --stride 1 --align 1 --font IosevkaNerdFontPropo-Regular.ttf --symbols ÷×−+󰍹󰘶󰘴󰘵󱁐󰌒󰭜󰌑󰐥󰒭󰒮󰓛󰏤󰎇󰇪 --range 32-127,176,8226,1040-1103,1105 --format lvgl -o ergohaven_symbols_20.c
 ******************************************************************************/

#ifdef __has_include
    #if __has_include("lvgl.h")
        #ifndef LV_LVGL_H_INCLUDE_SIMPLE
            #define LV_LVGL_H_INCLUDE_SIMPLE
        #endif
    #endif
#endif

#ifdef LV_LVGL_H_INCLUDE_SIMPLE
    #include "lvgl.h"
#else
    #include "lvgl/lvgl.h"
#endif



#ifndef ERGOHAVEN_SYMBOLS_20
#define ERGOHAVEN_SYMBOLS_20 1
#endif

#if ERGOHAVEN_SYMBOLS_20

/*-----------------
 *    BITMAPS
 *----------------*/

/*Store the image of the glyphs*/
static LV_ATTRIBUTE_LARGE_CONST const uint8_t glyph_bitmap[] = {
    /* U+0020 " " */

    /* U+0021 "!" */
    0xc, 0xc0, 0xc, 0xc0, 0xc, 0xc0, 0xc, 0xc0,
    0xc, 0xc0, 0xc, 0xc0, 0xc, 0xc0, 0xc, 0xc0,
    0xc, 0xc0, 0xb, 0xb0, 0x0, 0x0, 0x0, 0x0,
    0x1d, 0xd1, 0x6f, 0xf5, 0x2e, 0xe1,

    /* U+0022 "\"" */
    0xbb, 0x0, 0xbb, 0xdd, 0x0, 0xdd, 0xdd, 0x0,
    0xdd, 0xdd, 0x0, 0xdd, 0xcc, 0x0, 0xcc, 0xcc,
    0x0, 0xcc, 0xcb, 0x0, 0xcb,

    /* U+0023 "#" */
    0x0, 0xad, 0x0, 0xda, 0x0, 0x0, 0xad, 0x0,
    0xda, 0x0, 0x0, 0xad, 0x0, 0xda, 0x0, 0x0,
    0xad, 0x0, 0xda, 0x0, 0x6f, 0xff, 0xff, 0xff,
    0xf6, 0x27, 0xce, 0x77, 0xec, 0x72, 0x0, 0xad,
    0x0, 0xda, 0x0, 0x0, 0xad, 0x0, 0xda, 0x0,
    0x0, 0xad, 0x0, 0xda, 0x0, 0x2, 0xbd, 0x22,
    0xdb, 0x20, 0x6f, 0xff, 0xff, 0xff, 0xf6, 0x15,
    0xce, 0x55, 0xec, 0x51, 0x0, 0xad, 0x0, 0xda,
    0x0, 0x0, 0xad, 0x0, 0xda, 0x0, 0x0, 0xad,
    0x0, 0xda, 0x0,

    /* U+0024 "$" */
    0x0, 0xb, 0xb0, 0x0, 0x0, 0xb, 0xb0, 0x0,
    0x0, 0xb, 0xb0, 0x0, 0x3, 0xcf, 0xfc, 0x30,
    0x2f, 0xed, 0xde, 0xf1, 0x8f, 0x2a, 0xa2, 0xf8,
    0xad, 0xa, 0xa0, 0xdb, 0x8f, 0x1a, 0xa0, 0x0,
    0x1f, 0xcc, 0xa0, 0x0, 0x4, 0xff, 0xd2, 0x0,
    0x0, 0x1c, 0xff, 0x50, 0x0, 0xa, 0xbb, 0xf3,
    0x0, 0xa, 0xa0, 0xeb, 0xeb, 0xa, 0xa0, 0xbd,
    0xbf, 0x1a, 0xa1, 0xeb, 0x3f, 0xdd, 0xdd, 0xf4,
    0x4, 0xcf, 0xfc, 0x40, 0x0, 0xb, 0xb0, 0x0,
    0x0, 0xb, 0xb0, 0x0, 0x0, 0xb, 0xb0, 0x0,

    /* U+0025 "%" */
    0xa, 0xfe, 0x60, 0x7, 0xf2, 0x6f, 0x59, 0xf1,
    0xc, 0xc0, 0x8d, 0x3, 0xf2, 0x2f, 0x60, 0x8d,
    0x3, 0xf2, 0x7f, 0x10, 0x8d, 0x3, 0xf2, 0xdb,
    0x0, 0x7e, 0x16, 0xf3, 0xc4, 0x0, 0x1e, 0xff,
    0xa0, 0x0, 0x0, 0x0, 0x32, 0x6, 0xef, 0xb0,
    0x0, 0x29, 0x2f, 0x95, 0xf6, 0x0, 0x9e, 0x2f,
    0x30, 0xd8, 0x0, 0xea, 0x2f, 0x30, 0xd8, 0x3,
    0xf5, 0x2f, 0x30, 0xd8, 0x8, 0xf0, 0x2f, 0x30,
    0xd8, 0xd, 0xb0, 0xf, 0xa6, 0xf5, 0x3f, 0x60,
    0x6, 0xef, 0xa0,

    /* U+0026 "&" */
    0x3, 0xcf, 0xd5, 0x0, 0x0, 0xed, 0x7c, 0xf2,
    0x0, 0x4f, 0x40, 0x1f, 0x70, 0x4, 0xf3, 0x0,
    0xf7, 0x0, 0x1f, 0x60, 0x4f, 0x30, 0x0, 0x8d,
    0x1d, 0xa0, 0x0, 0x0, 0xee, 0xb0, 0x0, 0x0,
    0x7f, 0xf6, 0x0, 0x0, 0x3f, 0x89, 0xe1, 0x9,
    0x49, 0xe0, 0x1f, 0x95, 0xf3, 0xda, 0x0, 0x7f,
    0xdd, 0xd, 0xb0, 0x0, 0xef, 0x70, 0xaf, 0x10,
    0xa, 0xf5, 0x3, 0xfd, 0x7a, 0xfe, 0xd0, 0x4,
    0xcf, 0xd4, 0x4f, 0x60,

    /* U+0027 "'" */
    0xbb, 0xdd, 0xdd, 0xdd, 0xcc, 0xcc, 0xcb,

    /* U+0028 "(" */
    0x0, 0x0, 0x3, 0x0, 0x0, 0x1c, 0xf0, 0x0,
    0x1d, 0xf4, 0x0, 0xb, 0xf3, 0x0, 0x4, 0xf7,
    0x0, 0x0, 0xce, 0x0, 0x0, 0x1f, 0x80, 0x0,
    0x5, 0xf3, 0x0, 0x0, 0x8f, 0x0, 0x0, 0xa,
    0xf0, 0x0, 0x0, 0xae, 0x0, 0x0, 0xa, 0xe0,
    0x0, 0x0, 0x9f, 0x0, 0x0, 0x7, 0xf1, 0x0,
    0x0, 0x5f, 0x40, 0x0, 0x1, 0xf9, 0x0, 0x0,
    0xb, 0xe1, 0x0, 0x0, 0x3f, 0x90, 0x0, 0x0,
    0x9f, 0x50, 0x0, 0x0, 0xcf, 0x60, 0x0, 0x0,
    0xae, 0x0, 0x0, 0x0, 0x20,

    /* U+0029 ")" */
    0x3, 0x0, 0x0, 0x0, 0xfc, 0x10, 0x0, 0x4,
    0xfd, 0x10, 0x0, 0x3, 0xfb, 0x0, 0x0, 0x7,
    0xf4, 0x0, 0x0, 0xe, 0xb0, 0x0, 0x0, 0x8f,
    0x10, 0x0, 0x3, 0xf5, 0x0, 0x0, 0xf, 0x80,
    0x0, 0x0, 0xfa, 0x0, 0x0, 0xe, 0xa0, 0x0,
    0x0, 0xea, 0x0, 0x0, 0xf, 0x90, 0x0, 0x1,
    0xf7, 0x0, 0x0, 0x4f, 0x40, 0x0, 0x9, 0xf1,
    0x0, 0x1, 0xfa, 0x0, 0x0, 0x9f, 0x30, 0x0,
    0x5f, 0x90, 0x0, 0x6f, 0xc0, 0x0, 0xe, 0xa0,
    0x0, 0x0, 0x20, 0x0, 0x0,

    /* U+002A "*" */
    0x0, 0x0, 0xcc, 0x0, 0x0, 0x0, 0x0, 0xbb,
    0x0, 0x0, 0x7, 0x20, 0xbb, 0x2, 0x70, 0x1e,
    0xfc, 0xdd, 0xcf, 0xe1, 0x0, 0x39, 0xff, 0x93,
    0x0, 0x0, 0x9, 0xee, 0x90, 0x0, 0x0, 0x5f,
    0x55, 0xf5, 0x0, 0x0, 0xcb, 0x0, 0xbc, 0x0,
    0x0, 0x1, 0x0, 0x10, 0x0,

    /* U+002B "+" */
    0x0, 0xb, 0xb0, 0x0, 0x0, 0xb, 0xb0, 0x0,
    0x11, 0x1c, 0xc1, 0x11, 0xbf, 0xff, 0xff, 0xfb,
    0x34, 0x4c, 0xc4, 0x43, 0x0, 0xb, 0xb0, 0x0,
    0x0, 0xb, 0xb0, 0x0, 0x0, 0xb, 0xb0, 0x0,
    0x0, 0x0, 0x0, 0x0,

    /* U+002C "," */
    0x2, 0x20, 0x5f, 0xf4, 0x8f, 0xf8, 0x2e, 0xf7,
    0x1, 0xf3, 0x9, 0xe0, 0x3f, 0x60, 0x9d, 0x0,
    0x1, 0x0,

    /* U+002D "-" */
    0x12, 0x22, 0x22, 0x21, 0xbf, 0xff, 0xff, 0xfb,
    0x35, 0x55, 0x55, 0x53,

    /* U+002E "." */
    0x2, 0x20, 0x5f, 0xf4, 0x8f, 0xf8, 0x3e, 0xe2,

    /* U+002F "/" */
    0x0, 0x0, 0x0, 0xea, 0x0, 0x0, 0x3, 0xf5,
    0x0, 0x0, 0x8, 0xf1, 0x0, 0x0, 0xd, 0xc0,
    0x0, 0x0, 0x2f, 0x70, 0x0, 0x0, 0x7f, 0x20,
    0x0, 0x0, 0xbd, 0x0, 0x0, 0x1, 0xf8, 0x0,
    0x0, 0x5, 0xf3, 0x0, 0x0, 0xa, 0xe0, 0x0,
    0x0, 0xe, 0xa0, 0x0, 0x0, 0x4f, 0x50, 0x0,
    0x0, 0x8f, 0x0, 0x0, 0x0, 0xdb, 0x0, 0x0,
    0x2, 0xf7, 0x0, 0x0, 0x7, 0xf2, 0x0, 0x0,
    0xc, 0xd0, 0x0, 0x0, 0x1f, 0x80, 0x0, 0x0,
    0x5f, 0x30, 0x0, 0x0, 0xae, 0x0, 0x0, 0x0,

    /* U+0030 "0" */
    0x3, 0xbf, 0xfb, 0x30, 0x2f, 0xe8, 0x8e, 0xf2,
    0xaf, 0x20, 0x2, 0xfa, 0xdb, 0x0, 0x0, 0xcd,
    0xdb, 0x0, 0x0, 0xbd, 0xeb, 0x0, 0x7, 0xfe,
    0xeb, 0x0, 0xbf, 0xde, 0xeb, 0x2d, 0xd2, 0xbe,
    0xee, 0xfa, 0x0, 0xbe, 0xef, 0x70, 0x0, 0xbe,
    0xdb, 0x0, 0x0, 0xbd, 0xdb, 0x0, 0x0, 0xcd,
    0xaf, 0x20, 0x2, 0xfa, 0x2f, 0xe8, 0x8e, 0xf2,
    0x3, 0xbf, 0xfb, 0x30,

    /* U+0031 "1" */
    0x0, 0x1b, 0xf6, 0x2, 0xdf, 0xf6, 0x5f, 0xb4,
    0xf6, 0x58, 0x3, 0xf6, 0x0, 0x3, 0xf6, 0x0,
    0x3, 0xf6, 0x0, 0x3, 0xf6, 0x0, 0x3, 0xf6,
    0x0, 0x3, 0xf6, 0x0, 0x3, 0xf6, 0x0, 0x3,
    0xf6, 0x0, 0x3, 0xf6, 0x0, 0x3, 0xf6, 0x0,
    0x3, 0xf6, 0x0, 0x3, 0xf6,

    /* U+0032 "2" */
    0x3, 0xbf, 0xfb, 0x30, 0x2f, 0xe8, 0x8e, 0xf2,
    0x9f, 0x20, 0x2, 0xf9, 0x9a, 0x0, 0x0, 0xdc,
    0x0, 0x0, 0x0, 0xdb, 0x0, 0x0, 0x1, 0xf8,
    0x0, 0x0, 0xa, 0xf2, 0x0, 0x1, 0xbf, 0x50,
    0x0, 0x2d, 0xf4, 0x0, 0x2, 0xee, 0x20, 0x0,
    0xc, 0xf2, 0x0, 0x0, 0x3f, 0x70, 0x0, 0x0,
    0x8f, 0x10, 0x0, 0x0, 0xaf, 0x77, 0x77, 0x75,
    0xbf, 0xff, 0xff, 0xfb,

    /* U+0033 "3" */
    0x3, 0xbf, 0xfc, 0x30, 0x1, 0xfe, 0x88, 0xef,
    0x20, 0x7f, 0x30, 0x2, 0xf9, 0x4, 0x70, 0x0,
    0xe, 0xa0, 0x0, 0x0, 0x1, 0xf8, 0x0, 0x0,
    0x14, 0xce, 0x10, 0x0, 0xb, 0xfe, 0x20, 0x0,
    0x0, 0x47, 0xec, 0x0, 0x0, 0x0, 0x2, 0xf8,
    0x0, 0x0, 0x0, 0xb, 0xe0, 0x0, 0x0, 0x0,
    0x8f, 0xd, 0xb0, 0x0, 0xa, 0xf0, 0xaf, 0x20,
    0x1, 0xfb, 0x2, 0xfe, 0x88, 0xef, 0x30, 0x3,
    0xbf, 0xfb, 0x30, 0x0,

    /* U+0034 "4" */
    0x0, 0x0, 0x7f, 0x20, 0x0, 0x0, 0xeb, 0x0,
    0x0, 0x6, 0xf3, 0x0, 0x0, 0xd, 0xc0, 0x0,
    0x0, 0x5f, 0x40, 0x0, 0x0, 0xcc, 0x4, 0x10,
    0x4, 0xf5, 0x2f, 0x70, 0xc, 0xd0, 0x2f, 0x70,
    0x3f, 0x60, 0x2f, 0x70, 0xbe, 0x22, 0x3f, 0x81,
    0xef, 0xff, 0xff, 0xfb, 0x45, 0x55, 0x6f, 0x93,
    0x0, 0x0, 0x2f, 0x70, 0x0, 0x0, 0x2f, 0x70,
    0x0, 0x0, 0x2f, 0x70,

    /* U+0035 "5" */
    0x9f, 0xff, 0xff, 0xf5, 0x9f, 0x77, 0x77, 0x72,
    0x9f, 0x0, 0x0, 0x0, 0x9f, 0x0, 0x0, 0x0,
    0x9f, 0x1, 0x10, 0x0, 0x9f, 0xdf, 0xfd, 0x30,
    0x9f, 0xd6, 0x6e, 0xe1, 0x9f, 0x20, 0x2, 0xf7,
    0x0, 0x0, 0x0, 0xdb, 0x0, 0x0, 0x0, 0xbd,
    0x0, 0x0, 0x0, 0xbd, 0x9b, 0x0, 0x0, 0xdb,
    0x8f, 0x30, 0x4, 0xf7, 0x1e, 0xf9, 0x8f, 0xd0,
    0x2, 0xbf, 0xfa, 0x20,

    /* U+0036 "6" */
    0x0, 0x4, 0xf7, 0x0, 0x0, 0xc, 0xe0, 0x0,
    0x0, 0x4f, 0x70, 0x0, 0x0, 0xce, 0x0, 0x0,
    0x4, 0xf7, 0x0, 0x0, 0xb, 0xf1, 0x0, 0x0,
    0x2f, 0xcc, 0xfd, 0x50, 0x6f, 0xe8, 0x8e, 0xf3,
    0xaf, 0x20, 0x3, 0xf9, 0xcc, 0x0, 0x0, 0xcd,
    0xdb, 0x0, 0x0, 0xbd, 0xcc, 0x0, 0x0, 0xcc,
    0x8f, 0x20, 0x2, 0xf8, 0x1e, 0xe8, 0x8e, 0xe1,
    0x2, 0xbf, 0xfb, 0x20,

    /* U+0037 "7" */
    0xbf, 0xff, 0xff, 0xfb, 0x57, 0x77, 0x77, 0xfa,
    0x0, 0x0, 0x3, 0xf6, 0x0, 0x0, 0x8, 0xf1,
    0x0, 0x0, 0xd, 0xc0, 0x0, 0x0, 0x2f, 0x70,
    0x0, 0x0, 0x7f, 0x20, 0x0, 0x0, 0xcd, 0x0,
    0x0, 0x1, 0xf8, 0x0, 0x0, 0x6, 0xf3, 0x0,
    0x0, 0xb, 0xe0, 0x0, 0x0, 0xf, 0x90, 0x0,
    0x0, 0x4f, 0x40, 0x0, 0x0, 0x9f, 0x0, 0x0,
    0x0, 0xea, 0x0, 0x0,

    /* U+0038 "8" */
    0x3, 0xbf, 0xfb, 0x20, 0x1e, 0xe8, 0x8e, 0xe1,
    0x7f, 0x30, 0x4, 0xf7, 0x8f, 0x0, 0x0, 0xf8,
    0x5f, 0x30, 0x3, 0xf5, 0xd, 0xc0, 0xc, 0xd0,
    0x2, 0xeb, 0xbe, 0x20, 0x0, 0x8f, 0xf8, 0x0,
    0x8, 0xf9, 0x9f, 0x80, 0x4f, 0x80, 0x8, 0xf4,
    0xae, 0x0, 0x0, 0xea, 0xdb, 0x0, 0x0, 0xbd,
    0xbe, 0x10, 0x1, 0xeb, 0x4f, 0xd8, 0x8d, 0xf4,
    0x4, 0xcf, 0xfc, 0x40,

    /* U+0039 "9" */
    0x2, 0xbf, 0xfb, 0x20, 0x1e, 0xe8, 0x8e, 0xe1,
    0x8f, 0x20, 0x3, 0xf8, 0xcc, 0x0, 0x0, 0xcc,
    0xdb, 0x0, 0x0, 0xbd, 0xdc, 0x0, 0x0, 0xcc,
    0xaf, 0x20, 0x2, 0xfa, 0x3f, 0xe8, 0x8e, 0xf6,
    0x5, 0xdf, 0xcc, 0xf1, 0x0, 0x0, 0x1f, 0xb0,
    0x0, 0x0, 0x7f, 0x40, 0x0, 0x0, 0xec, 0x0,
    0x0, 0x7, 0xf4, 0x0, 0x0, 0xe, 0xc0, 0x0,
    0x0, 0x7f, 0x40, 0x0,

    /* U+003A ":" */
    0x2e, 0xe2, 0x8f, 0xf8, 0x5f, 0xf4, 0x2, 0x20,
    0x0, 0x0, 0x0, 0x0, 0x0, 0x0, 0x2, 0x20,
    0x5f, 0xf4, 0x8f, 0xf8, 0x3e, 0xe2,

    /* U+003B ";" */
    0x2e, 0xe2, 0x8f, 0xf8, 0x5f, 0xf4, 0x2, 0x20,
    0x0, 0x0, 0x0, 0x0, 0x0, 0x0, 0x2, 0x20,
    0x5f, 0xf4, 0x8f, 0xf8, 0x2e, 0xf7, 0x1, 0xf3,
    0x9, 0xe0, 0x3f, 0x60, 0x9d, 0x0, 0x1, 0x0,

    /* U+003C "<" */
    0x0, 0x0, 0x0, 0x2, 0x0, 0x0, 0x0, 0x4d,
    0xd0, 0x0, 0x1, 0x9f, 0xc2, 0x0, 0x5, 0xef,
    0x60, 0x0, 0x1a, 0xfa, 0x10, 0x0, 0xb, 0xe5,
    0x0, 0x0, 0x0, 0xaf, 0x70, 0x0, 0x0, 0x0,
    0x8f, 0xd3, 0x0, 0x0, 0x0, 0x2c, 0xf8, 0x0,
    0x0, 0x0, 0x7, 0xfd, 0x40, 0x0, 0x0, 0x2,
    0xbd, 0x0, 0x0, 0x0, 0x0, 0x10,

    /* U+003D "=" */
    0x11, 0x11, 0x11, 0x11, 0xbf, 0xff, 0xff, 0xfb,
    0x34, 0x44, 0x44, 0x43, 0x0, 0x0, 0x0, 0x0,
    0x11, 0x11, 0x11, 0x11, 0xbf, 0xff, 0xff, 0xfb,
    0x34, 0x44, 0x44, 0x43,

    /* U+003E ">" */
    0x2, 0x0, 0x0, 0x0, 0x0, 0xdd, 0x40, 0x0,
    0x0, 0x2, 0xcf, 0x90, 0x0, 0x0, 0x0, 0x6f,
    0xe5, 0x0, 0x0, 0x0, 0x1a, 0xfa, 0x10, 0x0,
    0x0, 0x5, 0xeb, 0x0, 0x0, 0x0, 0x7f, 0xa0,
    0x0, 0x3, 0xdf, 0x80, 0x0, 0x8, 0xfc, 0x20,
    0x0, 0x4d, 0xf7, 0x0, 0x0, 0xd, 0xb2, 0x0,
    0x0, 0x0, 0x10, 0x0, 0x0, 0x0,

    /* U+003F "?" */
    0x3, 0xcf, 0xfb, 0x30, 0x2f, 0xe8, 0x8e, 0xf2,
    0x9f, 0x20, 0x2, 0xf9, 0x9a, 0x0, 0x0, 0xeb,
    0x0, 0x0, 0x1, 0xf9, 0x0, 0x0, 0xa, 0xf3,
    0x0, 0x0, 0x7f, 0x90, 0x0, 0x2, 0xfc, 0x0,
    0x0, 0x9, 0xf2, 0x0, 0x0, 0xb, 0xd0, 0x0,
    0x0, 0x4, 0x40, 0x0, 0x0, 0x0, 0x0, 0x0,
    0x0, 0x1d, 0xd1, 0x0, 0x0, 0x5f, 0xf6, 0x0,
    0x0, 0x2e, 0xe2, 0x0,

    /* U+0040 "@" */
    0x2, 0xbf, 0xfa, 0x20, 0x1e, 0xe8, 0x8e, 0xe0,
    0x7f, 0x20, 0x1, 0xf6, 0xab, 0x0, 0x0, 0xba,
    0xba, 0x1, 0xbf, 0xfb, 0xba, 0x8, 0xe4, 0xbb,
    0xba, 0xb, 0xa0, 0xab, 0xba, 0xc, 0xa0, 0xab,
    0xba, 0xc, 0xa0, 0xab, 0xba, 0xc, 0xa0, 0xab,
    0xba, 0xc, 0xa0, 0xab, 0xba, 0xc, 0xa0, 0xab,
    0xba, 0x9, 0xd2, 0xe8, 0xba, 0x2, 0xef, 0xe2,
    0x8e, 0x0, 0x3, 0x0, 0x3f, 0xa3, 0x22, 0x20,
    0x6, 0xff, 0xff, 0xf0, 0x0, 0x14, 0x55, 0x50,

    /* U+0041 "A" */
    0x0, 0x0, 0xff, 0x0, 0x0, 0x0, 0x3, 0xff,
    0x30, 0x0, 0x0, 0x7, 0xff, 0x70, 0x0, 0x0,
    0xa, 0xcc, 0xa0, 0x0, 0x0, 0xe, 0x99, 0xd0,
    0x0, 0x0, 0x1f, 0x66, 0xf1, 0x0, 0x0, 0x4f,
    0x33, 0xf4, 0x0, 0x0, 0x8f, 0x0, 0xf8, 0x0,
    0x0, 0xbd, 0x0, 0xdb, 0x0, 0x0, 0xfa, 0x22,
    0xaf, 0x0, 0x2, 0xff, 0xff, 0xff, 0x20, 0x6,
    0xf7, 0x55, 0x7f, 0x50, 0x9, 0xf0, 0x0, 0xf,
    0x90, 0xc, 0xc0, 0x0, 0xc, 0xc0, 0xf, 0x90,
    0x0, 0x9, 0xf0,

    /* U+0042 "B" */
    0xbf, 0xff, 0xea, 0x10, 0xb, 0xe7, 0x7a, 0xfd,
    0x0, 0xbd, 0x0, 0x5, 0xf5, 0xb, 0xd0, 0x0,
    0x1f, 0x70, 0xbd, 0x0, 0x3, 0xf6, 0xb, 0xd2,
    0x24, 0xdd, 0x0, 0xbf, 0xff, 0xff, 0x20, 0xb,
    0xe5, 0x57, 0xee, 0x10, 0xbd, 0x0, 0x1, 0xea,
    0xb, 0xd0, 0x0, 0xa, 0xe0, 0xbd, 0x0, 0x0,
    0x8f, 0xb, 0xd0, 0x0, 0xa, 0xe0, 0xbd, 0x0,
    0x2, 0xfa, 0xb, 0xe7, 0x79, 0xfe, 0x20, 0xbf,
    0xff, 0xea, 0x20, 0x0,

    /* U+0043 "C" */
    0x3, 0xcf, 0xfb, 0x20, 0x3f, 0xe8, 0x8e, 0xf2,
    0xaf, 0x20, 0x2, 0xf9, 0xdc, 0x0, 0x0, 0xa9,
    0xeb, 0x0, 0x0, 0x0, 0xeb, 0x0, 0x0, 0x0,
    0xeb, 0x0, 0x0, 0x0, 0xeb, 0x0, 0x0, 0x0,
    0xeb, 0x0, 0x0, 0x0, 0xeb, 0x0, 0x0, 0x0,
    0xdb, 0x0, 0x0, 0x0, 0xdc, 0x0, 0x0, 0xa8,
    0xaf, 0x20, 0x2, 0xf9, 0x3f, 0xe8, 0x8e, 0xf2,
    0x3, 0xcf, 0xfb, 0x30,

    /* U+0044 "D" */
    0xbf, 0xff, 0xe9, 0x10, 0xbe, 0x77, 0xaf, 0xe1,
    0xbd, 0x0, 0x4, 0xf8, 0xbd, 0x0, 0x0, 0xcc,
    0xbd, 0x0, 0x0, 0xbd, 0xbd, 0x0, 0x0, 0xbe,
    0xbd, 0x0, 0x0, 0xbe, 0xbd, 0x0, 0x0, 0xbe,
    0xbd, 0x0, 0x0, 0xbe, 0xbd, 0x0, 0x0, 0xbe,
    0xbd, 0x0, 0x0, 0xbd, 0xbd, 0x0, 0x0, 0xcc,
    0xbd, 0x0, 0x4, 0xf8, 0xbe, 0x77, 0xaf, 0xe1,
    0xbf, 0xff, 0xe9, 0x10,

    /* U+0045 "E" */
    0x9f, 0xff, 0xff, 0xfb, 0x9f, 0x77, 0x77, 0x75,
    0x9f, 0x0, 0x0, 0x0, 0x9f, 0x0, 0x0, 0x0,
    0x9f, 0x0, 0x0, 0x0, 0x9f, 0x22, 0x22, 0x10,
    0x9f, 0xff, 0xff, 0x90, 0x9f, 0x55, 0x55, 0x20,
    0x9f, 0x0, 0x0, 0x0, 0x9f, 0x0, 0x0, 0x0,
    0x9f, 0x0, 0x0, 0x0, 0x9f, 0x0, 0x0, 0x0,
    0x9f, 0x0, 0x0, 0x0, 0x9f, 0x77, 0x77, 0x75,
    0x9f, 0xff, 0xff, 0xfb,

    /* U+0046 "F" */
    0x1f, 0xff, 0xff, 0xfb, 0x1f, 0xb7, 0x77, 0x75,
    0x1f, 0x70, 0x0, 0x0, 0x1f, 0x70, 0x0, 0x0,
    0x1f, 0x70, 0x0, 0x0, 0x1f, 0x82, 0x22, 0x10,
    0x1f, 0xff, 0xff, 0x90, 0x1f, 0xa5, 0x55, 0x20,
    0x1f, 0x70, 0x0, 0x0, 0x1f, 0x70, 0x0, 0x0,
    0x1f, 0x70, 0x0, 0x0, 0x1f, 0x70, 0x0, 0x0,
    0x1f, 0x70, 0x0, 0x0, 0x1f, 0x70, 0x0, 0x0,
    0x1f, 0x70, 0x0, 0x0,

    /* U+0047 "G" */
    0x3, 0xcf, 0xfb, 0x20, 0x3f, 0xe8, 0x8e, 0xf2,
    0xaf, 0x20, 0x2, 0xf9, 0xdc, 0x0, 0x0, 0xa9,
    0xeb, 0x0, 0x0, 0x0, 0xeb, 0x0, 0x0, 0x0,
    0xeb, 0x0, 0x22, 0x21, 0xeb, 0x0, 0xff, 0xfb,
    0xeb, 0x0, 0x55, 0xeb, 0xeb, 0x0, 0x0, 0xdb,
    0xeb, 0x0, 0x0, 0xdb, 0xdb, 0x0, 0x0, 0xeb,
    0xbf, 0x10, 0x3, 0xfb, 0x4f, 0xe8, 0x8c, 0xbb,
    0x6, 0xef, 0xb2, 0xbb,

    /* U+0048 "H" */
    0xbd, 0x0, 0x0, 0xdb, 0xbd, 0x0, 0x0, 0xdb,
    0xbd, 0x0, 0x0, 0xdb, 0xbd, 0x0, 0x0, 0xdb,
    0xbd, 0x0, 0x0, 0xdb, 0xbd, 0x22, 0x22, 0xdb,
    0xbf, 0xff, 0xff, 0xfb, 0xbe, 0x55, 0x55, 0xeb,
    0xbd, 0x0, 0x0, 0xdb, 0xbd, 0x0, 0x0, 0xdb,
    0xbd, 0x0, 0x0, 0xdb, 0xbd, 0x0, 0x0, 0xdb,
    0xbd, 0x0, 0x0, 0xdb, 0xbd, 0x0, 0x0, 0xdb,
    0xbd, 0x0, 0x0, 0xdb,

    /* U+0049 "I" */
    0x8f, 0xff, 0xff, 0xf8, 0x37, 0x7e, 0xe7, 0x73,
    0x0, 0xc, 0xc0, 0x0, 0x0, 0xc, 0xc0, 0x0,
    0x0, 0xc, 0xc0, 0x0, 0x0, 0xc, 0xc0, 0x0,
    0x0, 0xc, 0xc0, 0x0, 0x0, 0xc, 0xc0, 0x0,
    0x0, 0xc, 0xc0, 0x0, 0x0, 0xc, 0xc0, 0x0,
    0x0, 0xc, 0xc0, 0x0, 0x0, 0xc, 0xc0, 0x0,
    0x0, 0xc, 0xc0, 0x0, 0x37, 0x7e, 0xe7, 0x73,
    0x8f, 0xff, 0xff, 0xf8,

    /* U+004A "J" */
    0x0, 0x0, 0xff, 0xff, 0x30, 0x0, 0x7, 0x7a,
    0xf3, 0x0, 0x0, 0x0, 0x5f, 0x30, 0x0, 0x0,
    0x5, 0xf3, 0x0, 0x0, 0x0, 0x5f, 0x30, 0x0,
    0x0, 0x5, 0xf3, 0x0, 0x0, 0x0, 0x5f, 0x30,
    0x0, 0x0, 0x5, 0xf3, 0x0, 0x0, 0x0, 0x5f,
    0x30, 0x0, 0x0, 0x5, 0xf3, 0x0, 0x0, 0x0,
    0x5f, 0x30, 0xd6, 0x0, 0x6, 0xf2, 0xe, 0xc0,
    0x0, 0xbf, 0x0, 0x7f, 0xc8, 0xbf, 0x80, 0x0,
    0x6d, 0xfe, 0x70, 0x0,

    /* U+004B "K" */
    0x6f, 0x20, 0x2, 0xf9, 0x6f, 0x20, 0xb, 0xf1,
    0x6f, 0x20, 0x4f, 0x70, 0x6f, 0x20, 0xcd, 0x0,
    0x6f, 0x26, 0xf4, 0x0, 0x6f, 0x3e, 0xb0, 0x0,
    0x6f, 0xaf, 0x20, 0x0, 0x6f, 0xff, 0x40, 0x0,
    0x6f, 0xed, 0xc0, 0x0, 0x6f, 0x55, 0xf3, 0x0,
    0x6f, 0x20, 0xdb, 0x0, 0x6f, 0x20, 0x6f, 0x30,
    0x6f, 0x20, 0xe, 0xb0, 0x6f, 0x20, 0x7, 0xf2,
    0x6f, 0x20, 0x1, 0xfa,

    /* U+004C "L" */
    0x1f, 0x70, 0x0, 0x0, 0x1f, 0x70, 0x0, 0x0,
    0x1f, 0x70, 0x0, 0x0, 0x1f, 0x70, 0x0, 0x0,
    0x1f, 0x70, 0x0, 0x0, 0x1f, 0x70, 0x0, 0x0,
    0x1f, 0x70, 0x0, 0x0, 0x1f, 0x70, 0x0, 0x0,
    0x1f, 0x70, 0x0, 0x0, 0x1f, 0x70, 0x0, 0x0,
    0x1f, 0x70, 0x0, 0x0, 0x1f, 0x70, 0x0, 0x0,
    0x1f, 0x70, 0x0, 0x0, 0x1f, 0xb7, 0x77, 0x76,
    0x1f, 0xff, 0xff, 0xfd,

    /* U+004D "M" */
    0xff, 0x10, 0x1, 0xff, 0xff, 0x50, 0x5, 0xff,
    0xff, 0x90, 0x9, 0xff, 0xfc, 0xd0, 0xd, 0xcf,
    0xf8, 0xf1, 0x1f, 0x8f, 0xf6, 0xe5, 0x5e, 0x6f,
    0xf6, 0xa9, 0x9a, 0x7f, 0xf7, 0x6d, 0xd6, 0x7f,
    0xf7, 0x2f, 0xf2, 0x7f, 0xf7, 0xe, 0xe0, 0x7f,
    0xf7, 0x5, 0x50, 0x7f, 0xf8, 0x0, 0x0, 0x8f,
    0xf8, 0x0, 0x0, 0x8f, 0xf8, 0x0, 0x0, 0x8f,
    0xf8, 0x0, 0x0, 0x8f,

    /* U+004E "N" */
    0xbf, 0x50, 0x0, 0xdb, 0xbf, 0xa0, 0x0, 0xdb,
    0xbf, 0xf0, 0x0, 0xdb, 0xbb, 0xf5, 0x0, 0xdb,
    0xbb, 0xbb, 0x0, 0xdb, 0xbc, 0x5f, 0x0, 0xdb,
    0xbc, 0xf, 0x50, 0xdb, 0xbc, 0xb, 0xb0, 0xcb,
    0xbd, 0x5, 0xf1, 0xcb, 0xbd, 0x0, 0xf5, 0xcb,
    0xbd, 0x0, 0xab, 0xbb, 0xbd, 0x0, 0x5f, 0xbb,
    0xbd, 0x0, 0xf, 0xfb, 0xbd, 0x0, 0xa, 0xfb,
    0xbd, 0x0, 0x5, 0xfb,

    /* U+004F "O" */
    0x3, 0xcf, 0xfc, 0x30, 0x2f, 0xe8, 0x8e, 0xf2,
    0xaf, 0x10, 0x1, 0xfa, 0xdb, 0x0, 0x0, 0xbd,
    0xeb, 0x0, 0x0, 0xbd, 0xeb, 0x0, 0x0, 0xbe,
    0xeb, 0x0, 0x0, 0xbe, 0xeb, 0x0, 0x0, 0xbe,
    0xeb, 0x0, 0x0, 0xbe, 0xeb, 0x0, 0x0, 0xbe,
    0xdb, 0x0, 0x0, 0xbd, 0xdb, 0x0, 0x0, 0xbd,
    0xaf, 0x10, 0x1, 0xfa, 0x3f, 0xe8, 0x8e, 0xf3,
    0x3, 0xcf, 0xfb, 0x30,

    /* U+0050 "P" */
    0x6f, 0xff, 0xfc, 0x40, 0x6, 0xf8, 0x78, 0xdf,
    0x40, 0x6f, 0x20, 0x1, 0xec, 0x6, 0xf2, 0x0,
    0x9, 0xf0, 0x6f, 0x20, 0x0, 0x8f, 0x6, 0xf2,
    0x0, 0xc, 0xd0, 0x6f, 0x42, 0x39, 0xf7, 0x6,
    0xff, 0xff, 0xf9, 0x0, 0x6f, 0x65, 0x41, 0x0,
    0x6, 0xf2, 0x0, 0x0, 0x0, 0x6f, 0x20, 0x0,
    0x0, 0x6, 0xf2, 0x0, 0x0, 0x0, 0x6f, 0x20,
    0x0, 0x0, 0x6, 0xf2, 0x0, 0x0, 0x0, 0x6f,
    0x20, 0x0, 0x0, 0x0,

    /* U+0051 "Q" */
    0x3, 0xbf, 0xfb, 0x30, 0x2f, 0xe8, 0x8e, 0xf2,
    0x9f, 0x20, 0x2, 0xf9, 0xdc, 0x0, 0x0, 0xcc,
    0xdb, 0x0, 0x0, 0xbd, 0xeb, 0x0, 0x0, 0xbe,
    0xeb, 0x0, 0x0, 0xbe, 0xeb, 0x0, 0x0, 0xbe,
    0xeb, 0x0, 0x0, 0xbe, 0xeb, 0x0, 0x0, 0xbe,
    0xeb, 0x0, 0x0, 0xbe, 0xdb, 0x0, 0x0, 0xbd,
    0xcc, 0x0, 0x0, 0xdc, 0x8f, 0x50, 0x5, 0xf8,
    0x1d, 0xfd, 0xdf, 0xd0, 0x0, 0x7e, 0xf7, 0x0,
    0x0, 0x9, 0xf1, 0x0, 0x0, 0x4, 0xfb, 0x30,
    0x0, 0x0, 0x7f, 0xf6, 0x0, 0x0, 0x1, 0x42,

    /* U+0052 "R" */
    0xbf, 0xff, 0xfb, 0x30, 0xb, 0xe7, 0x78, 0xef,
    0x20, 0xbd, 0x0, 0x1, 0xf9, 0xb, 0xd0, 0x0,
    0xc, 0xd0, 0xbd, 0x0, 0x0, 0xbd, 0xb, 0xd0,
    0x0, 0xe, 0xb0, 0xbd, 0x22, 0x3a, 0xf5, 0xb,
    0xff, 0xff, 0xf7, 0x0, 0xbe, 0x58, 0xf6, 0x0,
    0xb, 0xd0, 0xe, 0xc0, 0x0, 0xbd, 0x0, 0x7f,
    0x30, 0xb, 0xd0, 0x1, 0xfa, 0x0, 0xbd, 0x0,
    0x9, 0xf1, 0xb, 0xd0, 0x0, 0x2f, 0x80, 0xbd,
    0x0, 0x0, 0xbe, 0x0,

    /* U+0053 "S" */
    0x3, 0xbf, 0xfc, 0x30, 0x1f, 0xe8, 0x8e, 0xf2,
    0x8f, 0x20, 0x2, 0xf9, 0xbd, 0x0, 0x0, 0xa9,
    0x9f, 0x0, 0x0, 0x0, 0x4f, 0x80, 0x0, 0x0,
    0x9, 0xfb, 0x20, 0x0, 0x0, 0x7f, 0xf9, 0x0,
    0x0, 0x1, 0x9f, 0xb0, 0x0, 0x0, 0x6, 0xf6,
    0x0, 0x0, 0x0, 0xdc, 0xb8, 0x0, 0x0, 0xbd,
    0xbe, 0x10, 0x1, 0xfa, 0x4f, 0xe8, 0x8e, 0xf3,
    0x4, 0xcf, 0xfc, 0x30,

    /* U+0054 "T" */
    0xdf, 0xff, 0xff, 0xfd, 0x67, 0x7e, 0xe7, 0x76,
    0x0, 0xc, 0xc0, 0x0, 0x0, 0xc, 0xc0, 0x0,
    0x0, 0xc, 0xc0, 0x0, 0x0, 0xc, 0xc0, 0x0,
    0x0, 0xc, 0xc0, 0x0, 0x0, 0xc, 0xc0, 0x0,
    0x0, 0xc, 0xc0, 0x0, 0x0, 0xc, 0xc0, 0x0,
    0x0, 0xc, 0xc0, 0x0, 0x0, 0xc, 0xc0, 0x0,
    0x0, 0xc, 0xc0, 0x0, 0x0, 0xc, 0xc0, 0x0,
    0x0, 0xc, 0xc0, 0x0,

    /* U+0055 "U" */
    0xbd, 0x0, 0x0, 0xdb, 0xbd, 0x0, 0x0, 0xdb,
    0xbd, 0x0, 0x0, 0xdb, 0xbd, 0x0, 0x0, 0xdb,
    0xbd, 0x0, 0x0, 0xdb, 0xbd, 0x0, 0x0, 0xdb,
    0xbd, 0x0, 0x0, 0xdb, 0xbd, 0x0, 0x0, 0xdb,
    0xbd, 0x0, 0x0, 0xdb, 0xbd, 0x0, 0x0, 0xdb,
    0xbd, 0x0, 0x0, 0xdb, 0xae, 0x0, 0x0, 0xea,
    0x7f, 0x30, 0x3, 0xf7, 0x1e, 0xe8, 0x8e, 0xe1,
    0x2, 0xbf, 0xfb, 0x20,

    /* U+0056 "V" */
    0xf, 0x90, 0x0, 0x9, 0xf0, 0xc, 0xc0, 0x0,
    0xc, 0xc0, 0x9, 0xf0, 0x0, 0xf, 0x90, 0x6,
    0xf2, 0x0, 0x2f, 0x50, 0x2, 0xf6, 0x0, 0x6f,
    0x20, 0x0, 0xf9, 0x0, 0x9f, 0x0, 0x0, 0xbc,
    0x0, 0xcb, 0x0, 0x0, 0x8f, 0x0, 0xf8, 0x0,
    0x0, 0x4f, 0x22, 0xf4, 0x0, 0x0, 0x1f, 0x66,
    0xf1, 0x0, 0x0, 0xd, 0x99, 0xd0, 0x0, 0x0,
    0xa, 0xcc, 0xa0, 0x0, 0x0, 0x7, 0xff, 0x70,
    0x0, 0x0, 0x3, 0xff, 0x30, 0x0, 0x0, 0x0,
    0xff, 0x0, 0x0,

    /* U+0057 "W" */
    0x3f, 0x30, 0x0, 0x3, 0xf3, 0x2f, 0x50, 0x0,
    0x5, 0xf1, 0xf, 0x60, 0x0, 0x6, 0xf0, 0xe,
    0x70, 0x0, 0x7, 0xe0, 0xc, 0x90, 0xcc, 0x9,
    0xc0, 0xa, 0xa0, 0xee, 0xa, 0xa0, 0x8, 0xb0,
    0xff, 0xb, 0x80, 0x7, 0xd3, 0xdd, 0x3d, 0x70,
    0x5, 0xe5, 0xbb, 0x5e, 0x50, 0x3, 0xf7, 0x99,
    0x7f, 0x30, 0x1, 0xfb, 0x66, 0xbf, 0x10, 0x0,
    0xfe, 0x44, 0xef, 0x0, 0x0, 0xef, 0x22, 0xfe,
    0x0, 0x0, 0xcf, 0x0, 0xfc, 0x0, 0x0, 0xad,
    0x0, 0xda, 0x0,

    /* U+0058 "X" */
    0xd, 0xd0, 0x0, 0xd, 0xd0, 0x6, 0xf4, 0x0,
    0x4f, 0x60, 0x0, 0xeb, 0x0, 0xbe, 0x0, 0x0,
    0x8f, 0x12, 0xf8, 0x0, 0x0, 0x1f, 0x88, 0xf1,
    0x0, 0x0, 0xa, 0xee, 0xa0, 0x0, 0x0, 0x3,
    0xff, 0x30, 0x0, 0x0, 0x0, 0xee, 0x0, 0x0,
    0x0, 0x3, 0xff, 0x30, 0x0, 0x0, 0xa, 0xee,
    0xa0, 0x0, 0x0, 0x1f, 0x88, 0xf1, 0x0, 0x0,
    0x8f, 0x12, 0xf8, 0x0, 0x0, 0xeb, 0x0, 0xbe,
    0x0, 0x6, 0xf4, 0x0, 0x4f, 0x60, 0xd, 0xd0,
    0x0, 0xd, 0xd0,

    /* U+0059 "Y" */
    0xe, 0xb0, 0x0, 0xb, 0xe0, 0x8, 0xf1, 0x0,
    0x1f, 0x80, 0x2, 0xf7, 0x0, 0x7f, 0x20, 0x0,
    0xcc, 0x0, 0xcc, 0x0, 0x0, 0x6f, 0x22, 0xf6,
    0x0, 0x0, 0x1f, 0x88, 0xf1, 0x0, 0x0, 0xb,
    0xdd, 0xa0, 0x0, 0x0, 0x5, 0xff, 0x50, 0x0,
    0x0, 0x0, 0xee, 0x0, 0x0, 0x0, 0x0, 0xcc,
    0x0, 0x0, 0x0, 0x0, 0xcc, 0x0, 0x0, 0x0,
    0x0, 0xcc, 0x0, 0x0, 0x0, 0x0, 0xcc, 0x0,
    0x0, 0x0, 0x0, 0xcc, 0x0, 0x0, 0x0, 0x0,
    0xcc, 0x0, 0x0,

    /* U+005A "Z" */
    0xbf, 0xff, 0xff, 0xfb, 0x57, 0x77, 0x79, 0xfa,
    0x0, 0x0, 0x8, 0xf3, 0x0, 0x0, 0x1f, 0xc0,
    0x0, 0x0, 0x7f, 0x40, 0x0, 0x0, 0xed, 0x0,
    0x0, 0x6, 0xf5, 0x0, 0x0, 0xd, 0xe0, 0x0,
    0x0, 0x5f, 0x60, 0x0, 0x0, 0xde, 0x0, 0x0,
    0x4, 0xf7, 0x0, 0x0, 0xc, 0xf1, 0x0, 0x0,
    0x3f, 0x80, 0x0, 0x0, 0xaf, 0x87, 0x77, 0x75,
    0xbf, 0xff, 0xff, 0xfb,

    /* U+005B "[" */
    0x12, 0x22, 0x21, 0x8f, 0xff, 0xff, 0x8f, 0x55,
    0x54, 0x8f, 0x0, 0x0, 0x8f, 0x0, 0x0, 0x8f,
    0x0, 0x0, 0x8f, 0x0, 0x0, 0x8f, 0x0, 0x0,
    0x8f, 0x0, 0x0, 0x8f, 0x0, 0x0, 0x8f, 0x0,
    0x0, 0x8f, 0x0, 0x0, 0x8f, 0x0, 0x0, 0x8f,
    0x0, 0x0, 0x8f, 0x0, 0x0, 0x8f, 0x0, 0x0,
    0x8f, 0x0, 0x0, 0x8f, 0x0, 0x0, 0x8f, 0x0,
    0x0, 0x8f, 0x22, 0x22, 0x8f, 0xff, 0xff, 0x25,
    0x55, 0x55,

    /* U+005C "\\" */
    0xae, 0x0, 0x0, 0x0, 0x5f, 0x30, 0x0, 0x0,
    0x1f, 0x80, 0x0, 0x0, 0xc, 0xd0, 0x0, 0x0,
    0x7, 0xf2, 0x0, 0x0, 0x2, 0xf7, 0x0, 0x0,
    0x0, 0xdb, 0x0, 0x0, 0x0, 0x8f, 0x0, 0x0,
    0x0, 0x4f, 0x50, 0x0, 0x0, 0xe, 0xa0, 0x0,
    0x0, 0xa, 0xe0, 0x0, 0x0, 0x5, 0xf3, 0x0,
    0x0, 0x1, 0xf8, 0x0, 0x0, 0x0, 0xbd, 0x0,
    0x0, 0x0, 0x7f, 0x20, 0x0, 0x0, 0x2f, 0x70,
    0x0, 0x0, 0xd, 0xc0, 0x0, 0x0, 0x8, 0xf1,
    0x0, 0x0, 0x3, 0xf5, 0x0, 0x0, 0x0, 0xea,

    /* U+005D "]" */
    0x12, 0x22, 0x21, 0xff, 0xff, 0xf8, 0x45, 0x55,
    0xf8, 0x0, 0x0, 0xf8, 0x0, 0x0, 0xf8, 0x0,
    0x0, 0xf8, 0x0, 0x0, 0xf8, 0x0, 0x0, 0xf8,
    0x0, 0x0, 0xf8, 0x0, 0x0, 0xf8, 0x0, 0x0,
    0xf8, 0x0, 0x0, 0xf8, 0x0, 0x0, 0xf8, 0x0,
    0x0, 0xf8, 0x0, 0x0, 0xf8, 0x0, 0x0, 0xf8,
    0x0, 0x0, 0xf8, 0x0, 0x0, 0xf8, 0x0, 0x0,
    0xf8, 0x22, 0x22, 0xf8, 0xff, 0xff, 0xf8, 0x55,
    0x55, 0x52,

    /* U+005E "^" */
    0x0, 0x3, 0xff, 0x30, 0x0, 0x0, 0xd, 0xdd,
    0xd0, 0x0, 0x0, 0x9f, 0x33, 0xf9, 0x0, 0x4,
    0xf9, 0x0, 0x9f, 0x40, 0xe, 0xd0, 0x0, 0xd,
    0xe0, 0x4, 0x30, 0x0, 0x3, 0x40,

    /* U+005F "_" */
    0x12, 0x22, 0x22, 0x21, 0xbf, 0xff, 0xff, 0xfb,
    0x35, 0x55, 0x55, 0x53,

    /* U+0060 "`" */
    0x3, 0x40, 0x0, 0xd, 0xf1, 0x0, 0x3, 0xfc,
    0x0, 0x0, 0x6f, 0x70, 0x0, 0x9, 0xf3, 0x0,
    0x0, 0x70,

    /* U+0061 "a" */
    0x4, 0xcf, 0xfb, 0x30, 0x3f, 0xe8, 0x8e, 0xf2,
    0xaf, 0x10, 0x3, 0xf8, 0x34, 0x0, 0x0, 0xeb,
    0x0, 0x0, 0x12, 0xdb, 0x6, 0xdf, 0xff, 0xfb,
    0x7f, 0xb6, 0x55, 0xeb, 0xcc, 0x0, 0x0, 0xeb,
    0xcd, 0x0, 0x2, 0xfb, 0x7f, 0xc8, 0x9d, 0xeb,
    0x8, 0xef, 0xc2, 0xdb,

    /* U+0062 "b" */
    0xbd, 0x0, 0x0, 0x0, 0xbd, 0x0, 0x0, 0x0,
    0xbd, 0x0, 0x0, 0x0, 0xbd, 0x0, 0x0, 0x0,
    0xbd, 0x2b, 0xfd, 0x50, 0xbd, 0xc8, 0x8e, 0xf3,
    0xbf, 0x40, 0x2, 0xfa, 0xbe, 0x0, 0x0, 0xcd,
    0xbd, 0x0, 0x0, 0xbd, 0xbd, 0x0, 0x0, 0xbe,
    0xbd, 0x0, 0x0, 0xbd, 0xbe, 0x0, 0x0, 0xcd,
    0xbf, 0x40, 0x2, 0xfa, 0xbd, 0xc9, 0x8e, 0xf3,
    0xbd, 0x2b, 0xfd, 0x50,

    /* U+0063 "c" */
    0x3, 0xbf, 0xfb, 0x20, 0x2f, 0xe8, 0x8e, 0xe1,
    0x9f, 0x20, 0x2, 0xf8, 0xdc, 0x0, 0x0, 0xb9,
    0xdb, 0x0, 0x0, 0x0, 0xeb, 0x0, 0x0, 0x0,
    0xdb, 0x0, 0x0, 0x0, 0xdc, 0x0, 0x0, 0xb9,
    0x9f, 0x20, 0x3, 0xf8, 0x2f, 0xe8, 0x9f, 0xf2,
    0x3, 0xbf, 0xfb, 0x30,

    /* U+0064 "d" */
    0x0, 0x0, 0x0, 0xdb, 0x0, 0x0, 0x0, 0xdb,
    0x0, 0x0, 0x0, 0xdb, 0x0, 0x0, 0x0, 0xdb,
    0x5, 0xdf, 0xb1, 0xdb, 0x3f, 0xe8, 0x8c, 0xdb,
    0xaf, 0x20, 0x4, 0xfb, 0xdc, 0x0, 0x0, 0xeb,
    0xdb, 0x0, 0x0, 0xdb, 0xeb, 0x0, 0x0, 0xdb,
    0xdb, 0x0, 0x0, 0xdb, 0xdc, 0x0, 0x0, 0xeb,
    0xaf, 0x20, 0x4, 0xfb, 0x4f, 0xe8, 0x9c, 0xdb,
    0x5, 0xdf, 0xb1, 0xdb,

    /* U+0065 "e" */
    0x3, 0xbf, 0xfb, 0x20, 0x2f, 0xe8, 0x8e, 0xf2,
    0x9f, 0x20, 0x2, 0xf9, 0xdc, 0x0, 0x0, 0xcd,
    0xdb, 0x22, 0x22, 0xbd, 0xef, 0xff, 0xff, 0xfe,
    0xdc, 0x55, 0x55, 0x54, 0xdb, 0x0, 0x0, 0x11,
    0x9f, 0x20, 0x0, 0xeb, 0x2f, 0xe8, 0x8d, 0xf4,
    0x3, 0xbf, 0xfc, 0x40,

    /* U+0066 "f" */
    0x0, 0x6, 0xef, 0xb2, 0x0, 0x3, 0xfc, 0x8f,
    0xc0, 0x0, 0x7f, 0x20, 0x6a, 0x0, 0x8, 0xf0,
    0x0, 0x0, 0x12, 0x9f, 0x22, 0x20, 0xb, 0xff,
    0xff, 0xff, 0x50, 0x35, 0xaf, 0x55, 0x51, 0x0,
    0x8, 0xf0, 0x0, 0x0, 0x0, 0x8f, 0x0, 0x0,
    0x0, 0x8, 0xf0, 0x0, 0x0, 0x0, 0x8f, 0x0,
    0x0, 0x0, 0x8, 0xf0, 0x0, 0x0, 0x0, 0x8f,
    0x0, 0x0, 0x0, 0x8, 0xf0, 0x0, 0x0, 0x0,
    0x8f, 0x0, 0x0, 0x0,

    /* U+0067 "g" */
    0x5, 0xdf, 0xb1, 0xdb, 0x3f, 0xe8, 0x8c, 0xdb,
    0xaf, 0x20, 0x4, 0xfb, 0xdc, 0x0, 0x0, 0xeb,
    0xdb, 0x0, 0x0, 0xdb, 0xeb, 0x0, 0x0, 0xdb,
    0xdb, 0x0, 0x0, 0xdb, 0xdc, 0x0, 0x0, 0xeb,
    0xaf, 0x20, 0x4, 0xfb, 0x4f, 0xe8, 0x9c, 0xdb,
    0x5, 0xdf, 0xb1, 0xdb, 0x0, 0x0, 0x0, 0xea,
    0x8a, 0x0, 0x3, 0xf7, 0x5f, 0xc7, 0x8e, 0xe1,
    0x6, 0xdf, 0xfb, 0x20,

    /* U+0068 "h" */
    0xbd, 0x0, 0x0, 0x0, 0xbd, 0x0, 0x0, 0x0,
    0xbd, 0x0, 0x0, 0x0, 0xbd, 0x0, 0x0, 0x0,
    0xbd, 0x2b, 0xfd, 0x40, 0xbd, 0xc8, 0x8f, 0xf1,
    0xbf, 0x40, 0x4, 0xf7, 0xbe, 0x0, 0x0, 0xea,
    0xbd, 0x0, 0x0, 0xdb, 0xbd, 0x0, 0x0, 0xdb,
    0xbd, 0x0, 0x0, 0xdb, 0xbd, 0x0, 0x0, 0xdb,
    0xbd, 0x0, 0x0, 0xdb, 0xbd, 0x0, 0x0, 0xdb,
    0xbd, 0x0, 0x0, 0xdb,

    /* U+0069 "i" */
    0x0, 0xc, 0xe1, 0x0, 0x0, 0x1f, 0xf4, 0x0,
    0x0, 0x6, 0x80, 0x0, 0x0, 0x0, 0x0, 0x0,
    0x3f, 0xff, 0xe0, 0x0, 0x17, 0x7c, 0xe0, 0x0,
    0x0, 0xa, 0xe0, 0x0, 0x0, 0xa, 0xe0, 0x0,
    0x0, 0xa, 0xe0, 0x0, 0x0, 0xa, 0xe0, 0x0,
    0x0, 0xa, 0xe0, 0x0, 0x0, 0xa, 0xe0, 0x0,
    0x0, 0xa, 0xe0, 0x0, 0x37, 0x7c, 0xf7, 0x73,
    0x8f, 0xff, 0xff, 0xf8,

    /* U+006A "j" */
    0x0, 0x0, 0xc, 0xe1, 0x0, 0x0, 0x1f, 0xf4,
    0x0, 0x0, 0x6, 0x80, 0x0, 0x0, 0x0, 0x0,
    0x0, 0x3f, 0xff, 0xf0, 0x0, 0x17, 0x7b, 0xf0,
    0x0, 0x0, 0x8, 0xf0, 0x0, 0x0, 0x8, 0xf0,
    0x0, 0x0, 0x8, 0xf0, 0x0, 0x0, 0x8, 0xf0,
    0x0, 0x0, 0x8, 0xf0, 0x0, 0x0, 0x8, 0xf0,
    0x0, 0x0, 0x8, 0xf0, 0x0, 0x0, 0x8, 0xf0,
    0x0, 0x0, 0x8, 0xf0, 0x23, 0x0, 0x8, 0xf0,
    0x7f, 0x20, 0xd, 0xd0, 0x2f, 0xd8, 0xbf, 0x60,
    0x4, 0xdf, 0xe7, 0x0,

    /* U+006B "k" */
    0x6f, 0x20, 0x0, 0x0, 0x6f, 0x20, 0x0, 0x0,
    0x6f, 0x20, 0x0, 0x0, 0x6f, 0x20, 0x0, 0x0,
    0x6f, 0x20, 0x6, 0xf7, 0x6f, 0x20, 0x2f, 0xb0,
    0x6f, 0x20, 0xce, 0x10, 0x6f, 0x28, 0xf4, 0x0,
    0x6f, 0x6f, 0x80, 0x0, 0x6f, 0xff, 0x60, 0x0,
    0x6f, 0xeb, 0xf1, 0x0, 0x6f, 0x41, 0xfa, 0x0,
    0x6f, 0x20, 0x7f, 0x40, 0x6f, 0x20, 0xd, 0xe0,
    0x6f, 0x20, 0x3, 0xf8,

    /* U+006C "l" */
    0x3f, 0xff, 0xe0, 0x0, 0x17, 0x7c, 0xe0, 0x0,
    0x0, 0xa, 0xe0, 0x0, 0x0, 0xa, 0xe0, 0x0,
    0x0, 0xa, 0xe0, 0x0, 0x0, 0xa, 0xe0, 0x0,
    0x0, 0xa, 0xe0, 0x0, 0x0, 0xa, 0xe0, 0x0,
    0x0, 0xa, 0xe0, 0x0, 0x0, 0xa, 0xe0, 0x0,
    0x0, 0xa, 0xe0, 0x0, 0x0, 0xa, 0xe0, 0x0,
    0x0, 0xa, 0xe0, 0x0, 0x37, 0x7c, 0xf7, 0x73,
    0x8f, 0xff, 0xff, 0xf8,

    /* U+006D "m" */
    0xfa, 0xed, 0x3c, 0xe4, 0xfc, 0x4f, 0xe4, 0xcd,
    0xf7, 0xb, 0xb0, 0x7f, 0xf7, 0xb, 0xb0, 0x7f,
    0xf7, 0xb, 0xb0, 0x7f, 0xf7, 0xb, 0xb0, 0x7f,
    0xf7, 0xb, 0xb0, 0x7f, 0xf7, 0xb, 0xb0, 0x7f,
    0xf7, 0xb, 0xb0, 0x7f, 0xf7, 0xb, 0xb0, 0x7f,
    0xf7, 0xb, 0xb0, 0x7f,

    /* U+006E "n" */
    0xbd, 0x2c, 0xfd, 0x40, 0xbd, 0xb5, 0x6d, 0xf1,
    0xbf, 0x20, 0x3, 0xf7, 0xbe, 0x0, 0x0, 0xea,
    0xbd, 0x0, 0x0, 0xdb, 0xbd, 0x0, 0x0, 0xdb,
    0xbd, 0x0, 0x0, 0xdb, 0xbd, 0x0, 0x0, 0xdb,
    0xbd, 0x0, 0x0, 0xdb, 0xbd, 0x0, 0x0, 0xdb,
    0xbd, 0x0, 0x0, 0xdb,

    /* U+006F "o" */
    0x3, 0xbf, 0xfb, 0x30, 0x2f, 0xe8, 0x8e, 0xf2,
    0x9f, 0x20, 0x2, 0xf9, 0xdc, 0x0, 0x0, 0xcd,
    0xdb, 0x0, 0x0, 0xbd, 0xeb, 0x0, 0x0, 0xbe,
    0xdb, 0x0, 0x0, 0xbd, 0xdc, 0x0, 0x0, 0xcd,
    0x9f, 0x20, 0x2, 0xf9, 0x2f, 0xe8, 0x8e, 0xf2,
    0x3, 0xbf, 0xfb, 0x30,

    /* U+0070 "p" */
    0xbd, 0x2b, 0xfd, 0x50, 0xbd, 0xc6, 0x5c, 0xf3,
    0xbf, 0x30, 0x1, 0xfa, 0xbe, 0x0, 0x0, 0xbd,
    0xbd, 0x0, 0x0, 0xbd, 0xbd, 0x0, 0x0, 0xbe,
    0xbd, 0x0, 0x0, 0xbd, 0xbe, 0x0, 0x0, 0xcd,
    0xbf, 0x40, 0x2, 0xfa, 0xbd, 0xc9, 0x8e, 0xf3,
    0xbd, 0x2b, 0xfd, 0x50, 0xbd, 0x0, 0x0, 0x0,
    0xbd, 0x0, 0x0, 0x0, 0xbd, 0x0, 0x0, 0x0,
    0xbd, 0x0, 0x0, 0x0,

    /* U+0071 "q" */
    0x5, 0xdf, 0xb1, 0xdb, 0x3f, 0xe8, 0x8c, 0xdb,
    0xaf, 0x20, 0x4, 0xfb, 0xdc, 0x0, 0x0, 0xeb,
    0xdb, 0x0, 0x0, 0xdb, 0xeb, 0x0, 0x0, 0xdb,
    0xdb, 0x0, 0x0, 0xdb, 0xdc, 0x0, 0x0, 0xeb,
    0xaf, 0x20, 0x4, 0xfb, 0x4f, 0xe8, 0x9c, 0xdb,
    0x5, 0xdf, 0xb1, 0xdb, 0x0, 0x0, 0x0, 0xdb,
    0x0, 0x0, 0x0, 0xdb, 0x0, 0x0, 0x0, 0xdb,
    0x0, 0x0, 0x0, 0xdb,

    /* U+0072 "r" */
    0x8f, 0x1a, 0xfc, 0x20, 0x8f, 0xa8, 0x6f, 0xc0,
    0x8f, 0x80, 0x9, 0xf0, 0x8f, 0x30, 0x0, 0x0,
    0x8f, 0x10, 0x0, 0x0, 0x8f, 0x0, 0x0, 0x0,
    0x8f, 0x0, 0x0, 0x0, 0x8f, 0x0, 0x0, 0x0,
    0x8f, 0x0, 0x0, 0x0, 0x8f, 0x0, 0x0, 0x0,
    0x8f, 0x0, 0x0, 0x0,

    /* U+0073 "s" */
    0x3, 0xcf, 0xfc, 0x40, 0x2f, 0xd8, 0x8d, 0xf3,
    0x8f, 0x20, 0x1, 0xe8, 0x7f, 0x30, 0x0, 0x0,
    0x1e, 0xf8, 0x30, 0x0, 0x2, 0xbf, 0xfc, 0x30,
    0x0, 0x2, 0x7e, 0xf2, 0x0, 0x0, 0x1, 0xf9,
    0x9d, 0x0, 0x0, 0xea, 0x5f, 0xc8, 0x8d, 0xf4,
    0x5, 0xcf, 0xfc, 0x40,

    /* U+0074 "t" */
    0x0, 0xbe, 0x0, 0x0, 0x0, 0xb, 0xe0, 0x0,
    0x0, 0x0, 0xbe, 0x0, 0x0, 0x0, 0xb, 0xe0,
    0x0, 0x0, 0x9f, 0xff, 0xff, 0xf6, 0x4, 0x7d,
    0xe7, 0x77, 0x20, 0x0, 0xbe, 0x0, 0x0, 0x0,
    0xb, 0xe0, 0x0, 0x0, 0x0, 0xbe, 0x0, 0x0,
    0x0, 0xb, 0xe0, 0x0, 0x0, 0x0, 0xbe, 0x0,
    0x0, 0x0, 0xa, 0xe0, 0x3, 0xe4, 0x0, 0x8f,
    0x10, 0x7f, 0x20, 0x2, 0xfc, 0x8f, 0xc0, 0x0,
    0x5, 0xdf, 0xb2, 0x0,

    /* U+0075 "u" */
    0xbd, 0x0, 0x0, 0xdb, 0xbd, 0x0, 0x0, 0xdb,
    0xbd, 0x0, 0x0, 0xdb, 0xbd, 0x0, 0x0, 0xdb,
    0xbd, 0x0, 0x0, 0xdb, 0xbd, 0x0, 0x0, 0xdb,
    0xbd, 0x0, 0x0, 0xdb, 0xae, 0x0, 0x0, 0xeb,
    0x7f, 0x40, 0x4, 0xfb, 0x1f, 0xf8, 0x8c, 0xdb,
    0x4, 0xdf, 0xb2, 0xdb,

    /* U+0076 "v" */
    0xf, 0xa0, 0x0, 0xa, 0xf0, 0xb, 0xe0, 0x0,
    0xe, 0xa0, 0x6, 0xf3, 0x0, 0x3f, 0x60, 0x1,
    0xf7, 0x0, 0x7f, 0x10, 0x0, 0xcb, 0x0, 0xbc,
    0x0, 0x0, 0x8f, 0x0, 0xf8, 0x0, 0x0, 0x3f,
    0x44, 0xf3, 0x0, 0x0, 0xe, 0x88, 0xe0, 0x0,
    0x0, 0xa, 0xdd, 0xa0, 0x0, 0x0, 0x5, 0xff,
    0x50, 0x0, 0x0, 0x1, 0xff, 0x10, 0x0,

    /* U+0077 "w" */
    0x3f, 0x40, 0x0, 0x4, 0xf3, 0x1f, 0x50, 0x0,
    0x5, 0xf1, 0xe, 0x70, 0x0, 0x7, 0xe0, 0xc,
    0x90, 0xbb, 0x9, 0xc0, 0x9, 0xb0, 0xff, 0xb,
    0x90, 0x7, 0xd2, 0xde, 0x2d, 0x70, 0x4, 0xe6,
    0xaa, 0x5e, 0x40, 0x2, 0xf9, 0x77, 0x9f, 0x20,
    0x0, 0xfe, 0x44, 0xef, 0x0, 0x0, 0xdf, 0x11,
    0xfd, 0x0, 0x0, 0xae, 0x0, 0xea, 0x0,

    /* U+0078 "x" */
    0xaf, 0x20, 0x2, 0xfa, 0x1f, 0xa0, 0xa, 0xf1,
    0x8, 0xf3, 0x3f, 0x80, 0x0, 0xeb, 0xbe, 0x0,
    0x0, 0x6f, 0xf6, 0x0, 0x0, 0xf, 0xf0, 0x0,
    0x0, 0x6f, 0xf6, 0x0, 0x0, 0xeb, 0xbe, 0x0,
    0x8, 0xf3, 0x3f, 0x80, 0x1f, 0xa0, 0xa, 0xf1,
    0xaf, 0x20, 0x2, 0xfa,

    /* U+0079 "y" */
    0xdc, 0x0, 0x0, 0xcd, 0x8f, 0x0, 0x0, 0xf8,
    0x4f, 0x50, 0x4, 0xf4, 0xf, 0x90, 0x9, 0xf0,
    0xa, 0xd0, 0xd, 0xa0, 0x6, 0xf2, 0x1f, 0x60,
    0x1, 0xf6, 0x6f, 0x10, 0x0, 0xca, 0xac, 0x0,
    0x0, 0x8e, 0xe8, 0x0, 0x0, 0x3f, 0xf3, 0x0,
    0x0, 0xe, 0xe0, 0x0, 0x0, 0xf, 0xa0, 0x0,
    0x0, 0x4f, 0x50, 0x0, 0x0, 0x8f, 0x10, 0x0,
    0x0, 0xdc, 0x0, 0x0,

    /* U+007A "z" */
    0xbf, 0xff, 0xff, 0xfb, 0x57, 0x77, 0x78, 0xf9,
    0x0, 0x0, 0xb, 0xe1, 0x0, 0x0, 0x6f, 0x40,
    0x0, 0x2, 0xf8, 0x0, 0x0, 0xd, 0xd0, 0x0,
    0x0, 0x9f, 0x20, 0x0, 0x4, 0xf6, 0x0, 0x0,
    0x1e, 0xb0, 0x0, 0x0, 0x9f, 0x87, 0x77, 0x75,
    0xbf, 0xff, 0xff, 0xfb,

    /* U+007B "{" */
    0x0, 0x0, 0x0, 0x10, 0x0, 0x1a, 0xff, 0x0,
    0x1e, 0xf8, 0x50, 0x7, 0xf4, 0x0, 0x0, 0x8f,
    0x0, 0x0, 0x6, 0xf3, 0x0, 0x0, 0x1f, 0xa0,
    0x0, 0x0, 0xbd, 0x0, 0x0, 0xc, 0xc0, 0x0,
    0x3a, 0xf5, 0x0, 0x5f, 0xf5, 0x0, 0x1, 0x6d,
    0xe2, 0x0, 0x0, 0xe, 0xa0, 0x0, 0x0, 0xad,
    0x0, 0x0, 0xd, 0xd0, 0x0, 0x2, 0xf8, 0x0,
    0x0, 0x7f, 0x20, 0x0, 0x9, 0xf0, 0x0, 0x0,
    0x6f, 0x30, 0x0, 0x1, 0xee, 0x62, 0x0, 0x2,
    0xcf, 0xf0, 0x0, 0x0, 0x24,

    /* U+007C "|" */
    0xcc, 0xcc, 0xcc, 0xcc, 0xcc, 0xcc, 0xcc, 0xcc,
    0xcc, 0xcc, 0xcc, 0xcc, 0xcc, 0xcc, 0xcc, 0xcc,
    0xcc, 0xcc, 0xcc, 0xcc,

    /* U+007D "}" */
    0x10, 0x0, 0x0, 0xf, 0xfa, 0x10, 0x0, 0x58,
    0xfe, 0x10, 0x0, 0x4, 0xf7, 0x0, 0x0, 0xf,
    0x80, 0x0, 0x3, 0xf6, 0x0, 0x0, 0xaf, 0x0,
    0x0, 0xd, 0xb0, 0x0, 0x0, 0xcc, 0x0, 0x0,
    0x5, 0xfa, 0x30, 0x0, 0x5, 0xff, 0x50, 0x2,
    0xed, 0x61, 0x0, 0xae, 0x0, 0x0, 0xd, 0xa0,
    0x0, 0x0, 0xdd, 0x0, 0x0, 0x8, 0xf2, 0x0,
    0x0, 0x2f, 0x70, 0x0, 0x0, 0xf8, 0x0, 0x0,
    0x3f, 0x60, 0x2, 0x6e, 0xe1, 0x0, 0xff, 0xc2,
    0x0, 0x4, 0x20, 0x0, 0x0,

    /* U+007E "~" */
    0x0, 0x17, 0x20, 0x0, 0x40, 0x1, 0xef, 0xe1,
    0x5, 0xf3, 0x9, 0xe1, 0xea, 0xc, 0xd0, 0x1f,
    0x80, 0x5f, 0x9f, 0x40, 0x2c, 0x20, 0x9, 0xf8,
    0x0,

    /* U+00B0 "°" */
    0x0, 0x0, 0x0, 0x8, 0xff, 0x80, 0x2f, 0x66,
    0xf2, 0x3f, 0x44, 0xf3, 0xb, 0xff, 0xb0, 0x0,
    0x33, 0x0,

    /* U+00D7 "×" */
    0x8, 0x0, 0x0, 0x0, 0x80, 0x4f, 0xa0, 0x0,
    0xb, 0xf4, 0x5, 0xfa, 0x0, 0xaf, 0x50, 0x0,
    0x5f, 0xaa, 0xf5, 0x0, 0x0, 0x6, 0xff, 0x60,
    0x0, 0x0, 0x8, 0xff, 0x80, 0x0, 0x0, 0x8f,
    0x77, 0xf8, 0x0, 0x7, 0xf8, 0x0, 0x8f, 0x70,
    0x4f, 0x80, 0x0, 0x8, 0xf4, 0x5, 0x0, 0x0,
    0x0, 0x50,

    /* U+00F7 "÷" */
    0x0, 0xa, 0xa0, 0x0, 0x0, 0x4f, 0xf4, 0x0,
    0x0, 0x1e, 0xd1, 0x0, 0x0, 0x0, 0x0, 0x0,
    0x11, 0x11, 0x11, 0x11, 0xbf, 0xff, 0xff, 0xfb,
    0x34, 0x44, 0x44, 0x43, 0x0, 0x0, 0x0, 0x0,
    0x0, 0xa, 0xa0, 0x0, 0x0, 0x4f, 0xf4, 0x0,
    0x0, 0x1e, 0xd1, 0x0,

    /* U+0410 "А" */
    0x0, 0x0, 0xff, 0x0, 0x0, 0x0, 0x3, 0xff,
    0x30, 0x0, 0x0, 0x7, 0xff, 0x70, 0x0, 0x0,
    0xa, 0xcc, 0xa0, 0x0, 0x0, 0xe, 0x99, 0xd0,
    0x0, 0x0, 0x1f, 0x66, 0xf1, 0x0, 0x0, 0x4f,
    0x33, 0xf4, 0x0, 0x0, 0x8f, 0x0, 0xf8, 0x0,
    0x0, 0xbd, 0x0, 0xdb, 0x0, 0x0, 0xfa, 0x22,
    0xaf, 0x0, 0x2, 0xff, 0xff, 0xff, 0x20, 0x6,
    0xf7, 0x55, 0x7f, 0x50, 0x9, 0xf0, 0x0, 0xf,
    0x90, 0xc, 0xc0, 0x0, 0xc, 0xc0, 0xf, 0x90,
    0x0, 0x9, 0xf0,

    /* U+0411 "Б" */
    0xbf, 0xff, 0xff, 0xf0, 0xbe, 0x77, 0x77, 0x70,
    0xbd, 0x0, 0x0, 0x0, 0xbd, 0x0, 0x0, 0x0,
    0xbd, 0x0, 0x0, 0x0, 0xbd, 0x22, 0x10, 0x0,
    0xbf, 0xff, 0xfd, 0x40, 0xbe, 0x55, 0x6d, 0xf2,
    0xbd, 0x0, 0x1, 0xf9, 0xbd, 0x0, 0x0, 0xcc,
    0xbd, 0x0, 0x0, 0xbd, 0xbd, 0x0, 0x0, 0xcc,
    0xbd, 0x0, 0x2, 0xf8, 0xbe, 0x77, 0x8e, 0xe1,
    0xbf, 0xff, 0xfb, 0x20,

    /* U+0412 "В" */
    0xbf, 0xff, 0xea, 0x10, 0xb, 0xe7, 0x7a, 0xfd,
    0x0, 0xbd, 0x0, 0x5, 0xf5, 0xb, 0xd0, 0x0,
    0x1f, 0x70, 0xbd, 0x0, 0x3, 0xf6, 0xb, 0xd2,
    0x24, 0xdd, 0x0, 0xbf, 0xff, 0xff, 0x20, 0xb,
    0xe5, 0x57, 0xee, 0x10, 0xbd, 0x0, 0x1, 0xea,
    0xb, 0xd0, 0x0, 0xa, 0xe0, 0xbd, 0x0, 0x0,
    0x8f, 0xb, 0xd0, 0x0, 0xa, 0xe0, 0xbd, 0x0,
    0x2, 0xfa, 0xb, 0xe7, 0x79, 0xfe, 0x20, 0xbf,
    0xff, 0xea, 0x20, 0x0,

    /* U+0413 "Г" */
    0x1f, 0xff, 0xff, 0xfe, 0x1f, 0xb7, 0x77, 0x76,
    0x1f, 0x70, 0x0, 0x0, 0x1f, 0x70, 0x0, 0x0,
    0x1f, 0x70, 0x0, 0x0, 0x1f, 0x70, 0x0, 0x0,
    0x1f, 0x70, 0x0, 0x0, 0x1f, 0x70, 0x0, 0x0,
    0x1f, 0x70, 0x0, 0x0, 0x1f, 0x70, 0x0, 0x0,
    0x1f, 0x70, 0x0, 0x0, 0x1f, 0x70, 0x0, 0x0,
    0x1f, 0x70, 0x0, 0x0, 0x1f, 0x70, 0x0, 0x0,
    0x1f, 0x70, 0x0, 0x0,

    /* U+0414 "Д" */
    0x0, 0xdf, 0xff, 0xff, 0x60, 0x0, 0xdd, 0x77,
    0x8f, 0x60, 0x0, 0xda, 0x0, 0x1f, 0x60, 0x0,
    0xda, 0x0, 0x1f, 0x60, 0x0, 0xda, 0x0, 0x1f,
    0x60, 0x0, 0xda, 0x0, 0x1f, 0x60, 0x0, 0xda,
    0x0, 0x1f, 0x60, 0x0, 0xda, 0x0, 0x1f, 0x60,
    0x0, 0xe9, 0x0, 0x1f, 0x60, 0x0, 0xf8, 0x0,
    0x1f, 0x60, 0x1, 0xf6, 0x0, 0x1f, 0x60, 0x3,
    0xf4, 0x0, 0x1f, 0x60, 0x7, 0xf0, 0x0, 0x1f,
    0x60, 0x2c, 0xe7, 0x77, 0x7f, 0xa2, 0x4f, 0xff,
    0xff, 0xff, 0xf4, 0x4f, 0x40, 0x0, 0x4, 0xf4,
    0x4f, 0x40, 0x0, 0x4, 0xf4, 0x4f, 0x40, 0x0,
    0x4, 0xf4, 0x14, 0x10, 0x0, 0x1, 0x41,

    /* U+0415 "Е" */
    0x9f, 0xff, 0xff, 0xfb, 0x9f, 0x77, 0x77, 0x75,
    0x9f, 0x0, 0x0, 0x0, 0x9f, 0x0, 0x0, 0x0,
    0x9f, 0x0, 0x0, 0x0, 0x9f, 0x22, 0x22, 0x10,
    0x9f, 0xff, 0xff, 0x90, 0x9f, 0x55, 0x55, 0x20,
    0x9f, 0x0, 0x0, 0x0, 0x9f, 0x0, 0x0, 0x0,
    0x9f, 0x0, 0x0, 0x0, 0x9f, 0x0, 0x0, 0x0,
    0x9f, 0x0, 0x0, 0x0, 0x9f, 0x77, 0x77, 0x75,
    0x9f, 0xff, 0xff, 0xfb,

    /* U+0416 "Ж" */
    0x5f, 0x10, 0xbb, 0x1, 0xf5, 0x1f, 0x50, 0xbb,
    0x5, 0xf1, 0xd, 0x90, 0xbb, 0x9, 0xd0, 0x9,
    0xd0, 0xbb, 0xd, 0x90, 0x5, 0xf1, 0xbb, 0x1f,
    0x50, 0x1, 0xf5, 0xbb, 0x5f, 0x10, 0x0, 0xd9,
    0xbb, 0xad, 0x0, 0x0, 0xaf, 0xff, 0xfa, 0x0,
    0x0, 0xcb, 0xcc, 0xbc, 0x0, 0x0, 0xf6, 0xbb,
    0x6f, 0x0, 0x4, 0xf2, 0xbb, 0x2f, 0x40, 0x8,
    0xe0, 0xbb, 0xe, 0x80, 0xd, 0xa0, 0xbb, 0xa,
    0xd0, 0x1f, 0x50, 0xbb, 0x5, 0xf1, 0x5f, 0x10,
    0xbb, 0x1, 0xf5,

    /* U+0417 "З" */
    0x3, 0xbf, 0xfc, 0x30, 0x1, 0xee, 0x88, 0xef,
    0x20, 0x7f, 0x30, 0x2, 0xf9, 0x4, 0x70, 0x0,
    0xe, 0xb0, 0x0, 0x0, 0x0, 0xf9, 0x0, 0x0,
    0x23, 0xaf, 0x30, 0x0, 0x2f, 0xff, 0x50, 0x0,
    0x0, 0x56, 0xce, 0x20, 0x0, 0x0, 0x0, 0xeb,
    0x0, 0x0, 0x0, 0x9, 0xf0, 0x0, 0x0, 0x0,
    0x8f, 0xd, 0xb0, 0x0, 0xa, 0xf0, 0xaf, 0x10,
    0x1, 0xfa, 0x2, 0xfe, 0x88, 0xef, 0x20, 0x3,
    0xbf, 0xfb, 0x30, 0x0,

    /* U+0418 "И" */
    0xbd, 0x0, 0x5, 0xfb, 0xbd, 0x0, 0xa, 0xfb,
    0xbd, 0x0, 0xf, 0xfb, 0xbd, 0x0, 0x5f, 0xbb,
    0xbd, 0x0, 0xab, 0xbb, 0xbd, 0x0, 0xf5, 0xcb,
    0xbd, 0x5, 0xf0, 0xcb, 0xbc, 0xb, 0xa0, 0xcb,
    0xbc, 0xf, 0x50, 0xdb, 0xbc, 0x5f, 0x0, 0xdb,
    0xbb, 0xba, 0x0, 0xdb, 0xbb, 0xf5, 0x0, 0xdb,
    0xbf, 0xf0, 0x0, 0xdb, 0xbf, 0xa0, 0x0, 0xdb,
    0xbf, 0x50, 0x0, 0xdb,

    /* U+0419 "Й" */
    0xf, 0x60, 0x6, 0xf0, 0xc, 0xd2, 0x2d, 0xc0,
    0x3, 0xef, 0xfe, 0x30, 0x0, 0x2, 0x20, 0x0,
    0x0, 0x0, 0x0, 0x0, 0xbd, 0x0, 0x5, 0xfb,
    0xbd, 0x0, 0xa, 0xfb, 0xbd, 0x0, 0xf, 0xfb,
    0xbd, 0x0, 0x5f, 0xbb, 0xbd, 0x0, 0xab, 0xbb,
    0xbd, 0x0, 0xf5, 0xcb, 0xbd, 0x5, 0xf0, 0xcb,
    0xbc, 0xb, 0xa0, 0xcb, 0xbc, 0xf, 0x50, 0xdb,
    0xbc, 0x5f, 0x0, 0xdb, 0xbb, 0xba, 0x0, 0xdb,
    0xbb, 0xf5, 0x0, 0xdb, 0xbf, 0xf0, 0x0, 0xdb,
    0xbf, 0xa0, 0x0, 0xdb, 0xbf, 0x50, 0x0, 0xdb,

    /* U+041A "К" */
    0x6f, 0x20, 0x1, 0xfa, 0x6f, 0x20, 0x7, 0xf3,
    0x6f, 0x20, 0xe, 0xb0, 0x6f, 0x20, 0x6f, 0x40,
    0x6f, 0x20, 0xdc, 0x0, 0x6f, 0x24, 0xf5, 0x0,
    0x6f, 0x4c, 0xd0, 0x0, 0x6f, 0xff, 0x70, 0x0,
    0x6f, 0x6d, 0xc0, 0x0, 0x6f, 0x25, 0xf4, 0x0,
    0x6f, 0x20, 0xec, 0x0, 0x6f, 0x20, 0x6f, 0x30,
    0x6f, 0x20, 0xe, 0xb0, 0x6f, 0x20, 0x7, 0xf3,
    0x6f, 0x20, 0x1, 0xfa,

    /* U+041B "Л" */
    0x2, 0xff, 0xff, 0xff, 0xb0, 0x2f, 0xa7, 0x77,
    0xeb, 0x2, 0xf6, 0x0, 0xd, 0xb0, 0x2f, 0x60,
    0x0, 0xdb, 0x2, 0xf6, 0x0, 0xd, 0xb0, 0x2f,
    0x60, 0x0, 0xdb, 0x2, 0xf6, 0x0, 0xd, 0xb0,
    0x2f, 0x60, 0x0, 0xdb, 0x2, 0xf6, 0x0, 0xd,
    0xb0, 0x2f, 0x60, 0x0, 0xdb, 0x3, 0xf5, 0x0,
    0xd, 0xb0, 0x4f, 0x40, 0x0, 0xdb, 0x8, 0xf1,
    0x0, 0xd, 0xb5, 0xfb, 0x0, 0x0, 0xdb, 0xac,
    0x10, 0x0, 0xd, 0xb0,

    /* U+041C "М" */
    0xff, 0x10, 0x1, 0xff, 0xff, 0x50, 0x5, 0xff,
    0xff, 0x90, 0x9, 0xff, 0xfc, 0xd0, 0xd, 0xcf,
    0xf8, 0xf1, 0x1f, 0x8f, 0xf6, 0xe5, 0x5e, 0x6f,
    0xf6, 0xa9, 0x9a, 0x7f, 0xf7, 0x6d, 0xd6, 0x7f,
    0xf7, 0x2f, 0xf2, 0x7f, 0xf7, 0xe, 0xe0, 0x7f,
    0xf7, 0x5, 0x50, 0x7f, 0xf8, 0x0, 0x0, 0x8f,
    0xf8, 0x0, 0x0, 0x8f, 0xf8, 0x0, 0x0, 0x8f,
    0xf8, 0x0, 0x0, 0x8f,

    /* U+041D "Н" */
    0xbd, 0x0, 0x0, 0xdb, 0xbd, 0x0, 0x0, 0xdb,
    0xbd, 0x0, 0x0, 0xdb, 0xbd, 0x0, 0x0, 0xdb,
    0xbd, 0x0, 0x0, 0xdb, 0xbd, 0x22, 0x22, 0xdb,
    0xbf, 0xff, 0xff, 0xfb, 0xbe, 0x55, 0x55, 0xeb,
    0xbd, 0x0, 0x0, 0xdb, 0xbd, 0x0, 0x0, 0xdb,
    0xbd, 0x0, 0x0, 0xdb, 0xbd, 0x0, 0x0, 0xdb,
    0xbd, 0x0, 0x0, 0xdb, 0xbd, 0x0, 0x0, 0xdb,
    0xbd, 0x0, 0x0, 0xdb,

    /* U+041E "О" */
    0x3, 0xcf, 0xfc, 0x30, 0x2f, 0xe8, 0x8e, 0xf2,
    0xaf, 0x10, 0x1, 0xfa, 0xdb, 0x0, 0x0, 0xbd,
    0xeb, 0x0, 0x0, 0xbd, 0xeb, 0x0, 0x0, 0xbe,
    0xeb, 0x0, 0x0, 0xbe, 0xeb, 0x0, 0x0, 0xbe,
    0xeb, 0x0, 0x0, 0xbe, 0xeb, 0x0, 0x0, 0xbe,
    0xdb, 0x0, 0x0, 0xbd, 0xdb, 0x0, 0x0, 0xbd,
    0xaf, 0x10, 0x1, 0xfa, 0x3f, 0xe8, 0x8e, 0xf3,
    0x3, 0xcf, 0xfb, 0x30,

    /* U+041F "П" */
    0xbf, 0xff, 0xff, 0xfb, 0xbe, 0x77, 0x77, 0xeb,
    0xbd, 0x0, 0x0, 0xdb, 0xbd, 0x0, 0x0, 0xdb,
    0xbd, 0x0, 0x0, 0xdb, 0xbd, 0x0, 0x0, 0xdb,
    0xbd, 0x0, 0x0, 0xdb, 0xbd, 0x0, 0x0, 0xdb,
    0xbd, 0x0, 0x0, 0xdb, 0xbd, 0x0, 0x0, 0xdb,
    0xbd, 0x0, 0x0, 0xdb, 0xbd, 0x0, 0x0, 0xdb,
    0xbd, 0x0, 0x0, 0xdb, 0xbd, 0x0, 0x0, 0xdb,
    0xbd, 0x0, 0x0, 0xdb,

    /* U+0420 "Р" */
    0x6f, 0xff, 0xfc, 0x40, 0x6, 0xf8, 0x78, 0xdf,
    0x40, 0x6f, 0x20, 0x1, 0xec, 0x6, 0xf2, 0x0,
    0x9, 0xf0, 0x6f, 0x20, 0x0, 0x8f, 0x6, 0xf2,
    0x0, 0xc, 0xd0, 0x6f, 0x42, 0x39, 0xf7, 0x6,
    0xff, 0xff, 0xf9, 0x0, 0x6f, 0x65, 0x41, 0x0,
    0x6, 0xf2, 0x0, 0x0, 0x0, 0x6f, 0x20, 0x0,
    0x0, 0x6, 0xf2, 0x0, 0x0, 0x0, 0x6f, 0x20,
    0x0, 0x0, 0x6, 0xf2, 0x0, 0x0, 0x0, 0x6f,
    0x20, 0x0, 0x0, 0x0,

    /* U+0421 "С" */
    0x3, 0xcf, 0xfb, 0x20, 0x3f, 0xe8, 0x8e, 0xf2,
    0xaf, 0x20, 0x2, 0xf9, 0xdc, 0x0, 0x0, 0xa9,
    0xeb, 0x0, 0x0, 0x0, 0xeb, 0x0, 0x0, 0x0,
    0xeb, 0x0, 0x0, 0x0, 0xeb, 0x0, 0x0, 0x0,
    0xeb, 0x0, 0x0, 0x0, 0xeb, 0x0, 0x0, 0x0,
    0xdb, 0x0, 0x0, 0x0, 0xdc, 0x0, 0x0, 0xa8,
    0xaf, 0x20, 0x2, 0xf9, 0x3f, 0xe8, 0x8e, 0xf2,
    0x3, 0xcf, 0xfb, 0x30,

    /* U+0422 "Т" */
    0xdf, 0xff, 0xff, 0xfd, 0x67, 0x7e, 0xe7, 0x76,
    0x0, 0xc, 0xc0, 0x0, 0x0, 0xc, 0xc0, 0x0,
    0x0, 0xc, 0xc0, 0x0, 0x0, 0xc, 0xc0, 0x0,
    0x0, 0xc, 0xc0, 0x0, 0x0, 0xc, 0xc0, 0x0,
    0x0, 0xc, 0xc0, 0x0, 0x0, 0xc, 0xc0, 0x0,
    0x0, 0xc, 0xc0, 0x0, 0x0, 0xc, 0xc0, 0x0,
    0x0, 0xc, 0xc0, 0x0, 0x0, 0xc, 0xc0, 0x0,
    0x0, 0xc, 0xc0, 0x0,

    /* U+0423 "У" */
    0xdc, 0x0, 0x0, 0xcd, 0x8f, 0x0, 0x0, 0xf8,
    0x4f, 0x50, 0x4, 0xf4, 0xf, 0x90, 0x9, 0xf0,
    0xa, 0xd0, 0xd, 0xa0, 0x6, 0xf2, 0x1f, 0x60,
    0x1, 0xf6, 0x6f, 0x10, 0x0, 0xca, 0xac, 0x0,
    0x0, 0x8e, 0xe8, 0x0, 0x0, 0x3f, 0xf3, 0x0,
    0x0, 0xe, 0xe0, 0x0, 0x0, 0xf, 0xa0, 0x0,
    0x0, 0x4f, 0x50, 0x0, 0x0, 0x8f, 0x10, 0x0,
    0x0, 0xdc, 0x0, 0x0,

    /* U+0424 "Ф" */
    0x0, 0x0, 0xcc, 0x0, 0x0, 0x0, 0x0, 0xcc,
    0x0, 0x0, 0x0, 0xaf, 0xff, 0xfa, 0x0, 0x9,
    0xf6, 0xcc, 0x6f, 0x90, 0xf, 0x80, 0xbb, 0x8,
    0xf0, 0x1f, 0x50, 0xbb, 0x5, 0xf1, 0x2f, 0x40,
    0xbb, 0x4, 0xf2, 0x2f, 0x40, 0xbb, 0x4, 0xf2,
    0x2f, 0x40, 0xbb, 0x4, 0xf2, 0x2f, 0x40, 0xbb,
    0x5, 0xf2, 0xf, 0x70, 0xbb, 0x7, 0xf0, 0xb,
    0xe3, 0xbb, 0x3e, 0xb0, 0x1, 0xdf, 0xff, 0xfd,
    0x10, 0x0, 0x3, 0xdd, 0x30, 0x0, 0x0, 0x0,
    0xcc, 0x0, 0x0,

    /* U+0425 "Х" */
    0xd, 0xd0, 0x0, 0xd, 0xd0, 0x6, 0xf4, 0x0,
    0x4f, 0x60, 0x0, 0xeb, 0x0, 0xbe, 0x0, 0x0,
    0x8f, 0x12, 0xf8, 0x0, 0x0, 0x1f, 0x88, 0xf1,
    0x0, 0x0, 0xa, 0xee, 0xa0, 0x0, 0x0, 0x3,
    0xff, 0x30, 0x0, 0x0, 0x0, 0xee, 0x0, 0x0,
    0x0, 0x3, 0xff, 0x30, 0x0, 0x0, 0xa, 0xee,
    0xa0, 0x0, 0x0, 0x1f, 0x88, 0xf1, 0x0, 0x0,
    0x8f, 0x12, 0xf8, 0x0, 0x0, 0xeb, 0x0, 0xbe,
    0x0, 0x6, 0xf4, 0x0, 0x4f, 0x60, 0xd, 0xd0,
    0x0, 0xd, 0xd0,

    /* U+0426 "Ц" */
    0xbd, 0x0, 0x0, 0xdb, 0xb, 0xd0, 0x0, 0xd,
    0xb0, 0xbd, 0x0, 0x0, 0xdb, 0xb, 0xd0, 0x0,
    0xd, 0xb0, 0xbd, 0x0, 0x0, 0xdb, 0xb, 0xd0,
    0x0, 0xd, 0xb0, 0xbd, 0x0, 0x0, 0xdb, 0xb,
    0xd0, 0x0, 0xd, 0xb0, 0xbd, 0x0, 0x0, 0xdb,
    0xb, 0xd0, 0x0, 0xd, 0xb0, 0xbd, 0x0, 0x0,
    0xdb, 0xb, 0xd0, 0x0, 0xd, 0xb0, 0xbd, 0x0,
    0x0, 0xdb, 0xb, 0xe7, 0x77, 0x7e, 0xd4, 0xbf,
    0xff, 0xff, 0xff, 0xa0, 0x0, 0x0, 0x0, 0xba,
    0x0, 0x0, 0x0, 0xb, 0xa0, 0x0, 0x0, 0x0,
    0xba, 0x0, 0x0, 0x0, 0x3, 0x20,

    /* U+0427 "Ч" */
    0xbd, 0x0, 0x0, 0xdb, 0xbd, 0x0, 0x0, 0xdb,
    0xbd, 0x0, 0x0, 0xdb, 0xbd, 0x0, 0x0, 0xdb,
    0xbd, 0x0, 0x0, 0xdb, 0xbd, 0x0, 0x0, 0xdb,
    0xbd, 0x0, 0x0, 0xdb, 0x9f, 0x10, 0x0, 0xdb,
    0x4f, 0xc4, 0x26, 0xfb, 0x7, 0xff, 0xff, 0xfb,
    0x0, 0x4, 0x42, 0xdb, 0x0, 0x0, 0x0, 0xdb,
    0x0, 0x0, 0x0, 0xdb, 0x0, 0x0, 0x0, 0xdb,
    0x0, 0x0, 0x0, 0xdb,

    /* U+0428 "Ш" */
    0xf7, 0xb, 0xb0, 0x7f, 0xf7, 0xb, 0xb0, 0x7f,
    0xf7, 0xb, 0xb0, 0x7f, 0xf7, 0xb, 0xb0, 0x7f,
    0xf7, 0xb, 0xb0, 0x7f, 0xf7, 0xb, 0xb0, 0x7f,
    0xf7, 0xb, 0xb0, 0x7f, 0xf7, 0xb, 0xb0, 0x7f,
    0xf7, 0xb, 0xb0, 0x7f, 0xf7, 0xb, 0xb0, 0x7f,
    0xf7, 0xb, 0xb0, 0x7f, 0xf7, 0xb, 0xb0, 0x7f,
    0xf7, 0xb, 0xb0, 0x7f, 0xfb, 0x7d, 0xd7, 0xbf,
    0xff, 0xff, 0xff, 0xff,

    /* U+0429 "Щ" */
    0xf7, 0xb, 0xb0, 0x7f, 0xf, 0x70, 0xbb, 0x7,
    0xf0, 0xf7, 0xb, 0xb0, 0x7f, 0xf, 0x70, 0xbb,
    0x7, 0xf0, 0xf7, 0xb, 0xb0, 0x7f, 0xf, 0x70,
    0xbb, 0x7, 0xf0, 0xf7, 0xb, 0xb0, 0x7f, 0xf,
    0x70, 0xbb, 0x7, 0xf0, 0xf7, 0xb, 0xb0, 0x7f,
    0xf, 0x70, 0xbb, 0x7, 0xf0, 0xf7, 0xb, 0xb0,
    0x7f, 0xf, 0x70, 0xbb, 0x7, 0xf0, 0xf7, 0xb,
    0xb0, 0x7f, 0xf, 0xb7, 0xdd, 0x7b, 0xf6, 0xff,
    0xff, 0xff, 0xff, 0xf0, 0x0, 0x0, 0x0, 0x6f,
    0x0, 0x0, 0x0, 0x6, 0xf0, 0x0, 0x0, 0x0,
    0x6f, 0x0, 0x0, 0x0, 0x1, 0x40,

    /* U+042A "Ъ" */
    0x8f, 0xff, 0x0, 0x0, 0x3, 0x7c, 0xf0, 0x0,
    0x0, 0x0, 0xaf, 0x0, 0x0, 0x0, 0xa, 0xf0,
    0x0, 0x0, 0x0, 0xaf, 0x0, 0x0, 0x0, 0xa,
    0xf2, 0x10, 0x0, 0x0, 0xaf, 0xff, 0xe5, 0x0,
    0xa, 0xf5, 0x5c, 0xf3, 0x0, 0xaf, 0x0, 0x1f,
    0x90, 0xa, 0xf0, 0x0, 0xcc, 0x0, 0xaf, 0x0,
    0xb, 0xd0, 0xa, 0xf0, 0x0, 0xcc, 0x0, 0xaf,
    0x0, 0x2f, 0x90, 0xa, 0xf7, 0x7d, 0xf2, 0x0,
    0xaf, 0xff, 0xc3, 0x0,

    /* U+042B "Ы" */
    0xf7, 0x0, 0x0, 0x7f, 0xf7, 0x0, 0x0, 0x7f,
    0xf7, 0x0, 0x0, 0x7f, 0xf7, 0x0, 0x0, 0x7f,
    0xf7, 0x0, 0x0, 0x7f, 0xf7, 0x0, 0x0, 0x7f,
    0xff, 0xfb, 0x10, 0x7f, 0xf9, 0x6e, 0xa0, 0x7f,
    0xf7, 0x6, 0xf1, 0x7f, 0xf7, 0x2, 0xf4, 0x7f,
    0xf7, 0x1, 0xf5, 0x7f, 0xf7, 0x2, 0xf4, 0x7f,
    0xf7, 0x7, 0xf1, 0x7f, 0xfa, 0x7f, 0xa0, 0x7f,
    0xff, 0xfa, 0x0, 0x7f,

    /* U+042C "Ь" */
    0xbd, 0x0, 0x0, 0x0, 0xbd, 0x0, 0x0, 0x0,
    0xbd, 0x0, 0x0, 0x0, 0xbd, 0x0, 0x0, 0x0,
    0xbd, 0x0, 0x0, 0x0, 0xbd, 0x22, 0x10, 0x0,
    0xbf, 0xff, 0xfd, 0x40, 0xbe, 0x55, 0x6d, 0xf2,
    0xbd, 0x0, 0x1, 0xf9, 0xbd, 0x0, 0x0, 0xcc,
    0xbd, 0x0, 0x0, 0xbd, 0xbd, 0x0, 0x0, 0xcc,
    0xbd, 0x0, 0x2, 0xf8, 0xbe, 0x77, 0x8e, 0xe1,
    0xbf, 0xff, 0xfb, 0x20,

    /* U+042D "Э" */
    0x3, 0xbf, 0xfc, 0x30, 0x2f, 0xe8, 0x8e, 0xf3,
    0x9f, 0x20, 0x2, 0xfa, 0x9a, 0x0, 0x0, 0xcd,
    0x0, 0x0, 0x0, 0xbd, 0x0, 0x0, 0x0, 0xbe,
    0x0, 0x2, 0x22, 0xbe, 0x0, 0x2f, 0xff, 0xfe,
    0x0, 0x5, 0x55, 0xce, 0x0, 0x0, 0x0, 0xbe,
    0x0, 0x0, 0x0, 0xbd, 0x89, 0x0, 0x0, 0xbd,
    0x9f, 0x20, 0x1, 0xfa, 0x2f, 0xe8, 0x8e, 0xf3,
    0x3, 0xbf, 0xfc, 0x30,

    /* U+042E "Ю" */
    0xf7, 0x4, 0xdf, 0xb1, 0xf7, 0xf, 0xa4, 0xdb,
    0xf7, 0x3f, 0x30, 0x7f, 0xf7, 0x4f, 0x30, 0x7f,
    0xf7, 0x4f, 0x30, 0x7f, 0xf7, 0x4f, 0x30, 0x7f,
    0xf7, 0x5f, 0x30, 0x7f, 0xff, 0xff, 0x30, 0x7f,
    0xf9, 0x7f, 0x30, 0x7f, 0xf7, 0x4f, 0x30, 0x7f,
    0xf7, 0x4f, 0x30, 0x7f, 0xf7, 0x4f, 0x30, 0x7f,
    0xf7, 0x3f, 0x30, 0x8f, 0xf7, 0xf, 0xc6, 0xeb,
    0xf7, 0x4, 0xdf, 0xb1,

    /* U+042F "Я" */
    0x0, 0x3b, 0xff, 0xff, 0xb0, 0x2f, 0xe8, 0x77,
    0xeb, 0xa, 0xf1, 0x0, 0xd, 0xb0, 0xdb, 0x0,
    0x0, 0xdb, 0xd, 0xb0, 0x0, 0xd, 0xb0, 0xbe,
    0x0, 0x0, 0xdb, 0x5, 0xfa, 0x32, 0x2d, 0xb0,
    0x7, 0xff, 0xff, 0xfb, 0x0, 0x6, 0xf8, 0x5e,
    0xb0, 0x0, 0xce, 0x0, 0xdb, 0x0, 0x3f, 0x70,
    0xd, 0xb0, 0xa, 0xf1, 0x0, 0xdb, 0x1, 0xf9,
    0x0, 0xd, 0xb0, 0x8f, 0x20, 0x0, 0xdb, 0xe,
    0xb0, 0x0, 0xd, 0xb0,

    /* U+0430 "а" */
    0x4, 0xcf, 0xfb, 0x30, 0x3f, 0xe8, 0x8e, 0xf2,
    0xaf, 0x10, 0x3, 0xf8, 0x34, 0x0, 0x0, 0xeb,
    0x0, 0x0, 0x12, 0xdb, 0x6, 0xdf, 0xff, 0xfb,
    0x7f, 0xb6, 0x55, 0xeb, 0xcc, 0x0, 0x0, 0xeb,
    0xcd, 0x0, 0x2, 0xfb, 0x7f, 0xc8, 0x9d, 0xeb,
    0x8, 0xef, 0xc2, 0xdb,

    /* U+0431 "б" */
    0x0, 0x0, 0x1, 0x55, 0x0, 0x5b, 0xef, 0xf8,
    0xa, 0xfc, 0x85, 0x20, 0x5f, 0x70, 0x0, 0x0,
    0xad, 0x0, 0x0, 0x0, 0xd9, 0x3c, 0xfd, 0x50,
    0xea, 0xd8, 0x8e, 0xf3, 0xef, 0x20, 0x2, 0xfa,
    0xeb, 0x0, 0x0, 0xcd, 0xeb, 0x0, 0x0, 0xbd,
    0xeb, 0x0, 0x0, 0xbe, 0xdb, 0x0, 0x0, 0xbd,
    0xdc, 0x0, 0x0, 0xcc, 0x9f, 0x20, 0x2, 0xf9,
    0x2f, 0xe8, 0x8e, 0xf2, 0x3, 0xbf, 0xfb, 0x30,

    /* U+0432 "в" */
    0xbf, 0xff, 0xfc, 0x40, 0xb, 0xe7, 0x78, 0xef,
    0x20, 0xbd, 0x0, 0x3, 0xf6, 0xb, 0xd0, 0x0,
    0x1f, 0x70, 0xbd, 0x22, 0x2a, 0xf2, 0xb, 0xff,
    0xff, 0xf9, 0x0, 0xbe, 0x55, 0x59, 0xf8, 0xb,
    0xd0, 0x0, 0xa, 0xf0, 0xbd, 0x0, 0x0, 0xaf,
    0xb, 0xe7, 0x77, 0xbf, 0x90, 0xbf, 0xff, 0xfd,
    0x70, 0x0,

    /* U+0433 "г" */
    0x1f, 0xff, 0xff, 0xfe, 0x1f, 0xb7, 0x77, 0x76,
    0x1f, 0x70, 0x0, 0x0, 0x1f, 0x70, 0x0, 0x0,
    0x1f, 0x70, 0x0, 0x0, 0x1f, 0x70, 0x0, 0x0,
    0x1f, 0x70, 0x0, 0x0, 0x1f, 0x70, 0x0, 0x0,
    0x1f, 0x70, 0x0, 0x0, 0x1f, 0x70, 0x0, 0x0,
    0x1f, 0x70, 0x0, 0x0,

    /* U+0434 "д" */
    0x0, 0xdf, 0xff, 0xff, 0x60, 0x0, 0xdc, 0x77,
    0x7f, 0x60, 0x0, 0xda, 0x0, 0x1f, 0x60, 0x0,
    0xda, 0x0, 0x1f, 0x60, 0x0, 0xda, 0x0, 0x1f,
    0x60, 0x0, 0xda, 0x0, 0x1f, 0x60, 0x0, 0xe8,
    0x0, 0x1f, 0x60, 0x1, 0xf6, 0x0, 0x1f, 0x60,
    0x5, 0xf3, 0x0, 0x1f, 0x60, 0x2c, 0xf7, 0x77,
    0x7f, 0xa2, 0x4f, 0xff, 0xff, 0xff, 0xf4, 0x4f,
    0x40, 0x0, 0x4, 0xf4, 0x4f, 0x40, 0x0, 0x4,
    0xf4, 0x4f, 0x40, 0x0, 0x4, 0xf4, 0x14, 0x10,
    0x0, 0x1, 0x41,

    /* U+0435 "е" */
    0x3, 0xbf, 0xfb, 0x20, 0x2f, 0xe8, 0x8e, 0xf2,
    0x9f, 0x20, 0x2, 0xf9, 0xdc, 0x0, 0x0, 0xcd,
    0xdb, 0x22, 0x22, 0xbd, 0xef, 0xff, 0xff, 0xfe,
    0xdc, 0x55, 0x55, 0x54, 0xdb, 0x0, 0x0, 0x11,
    0x9f, 0x20, 0x0, 0xeb, 0x2f, 0xe8, 0x8d, 0xf4,
    0x3, 0xbf, 0xfc, 0x40,

    /* U+0436 "ж" */
    0x4f, 0x20, 0xbb, 0x2, 0xf4, 0xf, 0x70, 0xbb,
    0x7, 0xf0, 0xa, 0xd0, 0xbb, 0xd, 0xa0, 0x5,
    0xf2, 0xbb, 0x2f, 0x50, 0x0, 0xf7, 0xbb, 0x7f,
    0x0, 0x0, 0xbf, 0xff, 0xfb, 0x0, 0x0, 0xe9,
    0xcc, 0x9e, 0x0, 0x4, 0xf2, 0xbb, 0x2f, 0x40,
    0x9, 0xd0, 0xbb, 0xd, 0x90, 0xe, 0x80, 0xbb,
    0x8, 0xe0, 0x4f, 0x20, 0xbb, 0x2, 0xf4,

    /* U+0437 "з" */
    0x4, 0xcf, 0xfc, 0x40, 0x2, 0xfe, 0x88, 0xdf,
    0x30, 0x8f, 0x20, 0x1, 0xf9, 0x0, 0x0, 0x0,
    0xe, 0xa0, 0x0, 0x2, 0x39, 0xf6, 0x0, 0x2,
    0xff, 0xfa, 0x0, 0x0, 0x5, 0x59, 0xf8, 0x0,
    0x0, 0x0, 0xa, 0xf0, 0xa9, 0x0, 0x0, 0xbf,
    0x8, 0xfb, 0x78, 0xcf, 0x80, 0x6, 0xdf, 0xfd,
    0x70, 0x0,

    /* U+0438 "и" */
    0xbd, 0x0, 0x6, 0xfb, 0xbd, 0x0, 0xe, 0xfb,
    0xbd, 0x0, 0x5f, 0xcb, 0xbd, 0x0, 0xca, 0xbb,
    0xbd, 0x4, 0xf2, 0xcb, 0xbc, 0xb, 0xb0, 0xdb,
    0xbc, 0x2f, 0x40, 0xdb, 0xbb, 0xac, 0x0, 0xdb,
    0xbc, 0xf5, 0x0, 0xdb, 0xbf, 0xd0, 0x0, 0xdb,
    0xbf, 0x60, 0x0, 0xdb,

    /* U+0439 "й" */
    0xf, 0x91, 0x19, 0xf0, 0x6, 0xff, 0xff, 0x60,
    0x0, 0x3, 0x30, 0x0, 0x0, 0x0, 0x0, 0x0,
    0xbd, 0x0, 0x6, 0xfb, 0xbd, 0x0, 0xe, 0xfb,
    0xbd, 0x0, 0x5f, 0xcb, 0xbd, 0x0, 0xca, 0xbb,
    0xbd, 0x4, 0xf2, 0xcb, 0xbc, 0xb, 0xb0, 0xdb,
    0xbc, 0x2f, 0x40, 0xdb, 0xbb, 0xac, 0x0, 0xdb,
    0xbc, 0xf5, 0x0, 0xdb, 0xbf, 0xd0, 0x0, 0xdb,
    0xbf, 0x60, 0x0, 0xdb,

    /* U+043A "к" */
    0x6f, 0x20, 0x3, 0xf8, 0x6f, 0x20, 0xc, 0xe0,
    0x6f, 0x20, 0x5f, 0x60, 0x6f, 0x20, 0xec, 0x0,
    0x6f, 0x38, 0xf3, 0x0, 0x6f, 0xff, 0xb0, 0x0,
    0x6f, 0x6a, 0xf2, 0x0, 0x6f, 0x21, 0xeb, 0x0,
    0x6f, 0x20, 0x6f, 0x50, 0x6f, 0x20, 0xc, 0xe0,
    0x6f, 0x20, 0x3, 0xf8,

    /* U+043B "л" */
    0x2, 0xff, 0xff, 0xff, 0xb0, 0x2f, 0xa7, 0x77,
    0xeb, 0x2, 0xf6, 0x0, 0xd, 0xb0, 0x2f, 0x60,
    0x0, 0xdb, 0x2, 0xf6, 0x0, 0xd, 0xb0, 0x2f,
    0x60, 0x0, 0xdb, 0x2, 0xf6, 0x0, 0xd, 0xb0,
    0x4f, 0x40, 0x0, 0xdb, 0x7, 0xf2, 0x0, 0xd,
    0xb5, 0xfd, 0x0, 0x0, 0xdb, 0xac, 0x20, 0x0,
    0xd, 0xb0,

    /* U+043C "м" */
    0xff, 0x50, 0x6, 0xff, 0xff, 0x90, 0x9, 0xff,
    0xfd, 0xc0, 0xc, 0xdf, 0xf9, 0xf0, 0xf, 0xaf,
    0xf7, 0xf3, 0x3f, 0x7f, 0xf6, 0xc7, 0x7c, 0x7f,
    0xf7, 0x9a, 0xa9, 0x7f, 0xf7, 0x6e, 0xe6, 0x7f,
    0xf7, 0x2f, 0xf2, 0x7f, 0xf8, 0xf, 0xf0, 0x8f,
    0xf8, 0xb, 0xb0, 0x8f,

    /* U+043D "н" */
    0xbd, 0x0, 0x0, 0xdb, 0xbd, 0x0, 0x0, 0xdb,
    0xbd, 0x0, 0x0, 0xdb, 0xbd, 0x0, 0x0, 0xdb,
    0xbd, 0x22, 0x22, 0xdb, 0xbf, 0xff, 0xff, 0xfb,
    0xbe, 0x55, 0x55, 0xeb, 0xbd, 0x0, 0x0, 0xdb,
    0xbd, 0x0, 0x0, 0xdb, 0xbd, 0x0, 0x0, 0xdb,
    0xbd, 0x0, 0x0, 0xdb,

    /* U+043E "о" */
    0x3, 0xbf, 0xfb, 0x30, 0x2f, 0xe8, 0x8e, 0xf2,
    0x9f, 0x20, 0x2, 0xf9, 0xdc, 0x0, 0x0, 0xcd,
    0xdb, 0x0, 0x0, 0xbd, 0xeb, 0x0, 0x0, 0xbe,
    0xdb, 0x0, 0x0, 0xbd, 0xdc, 0x0, 0x0, 0xcd,
    0x9f, 0x20, 0x2, 0xf9, 0x2f, 0xe8, 0x8e, 0xf2,
    0x3, 0xbf, 0xfb, 0x30,

    /* U+043F "п" */
    0xbf, 0xff, 0xff, 0xfb, 0xbe, 0x77, 0x77, 0xeb,
    0xbd, 0x0, 0x0, 0xdb, 0xbd, 0x0, 0x0, 0xdb,
    0xbd, 0x0, 0x0, 0xdb, 0xbd, 0x0, 0x0, 0xdb,
    0xbd, 0x0, 0x0, 0xdb, 0xbd, 0x0, 0x0, 0xdb,
    0xbd, 0x0, 0x0, 0xdb, 0xbd, 0x0, 0x0, 0xdb,
    0xbd, 0x0, 0x0, 0xdb,

    /* U+0440 "р" */
    0xbd, 0x2b, 0xfd, 0x50, 0xbd, 0xc6, 0x5c, 0xf3,
    0xbf, 0x30, 0x1, 0xfa, 0xbe, 0x0, 0x0, 0xbd,
    0xbd, 0x0, 0x0, 0xbd, 0xbd, 0x0, 0x0, 0xbe,
    0xbd, 0x0, 0x0, 0xbd, 0xbe, 0x0, 0x0, 0xcd,
    0xbf, 0x40, 0x2, 0xfa, 0xbd, 0xc9, 0x8e, 0xf3,
    0xbd, 0x2b, 0xfd, 0x50, 0xbd, 0x0, 0x0, 0x0,
    0xbd, 0x0, 0x0, 0x0, 0xbd, 0x0, 0x0, 0x0,
    0xbd, 0x0, 0x0, 0x0,

    /* U+0441 "с" */
    0x3, 0xbf, 0xfb, 0x20, 0x2f, 0xe8, 0x8e, 0xe1,
    0x9f, 0x20, 0x2, 0xf8, 0xdc, 0x0, 0x0, 0xb9,
    0xdb, 0x0, 0x0, 0x0, 0xeb, 0x0, 0x0, 0x0,
    0xdb, 0x0, 0x0, 0x0, 0xdc, 0x0, 0x0, 0xb9,
    0x9f, 0x20, 0x3, 0xf8, 0x2f, 0xe8, 0x9f, 0xf2,
    0x3, 0xbf, 0xfb, 0x30,

    /* U+0442 "т" */
    0xdf, 0xff, 0xff, 0xfd, 0x67, 0x7e, 0xe7, 0x76,
    0x0, 0xc, 0xc0, 0x0, 0x0, 0xc, 0xc0, 0x0,
    0x0, 0xc, 0xc0, 0x0, 0x0, 0xc, 0xc0, 0x0,
    0x0, 0xc, 0xc0, 0x0, 0x0, 0xc, 0xc0, 0x0,
    0x0, 0xc, 0xc0, 0x0, 0x0, 0xc, 0xc0, 0x0,
    0x0, 0xc, 0xc0, 0x0,

    /* U+0443 "у" */
    0xdc, 0x0, 0x0, 0xcd, 0x8f, 0x0, 0x0, 0xf8,
    0x4f, 0x50, 0x4, 0xf4, 0xf, 0x90, 0x9, 0xf0,
    0xa, 0xd0, 0xd, 0xa0, 0x6, 0xf2, 0x1f, 0x60,
    0x1, 0xf6, 0x6f, 0x10, 0x0, 0xca, 0xac, 0x0,
    0x0, 0x8e, 0xe8, 0x0, 0x0, 0x3f, 0xf3, 0x0,
    0x0, 0xe, 0xe0, 0x0, 0x0, 0xf, 0xa0, 0x0,
    0x0, 0x4f, 0x50, 0x0, 0x0, 0x8f, 0x10, 0x0,
    0x0, 0xdc, 0x0, 0x0,

    /* U+0444 "ф" */
    0x0, 0x0, 0xcc, 0x0, 0x0, 0x0, 0x0, 0xcc,
    0x0, 0x0, 0x0, 0x0, 0xcc, 0x0, 0x0, 0x0,
    0x0, 0xcc, 0x0, 0x0, 0x0, 0x8e, 0xff, 0xe8,
    0x0, 0x8, 0xf8, 0xdd, 0x8f, 0x80, 0xe, 0x90,
    0xbb, 0x9, 0xe0, 0x1f, 0x50, 0xbb, 0x5, 0xf1,
    0x2f, 0x40, 0xbb, 0x4, 0xf2, 0x2f, 0x40, 0xbb,
    0x4, 0xf2, 0x2f, 0x40, 0xbb, 0x4, 0xf2, 0x1f,
    0x50, 0xbb, 0x5, 0xf1, 0xe, 0x90, 0xbb, 0x9,
    0xe0, 0x8, 0xf8, 0xdd, 0x8f, 0x80, 0x0, 0x8e,
    0xff, 0xe8, 0x0, 0x0, 0x0, 0xcc, 0x0, 0x0,
    0x0, 0x0, 0xcc, 0x0, 0x0, 0x0, 0x0, 0xcc,
    0x0, 0x0, 0x0, 0x0, 0xcc, 0x0, 0x0,

    /* U+0445 "х" */
    0xaf, 0x20, 0x2, 0xfa, 0x1f, 0xa0, 0xa, 0xf1,
    0x8, 0xf3, 0x3f, 0x80, 0x0, 0xeb, 0xbe, 0x0,
    0x0, 0x6f, 0xf6, 0x0, 0x0, 0xf, 0xf0, 0x0,
    0x0, 0x6f, 0xf6, 0x0, 0x0, 0xeb, 0xbe, 0x0,
    0x8, 0xf3, 0x3f, 0x80, 0x1f, 0xa0, 0xa, 0xf1,
    0xaf, 0x20, 0x2, 0xfa,

    /* U+0446 "ц" */
    0xbd, 0x0, 0x0, 0xdb, 0xb, 0xd0, 0x0, 0xd,
    0xb0, 0xbd, 0x0, 0x0, 0xdb, 0xb, 0xd0, 0x0,
    0xd, 0xb0, 0xbd, 0x0, 0x0, 0xdb, 0xb, 0xd0,
    0x0, 0xd, 0xb0, 0xbd, 0x0, 0x0, 0xdb, 0xb,
    0xd0, 0x0, 0xd, 0xb0, 0xbd, 0x0, 0x0, 0xdb,
    0xb, 0xe7, 0x77, 0x7e, 0xd4, 0xbf, 0xff, 0xff,
    0xff, 0xa0, 0x0, 0x0, 0x0, 0xba, 0x0, 0x0,
    0x0, 0xb, 0xa0, 0x0, 0x0, 0x0, 0xba, 0x0,
    0x0, 0x0, 0x3, 0x20,

    /* U+0447 "ч" */
    0xbd, 0x0, 0x0, 0xdb, 0xbd, 0x0, 0x0, 0xdb,
    0xbd, 0x0, 0x0, 0xdb, 0xbd, 0x0, 0x0, 0xdb,
    0x9f, 0x10, 0x0, 0xdb, 0x4f, 0xc3, 0x26, 0xfb,
    0x6, 0xff, 0xff, 0xfb, 0x0, 0x4, 0x42, 0xdb,
    0x0, 0x0, 0x0, 0xdb, 0x0, 0x0, 0x0, 0xdb,
    0x0, 0x0, 0x0, 0xdb,

    /* U+0448 "ш" */
    0xf7, 0xb, 0xb0, 0x7f, 0xf7, 0xb, 0xb0, 0x7f,
    0xf7, 0xb, 0xb0, 0x7f, 0xf7, 0xb, 0xb0, 0x7f,
    0xf7, 0xb, 0xb0, 0x7f, 0xf7, 0xb, 0xb0, 0x7f,
    0xf7, 0xb, 0xb0, 0x7f, 0xf7, 0xb, 0xb0, 0x7f,
    0xf7, 0xb, 0xb0, 0x7f, 0xfb, 0x7d, 0xd7, 0xbf,
    0xff, 0xff, 0xff, 0xff,

    /* U+0449 "щ" */
    0xf7, 0xb, 0xb0, 0x7f, 0xf, 0x70, 0xbb, 0x7,
    0xf0, 0xf7, 0xb, 0xb0, 0x7f, 0xf, 0x70, 0xbb,
    0x7, 0xf0, 0xf7, 0xb, 0xb0, 0x7f, 0xf, 0x70,
    0xbb, 0x7, 0xf0, 0xf7, 0xb, 0xb0, 0x7f, 0xf,
    0x70, 0xbb, 0x7, 0xf0, 0xf7, 0xb, 0xb0, 0x7f,
    0xf, 0xb7, 0xdd, 0x7b, 0xf6, 0xff, 0xff, 0xff,
    0xff, 0xf0, 0x0, 0x0, 0x0, 0x6f, 0x0, 0x0,
    0x0, 0x6, 0xf0, 0x0, 0x0, 0x0, 0x6f, 0x0,
    0x0, 0x0, 0x1, 0x40,

    /* U+044A "ъ" */
    0x8f, 0xff, 0x0, 0x0, 0x3, 0x7c, 0xf0, 0x0,
    0x0, 0x0, 0xaf, 0x0, 0x0, 0x0, 0xa, 0xf2,
    0x10, 0x0, 0x0, 0xaf, 0xff, 0xfa, 0x0, 0xa,
    0xf5, 0x59, 0xf7, 0x0, 0xaf, 0x0, 0xd, 0xc0,
    0xa, 0xf0, 0x0, 0xbd, 0x0, 0xaf, 0x0, 0xd,
    0xb0, 0xa, 0xf7, 0x7b, 0xf6, 0x0, 0xaf, 0xff,
    0xe8, 0x0,

    /* U+044B "ы" */
    0xf7, 0x0, 0x0, 0x7f, 0xf7, 0x0, 0x0, 0x7f,
    0xf7, 0x0, 0x0, 0x7f, 0xf8, 0x10, 0x0, 0x7f,
    0xff, 0xfe, 0x40, 0x7f, 0xf9, 0x4c, 0xe0, 0x7f,
    0xf7, 0x3, 0xf3, 0x7f, 0xf7, 0x1, 0xf5, 0x7f,
    0xf7, 0x4, 0xf3, 0x7f, 0xfa, 0x6d, 0xe0, 0x7f,
    0xff, 0xfd, 0x30, 0x7f,

    /* U+044C "ь" */
    0xbd, 0x0, 0x0, 0x0, 0xbd, 0x0, 0x0, 0x0,
    0xbd, 0x0, 0x0, 0x0, 0xbd, 0x22, 0x10, 0x0,
    0xbf, 0xff, 0xff, 0x90, 0xbe, 0x55, 0x5a, 0xf6,
    0xbd, 0x0, 0x0, 0xdc, 0xbd, 0x0, 0x0, 0xbd,
    0xbd, 0x0, 0x0, 0xeb, 0xbe, 0x77, 0x7c, 0xf5,
    0xbf, 0xff, 0xfe, 0x70,

    /* U+044D "э" */
    0x2, 0xbf, 0xfb, 0x30, 0x2e, 0xf8, 0x8e, 0xf2,
    0x8f, 0x30, 0x2, 0xf9, 0xac, 0x0, 0x0, 0xcd,
    0x0, 0x2, 0x22, 0xbd, 0x0, 0x2f, 0xff, 0xfe,
    0x0, 0x5, 0x55, 0xcd, 0x89, 0x0, 0x0, 0xcd,
    0x9f, 0x20, 0x2, 0xf9, 0x2f, 0xe8, 0x8e, 0xf2,
    0x3, 0xbf, 0xfb, 0x30,

    /* U+044E "ю" */
    0xf7, 0x4, 0xdf, 0xb1, 0xf7, 0xe, 0xb4, 0xea,
    0xf7, 0x3f, 0x30, 0x8e, 0xf7, 0x4f, 0x30, 0x7f,
    0xf8, 0x5f, 0x30, 0x7f, 0xff, 0xff, 0x30, 0x7f,
    0xf9, 0x7f, 0x30, 0x7f, 0xf7, 0x4f, 0x30, 0x7f,
    0xf7, 0x3f, 0x40, 0x8e, 0xf7, 0xf, 0xc7, 0xea,
    0xf7, 0x4, 0xdf, 0xb1,

    /* U+044F "я" */
    0x0, 0x6e, 0xff, 0xff, 0xb0, 0x5f, 0xc7, 0x77,
    0xeb, 0xb, 0xe0, 0x0, 0xd, 0xb0, 0xdb, 0x0,
    0x0, 0xdb, 0xc, 0xc0, 0x0, 0xd, 0xb0, 0x8f,
    0x72, 0x22, 0xdb, 0x0, 0xbf, 0xff, 0xff, 0xb0,
    0x0, 0xbf, 0x55, 0xeb, 0x0, 0x5f, 0x60, 0xd,
    0xb0, 0x2f, 0xb0, 0x0, 0xdb, 0xc, 0xe1, 0x0,
    0xd, 0xb0,

    /* U+0451 "ё" */
    0x1d, 0xd0, 0x1d, 0xd0, 0x3f, 0xf2, 0x3f, 0xf2,
    0x7, 0x70, 0x7, 0x70, 0x0, 0x0, 0x0, 0x0,
    0x3, 0xbf, 0xfb, 0x20, 0x2f, 0xe8, 0x8e, 0xf2,
    0x9f, 0x20, 0x2, 0xf9, 0xdc, 0x0, 0x0, 0xcd,
    0xdb, 0x22, 0x22, 0xbd, 0xef, 0xff, 0xff, 0xfe,
    0xdc, 0x55, 0x55, 0x54, 0xdb, 0x0, 0x0, 0x11,
    0x9f, 0x20, 0x0, 0xeb, 0x2f, 0xe8, 0x8d, 0xf4,
    0x3, 0xbf, 0xfc, 0x40,

    /* U+2022 "•" */
    0x0, 0x3, 0x30, 0x0, 0x3, 0xef, 0xfe, 0x30,
    0xb, 0xff, 0xff, 0xc0, 0xf, 0xff, 0xff, 0xf0,
    0xe, 0xff, 0xff, 0xe0, 0x9, 0xff, 0xff, 0xa0,
    0x1, 0x9e, 0xe9, 0x10,

    /* U+2212 "−" */
    0x55, 0x55, 0x55, 0x52, 0xef, 0xff, 0xff, 0xf7,

    /* U+E257 "" */
    0x0, 0x0, 0x0, 0x0, 0x1, 0x0, 0x0, 0x0,
    0x0, 0x0, 0x0, 0x0, 0x0, 0x6c, 0xfc, 0x60,
    0x0, 0x0, 0x0, 0x0, 0x0, 0x28, 0xef, 0xff,
    0xff, 0xe8, 0x20, 0x0, 0x0, 0x4, 0xbf, 0xff,
    0xff, 0xff, 0xff, 0xff, 0xb4, 0x0, 0x6d, 0xff,
    0xff, 0xff, 0xff, 0xff, 0xff, 0xff, 0xfd, 0x62,
    0x8f, 0xff, 0xff, 0xff, 0xff, 0xff, 0xff, 0xff,
    0x82, 0x0, 0x6, 0xdf, 0xff, 0xff, 0xff, 0xff,
    0xd6, 0x0, 0x2, 0x73, 0x0, 0x3a, 0xff, 0xff,
    0xfa, 0x30, 0x3, 0x72, 0x7d, 0xfc, 0x50, 0x1,
    0x7c, 0x71, 0x0, 0x5c, 0xfd, 0x70, 0x4, 0xbf,
    0xe7, 0x10, 0x0, 0x18, 0xef, 0xb4, 0x0, 0x1,
    0x0, 0x28, 0xef, 0xb8, 0xbf, 0xe8, 0x20, 0x1,
    0x9, 0xfc, 0x50, 0x0, 0x6c, 0xfc, 0x60, 0x0,
    0x5c, 0xf9, 0x4, 0xbf, 0xe8, 0x10, 0x1, 0x0,
    0x18, 0xef, 0xb4, 0x0, 0x0, 0x28, 0xef, 0xa4,
    0x24, 0xaf, 0xe8, 0x20, 0x0, 0x0, 0x0, 0x0,
    0x5c, 0xff, 0xfc, 0x50, 0x0, 0x0, 0x0, 0x0,
    0x0, 0x0, 0x3, 0x73, 0x0, 0x0, 0x0, 0x0,

    /* U+E690 "" */
    0x0, 0x3, 0x74, 0x0, 0x0, 0x0, 0x0, 0x0,
    0x0, 0x0, 0x3f, 0xff, 0x40, 0x0, 0x0, 0x0,
    0x0, 0x0, 0x9a, 0x7f, 0xff, 0x98, 0xbb, 0xbb,
    0xbb, 0xbb, 0xb3, 0xff, 0x7f, 0xff, 0x9b, 0xff,
    0xff, 0xff, 0xff, 0xf6, 0x23, 0x6f, 0xff, 0x82,
    0x33, 0x33, 0x33, 0x33, 0x30, 0x0, 0xb, 0xfc,
    0x10, 0x0, 0x0, 0x0, 0x0, 0x0, 0x0, 0x0,
    0x0, 0x0, 0x0, 0x1, 0x87, 0x0, 0x0, 0x0,
    0x0, 0x0, 0x0, 0x0, 0xd, 0xff, 0xa0, 0x0,
    0xac, 0xcc, 0xcc, 0xcc, 0xcc, 0x4f, 0xff, 0xe6,
    0xc3, 0xff, 0xff, 0xff, 0xff, 0xff, 0x5f, 0xff,
    0xf7, 0xf6, 0x12, 0x22, 0x22, 0x22, 0x22, 0x1f,
    0xff, 0xd1, 0x20, 0x0, 0x0, 0x0, 0x0, 0x0,
    0x6, 0xed, 0x30, 0x0, 0x0, 0x0, 0x0, 0x6d,
    0xb1, 0x0, 0x0, 0x0, 0x0, 0x0, 0x0, 0x2,
    0xff, 0xfa, 0x0, 0x0, 0x0, 0x0, 0xef, 0xff,
    0xf6, 0xff, 0xfd, 0xaf, 0xff, 0xff, 0xf5, 0xbe,
    0xee, 0xe6, 0xff, 0xfc, 0x8e, 0xee, 0xee, 0xd4,
    0x0, 0x0, 0x1, 0xff, 0xf9, 0x0, 0x0, 0x0,
    0x0, 0x0, 0x0, 0x0, 0x4a, 0x80, 0x0, 0x0,
    0x0, 0x0,

    /* U+E70F "" */
    0x0, 0x0, 0x0, 0x0, 0x0, 0x0, 0x24, 0x74,
    0x0, 0x0, 0x1, 0x15, 0x8b, 0xdf, 0xff, 0xf8,
    0x79, 0xbd, 0xff, 0x5d, 0xff, 0xff, 0xff, 0xf8,
    0xff, 0xff, 0xff, 0x5d, 0xff, 0xff, 0xff, 0xf8,
    0xff, 0xff, 0xff, 0x5d, 0xff, 0xff, 0xff, 0xf8,
    0xff, 0xff, 0xff, 0x5d, 0xff, 0xff, 0xff, 0xf8,
    0xff, 0xff, 0xff, 0x5d, 0xff, 0xff, 0xff, 0xf8,
    0xee, 0xee, 0xee, 0x4b, 0xdd, 0xdd, 0xdd, 0xc7,
    0x77, 0x77, 0x77, 0x25, 0x55, 0x55, 0x55, 0x53,
    0xff, 0xff, 0xff, 0x5e, 0xff, 0xff, 0xff, 0xf8,
    0xff, 0xff, 0xff, 0x5e, 0xff, 0xff, 0xff, 0xf8,
    0xff, 0xff, 0xff, 0x5e, 0xff, 0xff, 0xff, 0xf8,
    0xff, 0xff, 0xff, 0x5e, 0xff, 0xff, 0xff, 0xf8,
    0xef, 0xff, 0xff, 0x5e, 0xff, 0xff, 0xff, 0xf8,
    0x0, 0x35, 0x79, 0x3c, 0xff, 0xff, 0xff, 0xf8,
    0x0, 0x0, 0x0, 0x0, 0x2, 0x46, 0x9b, 0xd8,

    /* U+E711 "" */
    0x0, 0x0, 0x0, 0x0, 0x53, 0x0, 0x0, 0x0,
    0x0, 0x0, 0xbf, 0x40, 0x0, 0x0, 0x0, 0x0,
    0x7f, 0xd0, 0x0, 0x0, 0x0, 0x0, 0xa, 0xb1,
    0x0, 0x0, 0x0, 0x7b, 0xa5, 0x27, 0xbc, 0x91,
    0x0, 0xcf, 0xff, 0xff, 0xff, 0xff, 0xe0, 0x7f,
    0xff, 0xff, 0xff, 0xff, 0xf5, 0xd, 0xff, 0xff,
    0xff, 0xff, 0xfc, 0x0, 0xff, 0xff, 0xff, 0xff,
    0xff, 0x90, 0xf, 0xff, 0xff, 0xff, 0xff, 0xfb,
    0x0, 0xdf, 0xff, 0xff, 0xff, 0xff, 0xf2, 0x9,
    0xff, 0xff, 0xff, 0xff, 0xff, 0xe3, 0x2f, 0xff,
    0xff, 0xff, 0xff, 0xff, 0x50, 0xaf, 0xff, 0xff,
    0xff, 0xff, 0xd0, 0x1, 0xef, 0xff, 0xff, 0xff,
    0xf3, 0x0, 0x2, 0xcd, 0x85, 0x7c, 0xd5, 0x0,

    /* U+EA6D "" */
    0x0, 0x0, 0x0, 0x0, 0x6, 0xbd, 0xca, 0x40,
    0x0, 0x0, 0x0, 0x0, 0x0, 0x3, 0xee, 0x96,
    0x7a, 0xfc, 0x10, 0x0, 0x0, 0x0, 0x0, 0x4f,
    0x80, 0x0, 0x0, 0x1c, 0xe1, 0x0, 0x0, 0x0,
    0x1, 0xe7, 0x0, 0x0, 0x0, 0x0, 0xcb, 0x0,
    0x0, 0x0, 0x8, 0xd0, 0x0, 0x0, 0x0, 0x0,
    0x2f, 0x30, 0x0, 0x0, 0xd, 0x70, 0x0, 0x0,
    0x0, 0x0, 0xc, 0x80, 0x0, 0x0, 0xf, 0x40,
    0x0, 0x0, 0x0, 0x0, 0x9, 0xb0, 0x0, 0x0,
    0xf, 0x40, 0x0, 0x0, 0x0, 0x0, 0x9, 0xb0,
    0x0, 0x0, 0xe, 0x60, 0x0, 0x0, 0x0, 0x0,
    0xb, 0x90, 0x0, 0x0, 0x9, 0xc0, 0x0, 0x0,
    0x0, 0x0, 0x1f, 0x40, 0x0, 0x0, 0x2, 0xf6,
    0x0, 0x0, 0x0, 0x0, 0xbc, 0x0, 0x0, 0x0,
    0x0, 0x8f, 0x60, 0x0, 0x0, 0xa, 0xf2, 0x0,
    0x0, 0x0, 0x2, 0xec, 0xfd, 0x75, 0x47, 0xee,
    0x30, 0x0, 0x0, 0x0, 0x1d, 0xb0, 0x28, 0xdf,
    0xfc, 0x70, 0x0, 0x0, 0x0, 0x0, 0xcd, 0x0,
    0x0, 0x0, 0x0, 0x0, 0x0, 0x0, 0x0, 0xa,
    0xe1, 0x0, 0x0, 0x0, 0x0, 0x0, 0x0, 0x0,
    0x0, 0x8f, 0x20, 0x0, 0x0, 0x0, 0x0, 0x0,
    0x0, 0x0, 0x6, 0xf4, 0x0, 0x0, 0x0, 0x0,
    0x0, 0x0, 0x0, 0x0, 0x4f, 0x50, 0x0, 0x0,
    0x0, 0x0, 0x0, 0x0, 0x0, 0x0, 0xa7, 0x0,
    0x0, 0x0, 0x0, 0x0, 0x0, 0x0, 0x0, 0x0,
    0x0, 0x0, 0x0, 0x0, 0x0, 0x0, 0x0, 0x0,
    0x0, 0x0,

    /* U+EA74 "" */
    0x0, 0x0, 0x0, 0x4, 0x78, 0x74, 0x0, 0x0,
    0x0, 0x0, 0x0, 0x0, 0x6e, 0xfd, 0xcc, 0xff,
    0x81, 0x0, 0x0, 0x0, 0x1, 0xce, 0x71, 0x0,
    0x0, 0x5d, 0xe3, 0x0, 0x0, 0x0, 0xcd, 0x10,
    0x0, 0x0, 0x0, 0xa, 0xf2, 0x0, 0x0, 0x9e,
    0x10, 0x0, 0x0, 0x0, 0x0, 0xb, 0xd0, 0x0,
    0x2f, 0x40, 0x0, 0x0, 0x84, 0x0, 0x0, 0x1f,
    0x50, 0x8, 0xc0, 0x0, 0x0, 0xa, 0x60, 0x0,
    0x0, 0x8c, 0x0, 0xc7, 0x0, 0x0, 0x0, 0x0,
    0x0, 0x0, 0x3, 0xf1, 0xf, 0x50, 0x0, 0x0,
    0xf, 0x90, 0x0, 0x0, 0x1f, 0x30, 0xf4, 0x0,
    0x0, 0x0, 0xf9, 0x0, 0x0, 0x0, 0xf3, 0xd,
    0x60, 0x0, 0x0, 0xf, 0x90, 0x0, 0x0, 0x2f,
    0x20, 0xaa, 0x0, 0x0, 0x0, 0xf9, 0x0, 0x0,
    0x6, 0xe0, 0x5, 0xf1, 0x0, 0x0, 0xf, 0x80,
    0x0, 0x0, 0xc9, 0x0, 0xd, 0xa0, 0x0, 0x0,
    0x0, 0x0, 0x0, 0x6f, 0x20, 0x0, 0x3f, 0x70,
    0x0, 0x0, 0x0, 0x0, 0x4f, 0x70, 0x0, 0x0,
    0x5f, 0xa1, 0x0, 0x0, 0x0, 0x7f, 0x80, 0x0,
    0x0, 0x0, 0x4d, 0xfa, 0x65, 0x69, 0xee, 0x60,
    0x0, 0x0, 0x0, 0x0, 0x5, 0xad, 0xed, 0xb6,
    0x10, 0x0, 0x0, 0x0, 0x0, 0x0, 0x0, 0x0,
    0x0, 0x0, 0x0, 0x0, 0x0,

    /* U+EA9A "" */
    0x0, 0x0, 0x0, 0x1, 0x0, 0x0, 0x0, 0x0,
    0x0, 0x0, 0x0, 0xf4, 0x0, 0x0, 0x0, 0x0,
    0x0, 0x0, 0xf, 0x40, 0x0, 0x0, 0x0, 0x0,
    0x0, 0x0, 0xf4, 0x0, 0x0, 0x0, 0x0, 0x0,
    0x0, 0xf, 0x40, 0x0, 0x0, 0x0, 0x0, 0x0,
    0x0, 0xf4, 0x0, 0x0, 0x0, 0x0, 0x0, 0x0,
    0xf, 0x40, 0x0, 0x0, 0x0, 0x0, 0x0, 0x0,
    0xf4, 0x0, 0x0, 0x0, 0x0, 0x0, 0x0, 0xf,
    0x40, 0x0, 0x0, 0x0, 0xc8, 0x0, 0x0, 0xf4,
    0x0, 0x5, 0xe1, 0x4, 0xf8, 0x0, 0xf, 0x40,
    0x5, 0xf8, 0x0, 0x4, 0xf8, 0x0, 0xf4, 0x4,
    0xf7, 0x0, 0x0, 0x3, 0xf8, 0xf, 0x44, 0xf7,
    0x0, 0x0, 0x0, 0x3, 0xf8, 0xf9, 0xf7, 0x0,
    0x0, 0x0, 0x0, 0x3, 0xff, 0xf7, 0x0, 0x0,
    0x0, 0x0, 0x0, 0x3, 0xd7, 0x0, 0x0, 0x0,

    /* U+EA9B "" */
    0x0, 0x0, 0x0, 0x0, 0x0, 0x0, 0x0, 0x0,
    0x0, 0x0, 0x0, 0x88, 0x0, 0x0, 0x0, 0x0,
    0x0, 0x0, 0x8, 0xf4, 0x0, 0x0, 0x0, 0x0,
    0x0, 0x0, 0x8f, 0x40, 0x0, 0x0, 0x0, 0x0,
    0x0, 0x8, 0xf4, 0x0, 0x0, 0x0, 0x0, 0x0,
    0x0, 0x8f, 0x40, 0x0, 0x0, 0x0, 0x0, 0x0,
    0x7, 0xf4, 0x0, 0x0, 0x0, 0x0, 0x0, 0x0,
    0x3f, 0xff, 0xff, 0xff, 0xff, 0xff, 0xff, 0xfb,
    0xc, 0xf6, 0x44, 0x44, 0x44, 0x44, 0x44, 0x43,
    0x0, 0xcc, 0x10, 0x0, 0x0, 0x0, 0x0, 0x0,
    0x0, 0x1c, 0xd1, 0x0, 0x0, 0x0, 0x0, 0x0,
    0x0, 0x1, 0xcd, 0x10, 0x0, 0x0, 0x0, 0x0,
    0x0, 0x0, 0x1c, 0xd1, 0x0, 0x0, 0x0, 0x0,
    0x0, 0x0, 0x1, 0xda, 0x0, 0x0, 0x0, 0x0,
    0x0, 0x0, 0x0, 0x10, 0x0, 0x0, 0x0, 0x0,

    /* U+EA9C "" */
    0x0, 0x0, 0x0, 0x0, 0x0, 0x0, 0x0, 0x0,
    0x0, 0x0, 0x0, 0x0, 0x2c, 0x20, 0x0, 0x0,
    0x0, 0x0, 0x0, 0x0, 0xb, 0xe2, 0x0, 0x0,
    0x0, 0x0, 0x0, 0x0, 0x0, 0xbe, 0x20, 0x0,
    0x0, 0x0, 0x0, 0x0, 0x0, 0xb, 0xe2, 0x0,
    0x0, 0x0, 0x0, 0x0, 0x0, 0x0, 0xbe, 0x20,
    0x0, 0x0, 0x0, 0x0, 0x0, 0x0, 0xb, 0xe2,
    0x3f, 0xff, 0xff, 0xff, 0xff, 0xff, 0xff, 0xfb,
    0x3, 0x33, 0x33, 0x33, 0x33, 0x33, 0x3b, 0xf6,
    0x0, 0x0, 0x0, 0x0, 0x0, 0x0, 0x8f, 0x50,
    0x0, 0x0, 0x0, 0x0, 0x0, 0x8, 0xf5, 0x0,
    0x0, 0x0, 0x0, 0x0, 0x0, 0x8f, 0x50, 0x0,
    0x0, 0x0, 0x0, 0x0, 0x8, 0xf5, 0x0, 0x0,
    0x0, 0x0, 0x0, 0x0, 0x3f, 0x50, 0x0, 0x0,
    0x0, 0x0, 0x0, 0x0, 0x1, 0x0, 0x0, 0x0,

    /* U+EAA1 "" */
    0x0, 0x0, 0x0, 0x1, 0x0, 0x0, 0x0, 0x0,
    0x0, 0x0, 0x6, 0xfa, 0x0, 0x0, 0x0, 0x0,
    0x0, 0x6, 0xff, 0xfa, 0x0, 0x0, 0x0, 0x0,
    0x6, 0xf6, 0xf7, 0xea, 0x0, 0x0, 0x0, 0x6,
    0xf6, 0xf, 0x43, 0xea, 0x0, 0x0, 0x6, 0xf6,
    0x0, 0xf4, 0x3, 0xfa, 0x0, 0x6, 0xf6, 0x0,
    0xf, 0x40, 0x3, 0xfa, 0x0, 0xb6, 0x0, 0x0,
    0xf4, 0x0, 0x3, 0xd1, 0x0, 0x0, 0x0, 0xf,
    0x40, 0x0, 0x0, 0x0, 0x0, 0x0, 0x0, 0xf4,
    0x0, 0x0, 0x0, 0x0, 0x0, 0x0, 0xf, 0x40,
    0x0, 0x0, 0x0, 0x0, 0x0, 0x0, 0xf4, 0x0,
    0x0, 0x0, 0x0, 0x0, 0x0, 0xf, 0x40, 0x0,
    0x0, 0x0, 0x0, 0x0, 0x0, 0xf4, 0x0, 0x0,
    0x0, 0x0, 0x0, 0x0, 0xf, 0x40, 0x0, 0x0,
    0x0, 0x0, 0x0, 0x0, 0xd3, 0x0, 0x0, 0x0,

    /* U+EB01 "" */
    0x0, 0x0, 0x17, 0xce, 0xed, 0x93, 0x0, 0x0,
    0x0, 0x0, 0x6f, 0xef, 0x95, 0xff, 0xf9, 0x0,
    0x0, 0x0, 0x9f, 0x66, 0xe0, 0x9, 0xc3, 0xdc,
    0x0, 0x0, 0x6f, 0x40, 0xd8, 0x0, 0x2f, 0x30,
    0xca, 0x0, 0x1f, 0x70, 0x1f, 0x30, 0x0, 0xd8,
    0x1, 0xf5, 0x8, 0xff, 0xff, 0xff, 0xff, 0xff,
    0xff, 0xff, 0xc0, 0xca, 0x55, 0xad, 0x55, 0x55,
    0x9e, 0x55, 0x6f, 0x1f, 0x50, 0x7, 0xc0, 0x0,
    0x5, 0xe0, 0x0, 0xf3, 0xf4, 0x0, 0x6d, 0x0,
    0x0, 0x6e, 0x0, 0xf, 0x4e, 0x60, 0x4, 0xf0,
    0x0, 0x8, 0xc0, 0x1, 0xf2, 0xaf, 0xff, 0xff,
    0xff, 0xff, 0xff, 0xff, 0xfe, 0x4, 0xf8, 0x44,
    0xdb, 0x55, 0x6f, 0x64, 0x4f, 0x80, 0xb, 0xd0,
    0x7, 0xe0, 0x8, 0xd0, 0x8, 0xe1, 0x0, 0x1e,
    0xc1, 0x1e, 0x71, 0xf6, 0x8, 0xf3, 0x0, 0x0,
    0x1c, 0xf8, 0x9f, 0xcd, 0x6d, 0xe3, 0x0, 0x0,
    0x0, 0x6, 0xdf, 0xff, 0xfe, 0x81, 0x0, 0x0,
    0x0, 0x0, 0x0, 0x13, 0x32, 0x0, 0x0, 0x0,
    0x0,

    /* U+EB05 "" */
    0x0, 0x5, 0x76, 0x10, 0x0, 0x3, 0x76, 0x20,
    0x0, 0x3, 0xef, 0xce, 0xf6, 0x1, 0xbf, 0xdd,
    0xf9, 0x0, 0x2f, 0x90, 0x0, 0x5f, 0x9e, 0xb2,
    0x0, 0x4e, 0x90, 0xaa, 0x0, 0x0, 0x4, 0xfa,
    0x0, 0x0, 0x4, 0xf2, 0xe4, 0x0, 0x0, 0x0,
    0x20, 0x0, 0x0, 0x0, 0xe6, 0xf3, 0x0, 0x0,
    0x0, 0x0, 0x0, 0x0, 0x0, 0xd7, 0xd7, 0x0,
    0x0, 0x0, 0x0, 0x0, 0x0, 0x1, 0xf4, 0x6f,
    0x30, 0x0, 0x0, 0x0, 0x0, 0x0, 0xb, 0xd0,
    0xa, 0xe3, 0x0, 0x0, 0x0, 0x0, 0x0, 0xbe,
    0x20, 0x0, 0xae, 0x30, 0x0, 0x0, 0x0, 0xb,
    0xe3, 0x0, 0x0, 0xa, 0xf3, 0x0, 0x0, 0x0,
    0xbf, 0x30, 0x0, 0x0, 0x0, 0xaf, 0x30, 0x0,
    0xa, 0xf3, 0x0, 0x0, 0x0, 0x0, 0xa, 0xf3,
    0x0, 0xaf, 0x30, 0x0, 0x0, 0x0, 0x0, 0x0,
    0xaf, 0x4a, 0xf3, 0x0, 0x0, 0x0, 0x0, 0x0,
    0x0, 0xa, 0xff, 0x30, 0x0, 0x0, 0x0, 0x0,
    0x0, 0x0, 0x0, 0x93, 0x0, 0x0, 0x0, 0x0,

    /* U+EB06 "" */
    0x0, 0x0, 0x0, 0x0, 0x4a, 0x20, 0x0, 0x0,
    0x0, 0x0, 0x0, 0x0, 0x6, 0xfd, 0xe2, 0x0,
    0x0, 0x0, 0x0, 0x0, 0x0, 0x7f, 0x60, 0xbe,
    0x30, 0x0, 0x0, 0x0, 0x0, 0x9, 0xf5, 0x0,
    0xa, 0xf3, 0x0, 0x0, 0x0, 0x0, 0xaf, 0x40,
    0x0, 0x0, 0xaf, 0x40, 0x0, 0x0, 0xb, 0xe3,
    0x0, 0x0, 0x0, 0x9, 0xf5, 0x0, 0x1, 0xcf,
    0x50, 0x0, 0x0, 0x0, 0x0, 0xef, 0x60, 0xc,
    0xdf, 0x50, 0x0, 0x0, 0x0, 0x0, 0xec, 0xf4,
    0x2, 0xe, 0x50, 0x0, 0x0, 0x0, 0x0, 0xe6,
    0x30, 0x0, 0xe, 0x50, 0x1, 0x22, 0x20, 0x0,
    0xe6, 0x0, 0x0, 0xe, 0x50, 0x1f, 0xff, 0xfc,
    0x0, 0xe6, 0x0, 0x0, 0xe, 0x50, 0x2f, 0x21,
    0x6e, 0x0, 0xe6, 0x0, 0x0, 0xe, 0x50, 0x2f,
    0x10, 0x5e, 0x0, 0xe6, 0x0, 0x0, 0xe, 0x50,
    0x2f, 0x10, 0x5e, 0x0, 0xe6, 0x0, 0x0, 0xe,
    0x72, 0x4f, 0x10, 0x5e, 0x22, 0xe6, 0x0, 0x0,
    0xc, 0xff, 0xfe, 0x0, 0x3f, 0xff, 0xf3, 0x0,
    0x0, 0x0, 0x0, 0x0, 0x0, 0x0, 0x0, 0x0,
    0x0,

    /* U+EB1C "" */
    0x1, 0x11, 0x11, 0x11, 0x11, 0x11, 0x11, 0x11,
    0x0, 0xdf, 0xff, 0xff, 0xff, 0xff, 0xff, 0xff,
    0xff, 0xf2, 0xff, 0xe4, 0x33, 0x33, 0x33, 0x33,
    0x33, 0xbf, 0xf4, 0xf6, 0xce, 0x30, 0x0, 0x0,
    0x0, 0x1b, 0xf5, 0xe4, 0xf4, 0x9, 0xf6, 0x0,
    0x0, 0x3, 0xed, 0x20, 0xe4, 0xf4, 0x0, 0x6f,
    0x90, 0x0, 0x6f, 0xa0, 0x0, 0xe4, 0xf4, 0x0,
    0x3, 0xec, 0x29, 0xf6, 0x0, 0x0, 0xe4, 0xf4,
    0x0, 0x0, 0x1b, 0xfe, 0x30, 0x0, 0x0, 0xe4,
    0xf4, 0x0, 0x0, 0x0, 0x51, 0x0, 0x0, 0x0,
    0xe4, 0xf4, 0x0, 0x0, 0x0, 0x0, 0x0, 0x0,
    0x0, 0xe4, 0xf4, 0x0, 0x0, 0x0, 0x0, 0x0,
    0x0, 0x0, 0xe4, 0xf4, 0x0, 0x0, 0x0, 0x0,
    0x0, 0x0, 0x0, 0xe4, 0xff, 0xff, 0xff, 0xff,
    0xff, 0xff, 0xff, 0xff, 0xf3, 0x24, 0x44, 0x44,
    0x44, 0x44, 0x44, 0x44, 0x44, 0x30,

    /* U+EEE8 "" */
    0x0, 0x0, 0x0, 0x0, 0x6, 0x50, 0x0, 0x0,
    0x0, 0x0, 0x0, 0x0, 0x0, 0x0, 0xaf, 0xf0,
    0x0, 0x0, 0x0, 0x0, 0x0, 0x0, 0x0, 0xb,
    0xff, 0xf1, 0x0, 0x0, 0x0, 0x0, 0x0, 0x0,
    0x1, 0xcf, 0xff, 0xf1, 0x0, 0x0, 0x0, 0x0,
    0x0, 0x22, 0x3d, 0xff, 0xff, 0xf1, 0x0, 0x0,
    0x0, 0x0, 0x4f, 0xff, 0xff, 0xff, 0xff, 0xf1,
    0x9, 0xe2, 0x0, 0xcd, 0xdf, 0xff, 0xff, 0xff,
    0xff, 0xf1, 0x3, 0xfe, 0x3c, 0xf7, 0xff, 0xff,
    0xff, 0xff, 0xff, 0xf1, 0x0, 0x4f, 0xff, 0x80,
    0xff, 0xff, 0xff, 0xff, 0xff, 0xf1, 0x0, 0xd,
    0xff, 0x30, 0xff, 0xff, 0xff, 0xff, 0xff, 0xf1,
    0x0, 0xcf, 0xaf, 0xe3, 0x9f, 0xff, 0xff, 0xff,
    0xff, 0xf1, 0x9, 0xf8, 0x4, 0xfd, 0x5, 0x88,
    0x9f, 0xff, 0xff, 0xf1, 0x2, 0x50, 0x0, 0x35,
    0x0, 0x0, 0x5, 0xff, 0xff, 0xf1, 0x0, 0x0,
    0x0, 0x0, 0x0, 0x0, 0x0, 0x4f, 0xff, 0xf1,
    0x0, 0x0, 0x0, 0x0, 0x0, 0x0, 0x0, 0x3,
    0xef, 0xf1, 0x0, 0x0, 0x0, 0x0, 0x0, 0x0,
    0x0, 0x0, 0x2c, 0xc0, 0x0, 0x0, 0x0, 0x0,
    0x0, 0x0, 0x0, 0x0, 0x0, 0x0, 0x0, 0x0,
    0x0, 0x0,

    /* U+EFBA "" */
    0x0, 0x0, 0x0, 0x0, 0x0, 0x0, 0x0, 0x0,
    0x18, 0xdf, 0x56, 0xfd, 0x80, 0x0, 0x3, 0xef,
    0xff, 0x56, 0xff, 0xfd, 0x20, 0x1e, 0xff, 0xff,
    0x56, 0xff, 0xff, 0xd0, 0x8f, 0xff, 0xff, 0x56,
    0xff, 0xff, 0xf7, 0xdf, 0xff, 0xff, 0x56, 0xff,
    0xff, 0xfc, 0xff, 0xff, 0xff, 0x56, 0xff, 0xff,
    0xfe, 0xee, 0xee, 0xee, 0x45, 0xee, 0xee, 0xec,
    0x0, 0x0, 0x0, 0x0, 0x0, 0x0, 0x0, 0xff,
    0xff, 0xff, 0xff, 0xff, 0xff, 0xfe, 0xff, 0xff,
    0xff, 0xff, 0xff, 0xff, 0xfe, 0xff, 0xff, 0xff,
    0xff, 0xff, 0xff, 0xfe, 0xff, 0xff, 0xff, 0xff,
    0xff, 0xff, 0xfe, 0xff, 0xff, 0xff, 0xff, 0xff,
    0xff, 0xfe, 0xef, 0xff, 0xff, 0xff, 0xff, 0xff,
    0xfd, 0xaf, 0xff, 0xff, 0xff, 0xff, 0xff, 0xf9,
    0x3f, 0xff, 0xff, 0xff, 0xff, 0xff, 0xf2, 0x8,
    0xff, 0xff, 0xff, 0xff, 0xff, 0x60, 0x0, 0x6e,
    0xff, 0xff, 0xff, 0xe5, 0x0, 0x0, 0x0, 0x46,
    0x77, 0x64, 0x0, 0x0,

    /* U+F021 "" */
    0x0, 0x0, 0x0, 0x0, 0x0, 0x0, 0x0, 0x0,
    0x0, 0x0, 0x0, 0x2, 0x8c, 0xdc, 0xa4, 0x0,
    0x1, 0x20, 0x0, 0x1, 0xaf, 0xff, 0xff, 0xff,
    0xd3, 0xe, 0xf2, 0x0, 0x2d, 0xff, 0xd8, 0x78,
    0xbf, 0xff, 0x5f, 0xf4, 0x0, 0xdf, 0xf6, 0x0,
    0x0, 0x3, 0xdf, 0xff, 0xf4, 0x7, 0xff, 0x40,
    0x0, 0x0, 0x1, 0x5f, 0xff, 0xf4, 0xe, 0xf9,
    0x0, 0x0, 0x0, 0xe, 0xff, 0xff, 0xf4, 0xc,
    0xe1, 0x0, 0x0, 0x0, 0xc, 0xff, 0xff, 0xe1,
    0x0, 0x0, 0x0, 0x0, 0x0, 0x0, 0x1, 0x11,
    0x0, 0x0, 0x0, 0x0, 0x0, 0x0, 0x0, 0x0,
    0x0, 0x0, 0x26, 0x66, 0x65, 0x0, 0x0, 0x0,
    0x0, 0x58, 0x0, 0xef, 0xff, 0xff, 0x40, 0x0,
    0x0, 0x1, 0xff, 0x40, 0xff, 0xff, 0xec, 0x10,
    0x0, 0x0, 0xa, 0xfe, 0x0, 0xff, 0xff, 0xa0,
    0x0, 0x0, 0x0, 0x9f, 0xf7, 0x0, 0xff, 0xcf,
    0xfd, 0x62, 0x1, 0x5c, 0xff, 0xa0, 0x0, 0xff,
    0x46, 0xff, 0xff, 0xff, 0xff, 0xf9, 0x0, 0x0,
    0x9c, 0x10, 0x2a, 0xff, 0xff, 0xfb, 0x40, 0x0,
    0x0, 0x0, 0x0, 0x0, 0x2, 0x33, 0x0, 0x0,
    0x0, 0x0,

    /* U+F027 "" */
    0x0, 0x0, 0x0, 0x0, 0x0, 0x0, 0x0, 0x0,
    0x0, 0x0, 0x1, 0xcb, 0x0, 0x0, 0x0, 0x0,
    0x0, 0x2e, 0xff, 0x0, 0x0, 0x0, 0x0, 0x3,
    0xef, 0xff, 0x0, 0x0, 0x0, 0x0, 0x4f, 0xff,
    0xff, 0x0, 0x0, 0x4d, 0xff, 0xff, 0xff, 0xff,
    0x0, 0x50, 0xef, 0xff, 0xff, 0xff, 0xff, 0x3,
    0xf8, 0xff, 0xff, 0xff, 0xff, 0xff, 0x0, 0xae,
    0xff, 0xff, 0xff, 0xff, 0xff, 0x0, 0xae, 0xef,
    0xff, 0xff, 0xff, 0xff, 0x3, 0xf9, 0x5e, 0xff,
    0xff, 0xff, 0xff, 0x1, 0x70, 0x0, 0x0, 0x6f,
    0xff, 0xff, 0x0, 0x0, 0x0, 0x0, 0x4, 0xff,
    0xff, 0x0, 0x0, 0x0, 0x0, 0x0, 0x3e, 0xff,
    0x0, 0x0, 0x0, 0x0, 0x0, 0x2, 0xdc, 0x0,
    0x0, 0x0, 0x0, 0x0, 0x0, 0x0, 0x0, 0x0,

    /* U+F028 "" */
    0x0, 0x0, 0x0, 0x0, 0x98, 0x0, 0x0, 0x6,
    0xc1, 0x0, 0x0, 0x0, 0x0, 0x1c, 0xff, 0x0,
    0x0, 0x3, 0xfd, 0x0, 0x0, 0x0, 0x2, 0xdf,
    0xff, 0x0, 0x2, 0x70, 0x3f, 0x90, 0x0, 0x0,
    0x2e, 0xff, 0xff, 0x0, 0x4, 0xfa, 0x8, 0xf2,
    0x2a, 0xcc, 0xff, 0xff, 0xff, 0x0, 0x20, 0x7f,
    0x51, 0xf8, 0xdf, 0xff, 0xff, 0xff, 0xff, 0x3,
    0xf6, 0xd, 0xb0, 0xbc, 0xff, 0xff, 0xff, 0xff,
    0xff, 0x0, 0xce, 0x9, 0xe0, 0x9e, 0xff, 0xff,
    0xff, 0xff, 0xff, 0x0, 0x9f, 0x8, 0xf0, 0x8f,
    0xff, 0xff, 0xff, 0xff, 0xff, 0x2, 0xfa, 0xb,
    0xd0, 0xad, 0x7f, 0xff, 0xff, 0xff, 0xff, 0x1,
    0x91, 0x2f, 0x80, 0xea, 0x1, 0x33, 0x8f, 0xff,
    0xff, 0x0, 0x1, 0xde, 0x15, 0xf4, 0x0, 0x0,
    0x6, 0xff, 0xff, 0x0, 0x5, 0xe3, 0xd, 0xd0,
    0x0, 0x0, 0x0, 0x5f, 0xff, 0x0, 0x0, 0x0,
    0xbf, 0x30, 0x0, 0x0, 0x0, 0x4, 0xfe, 0x0,
    0x0, 0x7, 0xf5, 0x0, 0x0, 0x0, 0x0, 0x0,
    0x11, 0x0, 0x0, 0x1, 0x30, 0x0,

    /* U+F03E "" */
    0x2b, 0xff, 0xff, 0xff, 0xff, 0xff, 0xff, 0xff,
    0xe9, 0xc, 0xfc, 0xcc, 0xcc, 0xcc, 0xcc, 0xcc,
    0xcc, 0xce, 0xf7, 0xfc, 0x0, 0x0, 0x0, 0x0,
    0x0, 0x0, 0x0, 0x1f, 0xaf, 0xb0, 0x3, 0x50,
    0x0, 0x0, 0x0, 0x0, 0x1, 0xfa, 0xfb, 0x4,
    0xff, 0xa0, 0x0, 0x0, 0x0, 0x0, 0x1f, 0xaf,
    0xb0, 0x7f, 0xfd, 0x0, 0x0, 0x0, 0x0, 0x1,
    0xfa, 0xfb, 0x2, 0xdf, 0x60, 0x0, 0x0, 0x0,
    0x0, 0x1f, 0xaf, 0xb0, 0x0, 0x0, 0x0, 0x1d,
    0xe1, 0x0, 0x1, 0xfa, 0xfb, 0x0, 0x0, 0x0,
    0xb, 0xff, 0xc0, 0x0, 0x1f, 0xaf, 0xb0, 0x3,
    0xc3, 0x8, 0xff, 0xff, 0x90, 0x1, 0xfa, 0xfb,
    0x0, 0xdf, 0xd5, 0xff, 0xff, 0xff, 0x50, 0x1f,
    0xaf, 0xb0, 0xaf, 0xff, 0xff, 0xff, 0xff, 0xff,
    0x31, 0xfa, 0xfb, 0x5f, 0xff, 0xff, 0xff, 0xff,
    0xff, 0xfd, 0x2f, 0xaf, 0xdf, 0xff, 0xff, 0xff,
    0xff, 0xff, 0xff, 0xfc, 0xfa, 0xdf, 0xff, 0xff,
    0xff, 0xff, 0xff, 0xff, 0xff, 0xff, 0x73, 0xdf,
    0xff, 0xff, 0xff, 0xff, 0xff, 0xff, 0xff, 0xb0,
    0x0, 0x1, 0x11, 0x11, 0x11, 0x11, 0x11, 0x11,
    0x0, 0x0,

    /* U+F058 "" */
    0x0, 0x0, 0x0, 0x0, 0x0, 0x0, 0x0, 0x0,
    0x0, 0x0, 0x0, 0x0, 0x39, 0xdf, 0xff, 0xc7,
    0x10, 0x0, 0x0, 0x0, 0x1, 0xbf, 0xff, 0xff,
    0xff, 0xff, 0x70, 0x0, 0x0, 0x2, 0xef, 0xff,
    0xff, 0xff, 0xff, 0xff, 0xb0, 0x0, 0x1, 0xef,
    0xff, 0xff, 0xff, 0xff, 0xff, 0xff, 0xa0, 0x0,
    0xbf, 0xff, 0xff, 0xff, 0xff, 0xff, 0xff, 0xff,
    0x60, 0x3f, 0xff, 0xff, 0xff, 0xff, 0xff, 0xff,
    0xff, 0xfe, 0x9, 0xff, 0xff, 0xff, 0xff, 0xff,
    0xe2, 0x6f, 0xff, 0xf4, 0xdf, 0xff, 0xff, 0xff,
    0xff, 0xd1, 0x9, 0xff, 0xff, 0x7f, 0xff, 0xff,
    0x7a, 0xff, 0xd1, 0x9, 0xff, 0xff, 0xf9, 0xff,
    0xff, 0xf1, 0x9, 0xc1, 0xa, 0xff, 0xff, 0xff,
    0x9d, 0xff, 0xff, 0xd2, 0x0, 0xa, 0xff, 0xff,
    0xff, 0xf8, 0xaf, 0xff, 0xff, 0xe2, 0xb, 0xff,
    0xff, 0xff, 0xff, 0x45, 0xff, 0xff, 0xff, 0xff,
    0xff, 0xff, 0xff, 0xff, 0xf0, 0xc, 0xff, 0xff,
    0xff, 0xff, 0xff, 0xff, 0xff, 0xf7, 0x0, 0x2f,
    0xff, 0xff, 0xff, 0xff, 0xff, 0xff, 0xfc, 0x0,
    0x0, 0x4f, 0xff, 0xff, 0xff, 0xff, 0xff, 0xfd,
    0x10, 0x0, 0x0, 0x2d, 0xff, 0xff, 0xff, 0xff,
    0xfa, 0x0, 0x0, 0x0, 0x0, 0x6, 0xcf, 0xff,
    0xff, 0xa3, 0x0, 0x0, 0x0, 0x0, 0x0, 0x0,
    0x2, 0x31, 0x0, 0x0, 0x0, 0x0,

    /* U+F0C4 "" */
    0x0, 0x0, 0x0, 0x0, 0x0, 0x0, 0x0, 0x0,
    0x0, 0x0, 0x2b, 0xff, 0xc3, 0x0, 0x0, 0x0,
    0x0, 0x0, 0x0, 0x2f, 0xff, 0xff, 0xf3, 0x0,
    0x0, 0x0, 0x5d, 0xe8, 0xb, 0xfe, 0x66, 0xef,
    0xc0, 0x0, 0x0, 0x6f, 0xff, 0xf1, 0xff, 0x60,
    0x5, 0xff, 0x0, 0x0, 0x6f, 0xff, 0xf3, 0xf,
    0xf6, 0x0, 0x5f, 0xf0, 0x0, 0x6f, 0xff, 0xf3,
    0x0, 0xbf, 0xe6, 0x6e, 0xfe, 0x0, 0x6f, 0xff,
    0xf3, 0x0, 0x2, 0xff, 0xff, 0xff, 0xfc, 0x7f,
    0xff, 0xf4, 0x0, 0x0, 0x2, 0xbf, 0xfe, 0xff,
    0xff, 0xff, 0xf4, 0x0, 0x0, 0x0, 0x0, 0x0,
    0xc, 0xff, 0xff, 0xf4, 0x0, 0x0, 0x0, 0x0,
    0x0, 0x0, 0x5f, 0xff, 0xf4, 0x0, 0x0, 0x0,
    0x0, 0x1, 0x55, 0x5f, 0xff, 0xf4, 0x18, 0x0,
    0x0, 0x0, 0x8, 0xff, 0xff, 0xff, 0xf4, 0x1d,
    0xfa, 0x0, 0x0, 0x6, 0xff, 0xff, 0xff, 0xf4,
    0xb, 0xff, 0xfb, 0x0, 0x0, 0xdf, 0xb0, 0xa,
    0xff, 0x0, 0x1c, 0xff, 0xfb, 0x0, 0xf, 0xf5,
    0x0, 0x4f, 0xf0, 0x0, 0x1c, 0xff, 0xfb, 0x0,
    0xdf, 0xb0, 0xa, 0xfe, 0x0, 0x0, 0xc, 0xff,
    0xfc, 0x6, 0xff, 0xff, 0xff, 0x70, 0x0, 0x0,
    0xb, 0xff, 0xe1, 0x8, 0xff, 0xff, 0x90, 0x0,
    0x0, 0x0, 0x3, 0x40, 0x0, 0x2, 0x66, 0x20,
    0x0, 0x0, 0x0, 0x0, 0x0, 0x0,

    /* U+F0C5 "" */
    0x0, 0x0, 0x0, 0x0, 0x0, 0x0, 0x0, 0x0,
    0x0, 0x0, 0x0, 0xaf, 0xff, 0xff, 0xfd, 0x20,
    0x0, 0x0, 0x0, 0x6f, 0xdb, 0xbb, 0xbb, 0xfe,
    0x30, 0x0, 0x0, 0x9, 0xf2, 0x0, 0x0, 0x4,
    0xfe, 0x30, 0x0, 0x0, 0x9f, 0x20, 0x0, 0x0,
    0x3, 0xfe, 0x0, 0x59, 0x49, 0xf2, 0x0, 0x0,
    0x0, 0xa, 0xf1, 0x9f, 0xf7, 0x9f, 0x20, 0x0,
    0x0, 0x0, 0xaf, 0x1f, 0xd2, 0x19, 0xf2, 0x0,
    0x0, 0x0, 0xa, 0xf1, 0xfb, 0x0, 0x9f, 0x20,
    0x0, 0x0, 0x0, 0xaf, 0x1f, 0xb0, 0x9, 0xf2,
    0x0, 0x0, 0x0, 0xa, 0xf1, 0xfb, 0x0, 0x9f,
    0x20, 0x0, 0x0, 0x0, 0xaf, 0x1f, 0xb0, 0x9,
    0xf2, 0x0, 0x0, 0x0, 0xa, 0xf1, 0xfb, 0x0,
    0x9f, 0x30, 0x0, 0x0, 0x0, 0xbf, 0xf, 0xb0,
    0x5, 0xff, 0xff, 0xff, 0xff, 0xff, 0xc0, 0xfb,
    0x0, 0x6, 0xbc, 0xcc, 0xcc, 0xcc, 0x91, 0xf,
    0xb0, 0x0, 0x0, 0x0, 0x0, 0x0, 0x0, 0x0,
    0xfb, 0x0, 0x0, 0x0, 0x2, 0xd7, 0x0, 0x0,
    0xf, 0xd1, 0x11, 0x11, 0x11, 0x6f, 0x80, 0x0,
    0x0, 0x9f, 0xff, 0xff, 0xff, 0xff, 0xf3, 0x0,
    0x0, 0x0, 0x7a, 0xaa, 0xaa, 0xaa, 0x93, 0x0,
    0x0, 0x0,

    /* U+F0EA "" */
    0x0, 0x0, 0x0, 0x0, 0x0, 0x0, 0x0, 0x0,
    0x0, 0x0, 0x0, 0xa, 0xfe, 0x40, 0x0, 0x0,
    0x0, 0x0, 0x0, 0x5e, 0xff, 0xf8, 0xbf, 0xff,
    0xc2, 0x0, 0x0, 0x0, 0xe, 0xff, 0xff, 0x16,
    0xff, 0xff, 0x90, 0x0, 0x0, 0x0, 0xff, 0xff,
    0xff, 0xff, 0xb6, 0x53, 0x0, 0x0, 0x0, 0xf,
    0xff, 0xff, 0xff, 0x90, 0x13, 0x33, 0x32, 0x0,
    0x0, 0xff, 0xff, 0xff, 0xf1, 0x7f, 0xff, 0xff,
    0xfb, 0x0, 0xf, 0xff, 0xff, 0xfe, 0xd, 0xff,
    0xff, 0xff, 0xfc, 0x0, 0xff, 0xff, 0xff, 0xe0,
    0xef, 0xff, 0xff, 0xff, 0xfc, 0xf, 0xff, 0xff,
    0xfe, 0xe, 0xff, 0xff, 0xff, 0xff, 0xf7, 0xff,
    0xff, 0xff, 0xe0, 0xef, 0xff, 0xff, 0xff, 0xff,
    0x9f, 0xff, 0xff, 0xfe, 0xe, 0xff, 0xff, 0xff,
    0xff, 0xf9, 0xff, 0xff, 0xff, 0xe0, 0xef, 0xff,
    0xff, 0xff, 0xff, 0x9f, 0xff, 0xff, 0xfe, 0xe,
    0xff, 0xff, 0xff, 0xff, 0xf9, 0xff, 0xff, 0xff,
    0xe0, 0xef, 0xff, 0xff, 0xff, 0xff, 0x9f, 0xff,
    0xff, 0xfe, 0xe, 0xff, 0xff, 0xff, 0xff, 0xf9,
    0xaf, 0xff, 0xff, 0xe0, 0xef, 0xff, 0xff, 0xff,
    0xff, 0x90, 0x45, 0x55, 0x54, 0xe, 0xff, 0xff,
    0xff, 0xff, 0xf9, 0x0, 0x0, 0x0, 0x0, 0xbf,
    0xff, 0xff, 0xff, 0xff, 0x60, 0x0, 0x0, 0x0,
    0x1, 0x9a, 0xaa, 0xaa, 0xaa, 0x70,

    /* U+F100 "" */
    0x0, 0x0, 0x0, 0x97, 0x0, 0x0, 0x19, 0x60,
    0x0, 0x0, 0xbf, 0xf0, 0x0, 0xc, 0xff, 0x0,
    0x0, 0xbf, 0xf7, 0x0, 0xc, 0xff, 0x60, 0x0,
    0xcf, 0xf7, 0x0, 0xc, 0xff, 0x60, 0x0, 0xcf,
    0xf7, 0x0, 0xc, 0xff, 0x60, 0x0, 0xcf, 0xf7,
    0x0, 0xc, 0xff, 0x60, 0x0, 0xbf, 0xf7, 0x0,
    0xc, 0xff, 0x60, 0x0, 0xe, 0xff, 0x20, 0x0,
    0xff, 0xe1, 0x0, 0x0, 0x3f, 0xfe, 0x20, 0x4,
    0xff, 0xd1, 0x0, 0x0, 0x3f, 0xfe, 0x20, 0x4,
    0xff, 0xd1, 0x0, 0x0, 0x3f, 0xfe, 0x20, 0x4,
    0xff, 0xd1, 0x0, 0x0, 0x3f, 0xfe, 0x20, 0x4,
    0xff, 0xd1, 0x0, 0x0, 0x3f, 0xfe, 0x0, 0x4,
    0xff, 0xd0, 0x0, 0x0, 0x3f, 0xd0, 0x0, 0x4,
    0xfc, 0x0, 0x0, 0x0, 0x0, 0x0, 0x0, 0x1,
    0x0,

    /* U+F101 "" */
    0x69, 0x10, 0x0, 0x7, 0x90, 0x0, 0x0, 0xf,
    0xfc, 0x10, 0x0, 0xff, 0xb0, 0x0, 0x0, 0x6f,
    0xfc, 0x10, 0x7, 0xff, 0xb0, 0x0, 0x0, 0x6f,
    0xfc, 0x10, 0x7, 0xff, 0xb0, 0x0, 0x0, 0x6f,
    0xfc, 0x10, 0x7, 0xff, 0xb0, 0x0, 0x0, 0x6f,
    0xfc, 0x10, 0x7, 0xff, 0xb0, 0x0, 0x0, 0x6f,
    0xfc, 0x0, 0x7, 0xff, 0xb0, 0x0, 0x1, 0xef,
    0xf0, 0x0, 0x2f, 0xfe, 0x0, 0x1, 0xef, 0xf4,
    0x0, 0x2e, 0xff, 0x30, 0x1, 0xef, 0xf4, 0x0,
    0x2e, 0xff, 0x30, 0x1, 0xef, 0xf4, 0x0, 0x2e,
    0xff, 0x30, 0x1, 0xef, 0xf4, 0x0, 0x2e, 0xff,
    0x30, 0x0, 0xdf, 0xf4, 0x0, 0xe, 0xff, 0x30,
    0x0, 0xc, 0xf4, 0x0, 0x0, 0xdf, 0x30, 0x0,
    0x0, 0x1, 0x0, 0x0, 0x0, 0x0, 0x0, 0x0,
    0x0,

    /* U+F102 "" */
    0x0, 0x0, 0x1, 0xba, 0x0, 0x0, 0x0, 0x0,
    0x0, 0x1d, 0xff, 0xc0, 0x0, 0x0, 0x0, 0x1,
    0xdf, 0xff, 0xfc, 0x0, 0x0, 0x0, 0x1d, 0xff,
    0x57, 0xff, 0xc0, 0x0, 0x1, 0xdf, 0xf5, 0x0,
    0x7f, 0xfb, 0x0, 0x1d, 0xff, 0x50, 0x0, 0x7,
    0xff, 0xb0, 0xcf, 0xf5, 0x0, 0x0, 0x0, 0x7f,
    0xfa, 0xdf, 0x50, 0x1, 0xcb, 0x10, 0x7, 0xfb,
    0x1, 0x0, 0x1d, 0xff, 0xc1, 0x0, 0x20, 0x0,
    0x1, 0xdf, 0xff, 0xfc, 0x10, 0x0, 0x0, 0x1d,
    0xff, 0x46, 0xff, 0xc1, 0x0, 0x1, 0xdf, 0xf4,
    0x0, 0x6f, 0xfc, 0x10, 0x1d, 0xff, 0x40, 0x0,
    0x6, 0xff, 0xc1, 0xdf, 0xf4, 0x0, 0x0, 0x0,
    0x6f, 0xfb, 0xcf, 0x40, 0x0, 0x0, 0x0, 0x6,
    0xfa, 0x1, 0x0, 0x0, 0x0, 0x0, 0x0, 0x10,

    /* U+F103 "" */
    0x69, 0x10, 0x0, 0x0, 0x0, 0x1, 0xa5, 0xff,
    0xc1, 0x0, 0x0, 0x0, 0x1d, 0xfc, 0x6f, 0xfc,
    0x10, 0x0, 0x1, 0xdf, 0xf4, 0x6, 0xff, 0xc1,
    0x0, 0x1d, 0xff, 0x40, 0x0, 0x6f, 0xfc, 0x11,
    0xdf, 0xf4, 0x0, 0x0, 0x6, 0xff, 0xcd, 0xff,
    0x40, 0x0, 0x0, 0x0, 0x6f, 0xff, 0xf4, 0x0,
    0x0, 0x7b, 0x10, 0x6, 0xff, 0x40, 0x2, 0xb6,
    0xff, 0xd1, 0x0, 0x32, 0x0, 0x2e, 0xfc, 0x5f,
    0xfd, 0x10, 0x0, 0x2, 0xef, 0xf3, 0x5, 0xff,
    0xd1, 0x0, 0x2e, 0xff, 0x30, 0x0, 0x5f, 0xfd,
    0x12, 0xef, 0xf3, 0x0, 0x0, 0x5, 0xff, 0xde,
    0xff, 0x30, 0x0, 0x0, 0x0, 0x5f, 0xff, 0xf3,
    0x0, 0x0, 0x0, 0x0, 0x5, 0xff, 0x30, 0x0,
    0x0, 0x0, 0x0, 0x0, 0x21, 0x0, 0x0, 0x0,

    /* U+F11C "" */
    0x7, 0xaa, 0xaa, 0xaa, 0xaa, 0xaa, 0xaa, 0xaa,
    0xaa, 0x70, 0xaf, 0xff, 0xff, 0xff, 0xff, 0xff,
    0xff, 0xff, 0xff, 0xf9, 0xfc, 0x0, 0x0, 0x0,
    0x0, 0x0, 0x0, 0x0, 0x0, 0xcf, 0xfb, 0x2,
    0x70, 0x36, 0x5, 0x50, 0x73, 0x7, 0x20, 0xbf,
    0xfb, 0x6, 0xf3, 0x8f, 0xc, 0xc0, 0xf8, 0x3f,
    0x60, 0xbf, 0xfb, 0x0, 0x10, 0x1, 0x1, 0x10,
    0x10, 0x1, 0x0, 0xbf, 0xfb, 0x2, 0x91, 0x49,
    0x7, 0x60, 0x94, 0x19, 0x30, 0xbf, 0xfb, 0x5,
    0xf2, 0x8f, 0xc, 0xb0, 0xf8, 0x2f, 0x50, 0xbf,
    0xfb, 0x0, 0x0, 0x0, 0x0, 0x0, 0x0, 0x0,
    0x0, 0xbf, 0xfb, 0x0, 0x3, 0x99, 0x99, 0x99,
    0x99, 0x30, 0x0, 0xbf, 0xfb, 0x0, 0x6, 0xff,
    0xff, 0xff, 0xff, 0x60, 0x0, 0xbf, 0xfb, 0x0,
    0x0, 0x0, 0x0, 0x0, 0x0, 0x0, 0x0, 0xbf,
    0xcf, 0xbb, 0xbb, 0xbb, 0xbb, 0xbb, 0xbb, 0xbb,
    0xbb, 0xfc, 0x2c, 0xff, 0xff, 0xff, 0xff, 0xff,
    0xff, 0xff, 0xff, 0xc2,

    /* U+F1EC "" */
    0x0, 0x0, 0x0, 0x0, 0x0, 0x0, 0x0, 0x3d,
    0xff, 0xff, 0xff, 0xff, 0xff, 0xc2, 0xdf, 0xff,
    0xff, 0xff, 0xff, 0xff, 0xfb, 0xff, 0xc4, 0x44,
    0x44, 0x44, 0x5d, 0xfe, 0xff, 0x50, 0x0, 0x0,
    0x0, 0x6, 0xfe, 0xff, 0x40, 0x0, 0x0, 0x0,
    0x6, 0xfe, 0xff, 0xb3, 0x33, 0x33, 0x33, 0x4c,
    0xfe, 0xff, 0xff, 0xff, 0xff, 0xff, 0xff, 0xfe,
    0xff, 0x80, 0x9e, 0x12, 0xf7, 0xa, 0xfe, 0xff,
    0x70, 0x8e, 0x1, 0xf6, 0x8, 0xfe, 0xff, 0xfe,
    0xff, 0xff, 0xff, 0xef, 0xfe, 0xff, 0xc5, 0xdf,
    0x78, 0xfb, 0x5d, 0xfe, 0xff, 0x50, 0x6c, 0x0,
    0xf4, 0x6, 0xfe, 0xff, 0xc5, 0xdf, 0x78, 0xfb,
    0x5d, 0xfe, 0xff, 0xfe, 0xdd, 0xdf, 0xff, 0xef,
    0xfe, 0xff, 0x70, 0x0, 0x2, 0xf6, 0x9, 0xfe,
    0xff, 0x80, 0x0, 0x2, 0xf7, 0x9, 0xfe, 0xef,
    0xff, 0xff, 0xff, 0xff, 0xff, 0xfd, 0x6f, 0xff,
    0xff, 0xff, 0xff, 0xff, 0xf5, 0x2, 0x55, 0x55,
    0x55, 0x55, 0x55, 0x20,

    /* U+F2D3 "" */
    0x1a, 0xde, 0xee, 0xee, 0xee, 0xee, 0xed, 0xb2,
    0xc, 0xff, 0xff, 0xff, 0xff, 0xff, 0xff, 0xff,
    0xd0, 0xff, 0xff, 0xff, 0xff, 0xff, 0xff, 0xff,
    0xff, 0xf, 0xff, 0xff, 0xff, 0xff, 0xff, 0xff,
    0xff, 0xf1, 0xff, 0xff, 0xff, 0xff, 0xff, 0xff,
    0xff, 0xff, 0x1f, 0xff, 0xff, 0x27, 0xff, 0x72,
    0xef, 0xff, 0xf1, 0xff, 0xff, 0xf4, 0x6, 0x70,
    0x3f, 0xff, 0xff, 0x1f, 0xff, 0xff, 0xf4, 0x0,
    0x3f, 0xff, 0xff, 0xf1, 0xff, 0xff, 0xff, 0x60,
    0x5, 0xff, 0xff, 0xff, 0x1f, 0xff, 0xff, 0x60,
    0x34, 0x5, 0xff, 0xff, 0xf1, 0xff, 0xff, 0xf0,
    0x4f, 0xf4, 0xe, 0xff, 0xff, 0x1f, 0xff, 0xff,
    0xff, 0xff, 0xff, 0xff, 0xff, 0xf1, 0xff, 0xff,
    0xff, 0xff, 0xff, 0xff, 0xff, 0xff, 0x1f, 0xff,
    0xff, 0xff, 0xff, 0xff, 0xff, 0xff, 0xf1, 0xdf,
    0xff, 0xff, 0xff, 0xff, 0xff, 0xff, 0xfe, 0x3,
    0xdf, 0xff, 0xff, 0xff, 0xff, 0xff, 0xfe, 0x40,
    0x0, 0x1, 0x11, 0x11, 0x11, 0x11, 0x10, 0x0,
    0x0,

    /* U+F2EA "" */
    0x21, 0x0, 0x3, 0x8c, 0xdc, 0xa5, 0x0, 0x0,
    0xf, 0xe2, 0x1b, 0xff, 0xff, 0xff, 0xfd, 0x30,
    0x0, 0xff, 0xee, 0xff, 0xd9, 0x78, 0xbf, 0xff,
    0x50, 0xf, 0xff, 0xff, 0x60, 0x0, 0x0, 0x3d,
    0xff, 0x20, 0xff, 0xff, 0xe2, 0x0, 0x0, 0x0,
    0x1d, 0xfc, 0xf, 0xff, 0xff, 0xe1, 0x0, 0x0,
    0x0, 0x4f, 0xf2, 0xdf, 0xff, 0xff, 0x30, 0x0,
    0x0, 0x0, 0xdf, 0x80, 0x11, 0x11, 0x0, 0x0,
    0x0, 0x0, 0xa, 0xfa, 0x0, 0x0, 0x0, 0x0,
    0x0, 0x0, 0x0, 0x9f, 0xb0, 0x0, 0x0, 0x0,
    0x0, 0x0, 0x0, 0xb, 0xf9, 0x0, 0x0, 0x0,
    0x0, 0x0, 0x0, 0x1, 0xff, 0x50, 0x0, 0x0,
    0x0, 0x0, 0x0, 0x0, 0xaf, 0xe0, 0x0, 0x3f,
    0xb1, 0x0, 0x0, 0x0, 0x8f, 0xf6, 0x0, 0x4,
    0xff, 0xe7, 0x20, 0x15, 0xcf, 0xfa, 0x0, 0x0,
    0x6, 0xff, 0xff, 0xff, 0xff, 0xf9, 0x0, 0x0,
    0x0, 0x2, 0xaf, 0xff, 0xff, 0xb4, 0x0, 0x0,
    0x0, 0x0, 0x0, 0x2, 0x33, 0x0, 0x0, 0x0,
    0x0,

    /* U+F2F9 "" */
    0x0, 0x0, 0x17, 0xbd, 0xdb, 0x71, 0x0, 0x2,
    0x10, 0x0, 0x6f, 0xff, 0xff, 0xff, 0xf8, 0x5,
    0xfa, 0x0, 0x9f, 0xff, 0xa7, 0x7a, 0xef, 0xfc,
    0xff, 0xb0, 0x7f, 0xfa, 0x10, 0x0, 0x0, 0x9f,
    0xff, 0xfb, 0x1f, 0xfa, 0x0, 0x0, 0x0, 0x5,
    0xff, 0xff, 0xb8, 0xfe, 0x0, 0x0, 0x0, 0x4,
    0xff, 0xff, 0xfb, 0xcf, 0x80, 0x0, 0x0, 0x0,
    0x7f, 0xff, 0xff, 0x8e, 0xf5, 0x0, 0x0, 0x0,
    0x0, 0x1, 0x11, 0x0, 0xff, 0x50, 0x0, 0x0,
    0x0, 0x0, 0x0, 0x0, 0xe, 0xf7, 0x0, 0x0,
    0x0, 0x0, 0x0, 0x0, 0x0, 0xaf, 0xc0, 0x0,
    0x0, 0x0, 0x0, 0x0, 0x0, 0x4, 0xff, 0x50,
    0x0, 0x0, 0x0, 0x0, 0x0, 0x0, 0xb, 0xff,
    0x40, 0x0, 0x0, 0x3, 0xed, 0x0, 0x0, 0x1e,
    0xff, 0xa4, 0x11, 0x39, 0xff, 0xf0, 0x0, 0x0,
    0x1d, 0xff, 0xff, 0xff, 0xff, 0xe3, 0x0, 0x0,
    0x0, 0x6, 0xdf, 0xff, 0xfe, 0x70, 0x0, 0x0,
    0x0, 0x0, 0x0, 0x13, 0x32, 0x0, 0x0, 0x0,
    0x0,

    /* U+F4EE "" */
    0x0, 0x0, 0x0, 0x0, 0x0, 0x2, 0x10, 0x0,
    0x0, 0x0, 0x0, 0x0, 0x0, 0x0, 0xf, 0xf9,
    0x10, 0x0, 0x0, 0x0, 0x0, 0x0, 0x0, 0xe,
    0xff, 0xe2, 0x0, 0x0, 0x0, 0x0, 0x0, 0x0,
    0xb, 0xfc, 0xfe, 0x10, 0x0, 0x0, 0x0, 0x0,
    0x0, 0xa, 0xf3, 0x9f, 0xb0, 0x0, 0x0, 0x0,
    0x0, 0x0, 0xc, 0xf2, 0xd, 0xf3, 0x0, 0x0,
    0x0, 0x0, 0x0, 0xf, 0xf0, 0x7, 0xf9, 0x0,
    0x0, 0x0, 0x0, 0x0, 0x7f, 0xa0, 0x1, 0xfd,
    0x0, 0x0, 0x0, 0x0, 0x2, 0xff, 0x20, 0x0,
    0xfe, 0x0, 0x0, 0x0, 0x0, 0x2e, 0xf7, 0x0,
    0x0, 0xfe, 0x3, 0x30, 0x0, 0x28, 0xff, 0x90,
    0x0, 0x2, 0xfd, 0xf, 0xff, 0xde, 0xff, 0xf6,
    0x0, 0x0, 0x6, 0xf9, 0xc, 0xff, 0xff, 0xc8,
    0x10, 0x0, 0x0, 0xe, 0xf3, 0x4, 0xfe, 0x30,
    0x0, 0x0, 0x0, 0x0, 0xaf, 0xb0, 0x0, 0x9f,
    0xe4, 0x0, 0x0, 0x0, 0x1a, 0xfe, 0x10, 0x0,
    0x9, 0xff, 0xb6, 0x32, 0x48, 0xef, 0xd2, 0x0,
    0x0, 0x0, 0x5e, 0xff, 0xff, 0xff, 0xf9, 0x10,
    0x0, 0x0, 0x0, 0x0, 0x48, 0xbb, 0x96, 0x10,
    0x0, 0x0,

    /* U+F522 "" */
    0x0, 0x0, 0x0, 0x0, 0x8, 0x80, 0x0, 0x0,
    0x0, 0x0, 0x0, 0x0, 0x0, 0x0, 0xe, 0xe0,
    0x0, 0x0, 0x0, 0x0, 0x0, 0x1, 0x0, 0x0,
    0xf, 0xf0, 0x0, 0x0, 0x10, 0x0, 0x0, 0x3f,
    0x90, 0x0, 0xb, 0xb0, 0x0, 0x9, 0xf3, 0x0,
    0x0, 0x1e, 0xf8, 0x0, 0x0, 0x0, 0x0, 0x9f,
    0xe1, 0x0, 0x0, 0x2, 0xda, 0x2, 0x8b, 0xb8,
    0x20, 0xbd, 0x20, 0x0, 0x0, 0x0, 0x0, 0x5f,
    0xff, 0xff, 0xf5, 0x0, 0x0, 0x0, 0x0, 0x0,
    0x3, 0xff, 0x82, 0x28, 0xff, 0x30, 0x0, 0x0,
    0x0, 0x0, 0xb, 0xf7, 0x0, 0x0, 0x7f, 0xb0,
    0x0, 0x0, 0xad, 0xd7, 0xf, 0xf0, 0x0, 0x0,
    0xf, 0xe0, 0x7d, 0xda, 0xdf, 0xf9, 0xf, 0xf0,
    0x0, 0x0, 0xf, 0xf0, 0x9f, 0xfd, 0x0, 0x0,
    0xc, 0xf3, 0x0, 0x0, 0x3f, 0xc0, 0x0, 0x0,
    0x0, 0x0, 0x6, 0xfd, 0x30, 0x3, 0xef, 0x60,
    0x0, 0x0, 0x0, 0x0, 0x0, 0xaf, 0xfd, 0xdf,
    0xfa, 0x0, 0x0, 0x0, 0x0, 0x0, 0x86, 0x7,
    0xef, 0xfe, 0x70, 0x68, 0x0, 0x0, 0x0, 0xa,
    0xfb, 0x0, 0x1, 0x10, 0x0, 0xcf, 0xa0, 0x0,
    0x0, 0x4f, 0xd1, 0x0, 0x6, 0x60, 0x0, 0x1d,
    0xf4, 0x0, 0x0, 0x6, 0x10, 0x0, 0xe, 0xe0,
    0x0, 0x1, 0x60, 0x0, 0x0, 0x0, 0x0, 0x0,
    0xf, 0xf0, 0x0, 0x0, 0x0, 0x0, 0x0, 0x0,
    0x0, 0x0, 0xd, 0xd0, 0x0, 0x0, 0x0, 0x0,
    0x0, 0x0, 0x0, 0x0, 0x0, 0x0, 0x0, 0x0,
    0x0, 0x0,

    /* U+F01EA "󰇪" */
    0x0, 0x0, 0x3, 0x0, 0x0, 0x0, 0x0, 0x0,
    0xe, 0x80, 0x0, 0x0, 0x0, 0x0, 0x9f, 0xf3,
    0x0, 0x0, 0x0, 0x4, 0xff, 0xfd, 0x0, 0x0,
    0x0, 0xe, 0xff, 0xff, 0x80, 0x0, 0x0, 0x9f,
    0xff, 0xff, 0xf3, 0x0, 0x4, 0xff, 0xff, 0xff,
    0xfd, 0x0, 0xd, 0xff, 0xff, 0xff, 0xff, 0x80,
    0x5b, 0xbb, 0xbb, 0xbb, 0xbb, 0xb1, 0x0, 0x0,
    0x0, 0x0, 0x0, 0x0, 0xaa, 0xaa, 0xaa, 0xaa,
    0xaa, 0xa6, 0xff, 0xff, 0xff, 0xff, 0xff, 0xfa,
    0x0, 0x0, 0x0, 0x0, 0x0, 0x0,

    /* U+F0311 "󰌑" */
    0x0, 0x0, 0x5, 0x40, 0x0, 0x0, 0x0, 0x0,
    0x0, 0x0, 0x5, 0xfd, 0x0, 0x0, 0x0, 0x0,
    0xeb, 0x0, 0x5, 0xfd, 0x10, 0x0, 0x0, 0x0,
    0xe, 0xb0, 0x5, 0xfd, 0x10, 0x0, 0x0, 0x0,
    0x0, 0xeb, 0x5, 0xff, 0xb9, 0x99, 0x99, 0x99,
    0x99, 0x9f, 0xb0, 0xbf, 0xff, 0xff, 0xff, 0xff,
    0xff, 0xff, 0xfb, 0x0, 0xbf, 0x90, 0x0, 0x0,
    0x0, 0x0, 0x0, 0x0, 0x0, 0xbf, 0x90, 0x0,
    0x0, 0x0, 0x0, 0x0, 0x0, 0x0, 0xbf, 0x90,
    0x0, 0x0, 0x0, 0x0, 0x0, 0x0, 0x0, 0xba,
    0x0, 0x0, 0x0, 0x0, 0x0, 0x0, 0x0, 0x0,
    0x0, 0x0, 0x0, 0x0, 0x0, 0x0,

    /* U+F0312 "󰌒" */
    0x0, 0x0, 0x0, 0x0, 0x6, 0x80, 0x0, 0x1,
    0xf8, 0x0, 0x0, 0x0, 0x0, 0xc, 0xf8, 0x0,
    0x1, 0xf8, 0x0, 0x0, 0x0, 0x0, 0x0, 0xcf,
    0x80, 0x1, 0xf8, 0x0, 0x0, 0x0, 0x0, 0x0,
    0xc, 0xf8, 0x1, 0xf8, 0xbc, 0xcc, 0xcc, 0xcc,
    0xcc, 0xcd, 0xff, 0x81, 0xf8, 0xcd, 0xdd, 0xdd,
    0xdd, 0xdd, 0xde, 0xff, 0x91, 0xf8, 0x0, 0x0,
    0x0, 0x0, 0x0, 0xb, 0xf9, 0x1, 0xf8, 0x0,
    0x0, 0x0, 0x0, 0x0, 0xbf, 0x90, 0x1, 0xf8,
    0x0, 0x0, 0x0, 0x0, 0xb, 0xf9, 0x0, 0x1,
    0xf8, 0x0, 0x0, 0x0, 0x0, 0x7, 0x90, 0x0,
    0x1, 0xf8, 0x0, 0x0, 0x0, 0x0, 0x0, 0x0,
    0x0, 0x0, 0x0,

    /* U+F0379 "󰍹" */
    0x0, 0x0, 0x0, 0x0, 0x0, 0x0, 0x0, 0x0,
    0x0, 0x7, 0xff, 0xff, 0xff, 0xff, 0xff, 0xff,
    0xff, 0xff, 0xe2, 0xfd, 0x99, 0x99, 0x99, 0x99,
    0x99, 0x99, 0x99, 0xaf, 0x8f, 0xa0, 0x0, 0x0,
    0x0, 0x0, 0x0, 0x0, 0x1, 0xf9, 0xfa, 0x0,
    0x0, 0x0, 0x0, 0x0, 0x0, 0x0, 0x1f, 0x9f,
    0xa0, 0x0, 0x0, 0x0, 0x0, 0x0, 0x0, 0x1,
    0xf9, 0xfa, 0x0, 0x0, 0x0, 0x0, 0x0, 0x0,
    0x0, 0x1f, 0x9f, 0xa0, 0x0, 0x0, 0x0, 0x0,
    0x0, 0x0, 0x1, 0xf9, 0xfa, 0x0, 0x0, 0x0,
    0x0, 0x0, 0x0, 0x0, 0x1f, 0x9f, 0xa0, 0x0,
    0x0, 0x0, 0x0, 0x0, 0x0, 0x1, 0xf9, 0xfa,
    0x0, 0x0, 0x0, 0x0, 0x0, 0x0, 0x0, 0x1f,
    0x9f, 0xa0, 0x0, 0x0, 0x0, 0x0, 0x0, 0x0,
    0x1, 0xf9, 0xfe, 0xaa, 0xaa, 0xaa, 0xaa, 0xaa,
    0xaa, 0xaa, 0xaf, 0x87, 0xff, 0xff, 0xff, 0xff,
    0xff, 0xff, 0xff, 0xff, 0xe2, 0x0, 0x0, 0x0,
    0x7, 0xff, 0xe0, 0x0, 0x0, 0x0, 0x0, 0x0,
    0x0, 0x0, 0x7f, 0xfe, 0x0, 0x0, 0x0, 0x0,
    0x0, 0x0, 0x1, 0xff, 0xff, 0xff, 0x80, 0x0,
    0x0, 0x0, 0x0, 0x0, 0x9, 0x99, 0x99, 0x95,
    0x0, 0x0, 0x0,

    /* U+F0387 "󰎇" */
    0x0, 0x0, 0x4, 0x44, 0x44, 0x0, 0x0, 0xf,
    0xff, 0xff, 0x0, 0x0, 0xf, 0xff, 0xff, 0x0,
    0x0, 0xf, 0xff, 0xff, 0x0, 0x0, 0xf, 0xb0,
    0x0, 0x0, 0x0, 0xf, 0xa0, 0x0, 0x0, 0x0,
    0xf, 0xa0, 0x0, 0x0, 0x0, 0xf, 0xa0, 0x0,
    0x0, 0x0, 0xf, 0xa0, 0x0, 0x5, 0xdf, 0xbf,
    0xa0, 0x0, 0x5f, 0xff, 0xff, 0xa0, 0x0, 0xdf,
    0xff, 0xff, 0xa0, 0x0, 0xff, 0xff, 0xff, 0xa0,
    0x0, 0xcf, 0xff, 0xff, 0x60, 0x0, 0x3f, 0xff,
    0xfc, 0x0, 0x0, 0x2, 0x8a, 0x70, 0x0, 0x0,

    /* U+F03E4 "󰏤" */
    0x99, 0x93, 0x0, 0x39, 0x99, 0xff, 0xf4, 0x0,
    0x4f, 0xff, 0xff, 0xf4, 0x0, 0x4f, 0xff, 0xff,
    0xf4, 0x0, 0x4f, 0xff, 0xff, 0xf4, 0x0, 0x4f,
    0xff, 0xff, 0xf4, 0x0, 0x4f, 0xff, 0xff, 0xf4,
    0x0, 0x4f, 0xff, 0xff, 0xf4, 0x0, 0x4f, 0xff,
    0xff, 0xf4, 0x0, 0x4f, 0xff, 0xff, 0xf4, 0x0,
    0x4f, 0xff, 0xff, 0xf4, 0x0, 0x4f, 0xff, 0xff,
    0xf4, 0x0, 0x4f, 0xff, 0x0, 0x0, 0x0, 0x0,
    0x0,

    /* U+F0425 "󰐥" */
    0x0, 0x0, 0x1, 0xf8, 0x0, 0x0, 0x0, 0x0,
    0x0, 0x1, 0xf8, 0x0, 0x0, 0x0, 0x0, 0x85,
    0x1, 0xf8, 0x1, 0xa2, 0x0, 0x8, 0xfb, 0x1,
    0xf8, 0x4, 0xfe, 0x10, 0x3f, 0xb0, 0x1, 0xf8,
    0x0, 0x4f, 0xb0, 0xaf, 0x20, 0x1, 0xf8, 0x0,
    0xa, 0xf2, 0xed, 0x0, 0x1, 0xf8, 0x0, 0x4,
    0xf6, 0xfb, 0x0, 0x1, 0xf8, 0x0, 0x3, 0xf7,
    0xdd, 0x0, 0x0, 0x53, 0x0, 0x4, 0xf6, 0xaf,
    0x20, 0x0, 0x0, 0x0, 0x9, 0xf2, 0x3f, 0xb0,
    0x0, 0x0, 0x0, 0x3f, 0xb0, 0x9, 0xfb, 0x10,
    0x0, 0x5, 0xef, 0x20, 0x0, 0x9f, 0xfb, 0x9a,
    0xdf, 0xe3, 0x0, 0x0, 0x4, 0xbf, 0xff, 0xe8,
    0x10, 0x0, 0x0, 0x0, 0x0, 0x10, 0x0, 0x0,
    0x0,

    /* U+F04AD "󰒭" */
    0x90, 0x0, 0x0, 0x0, 0xaf, 0xfd, 0x30, 0x0,
    0x0, 0xaf, 0xff, 0xf7, 0x0, 0x0, 0xaf, 0xff,
    0xff, 0xc1, 0x0, 0xaf, 0xff, 0xff, 0xff, 0x50,
    0xaf, 0xff, 0xff, 0xff, 0x70, 0xaf, 0xff, 0xff,
    0xd2, 0x0, 0xaf, 0xff, 0xf9, 0x0, 0x0, 0xaf,
    0xfe, 0x40, 0x0, 0x0, 0xaf, 0xb1, 0x0, 0x0,
    0x0, 0xaf, 0x0, 0x0, 0x0, 0x0, 0x0,

    /* U+F04AE "󰒮" */
    0xfa, 0x0, 0x0, 0x0, 0x9, 0xfb, 0x0, 0x0,
    0x3, 0xdf, 0xfb, 0x0, 0x0, 0x7f, 0xff, 0xfb,
    0x0, 0x1c, 0xff, 0xff, 0xfb, 0x5, 0xff, 0xff,
    0xff, 0xfb, 0x7, 0xff, 0xff, 0xff, 0xfb, 0x0,
    0x3d, 0xff, 0xff, 0xfb, 0x0, 0x0, 0x9f, 0xff,
    0xfb, 0x0, 0x0, 0x4, 0xef, 0xfb, 0x0, 0x0,
    0x0, 0x1b, 0x0, 0x0, 0x0, 0x0, 0x0,

    /* U+F04DB "󰓛" */
    0xff, 0xff, 0xff, 0xff, 0xff, 0xff, 0xff, 0xff,
    0xff, 0xff, 0xff, 0xff, 0xff, 0xff, 0xff, 0xff,
    0xff, 0xff, 0xff, 0xff, 0xff, 0xff, 0xff, 0xff,
    0xff, 0xff, 0xff, 0xff, 0xff, 0xff, 0xff, 0xff,
    0xff, 0xff, 0xff, 0xff, 0xff, 0xff, 0xff, 0xff,
    0xff, 0xff, 0xff, 0xff, 0xff, 0xff, 0xff, 0xff,
    0xff, 0xff, 0x0, 0x0, 0x0, 0x0, 0x0,

    /* U+F0634 "󰘴" */
    0x0, 0x0, 0x0, 0x60, 0x0, 0x0, 0x0, 0x0,
    0x0, 0xaf, 0x90, 0x0, 0x0, 0x0, 0x0, 0xaf,
    0xff, 0x90, 0x0, 0x0, 0x0, 0xaf, 0xb1, 0xbf,
    0x90, 0x0, 0x0, 0xaf, 0xb0, 0x0, 0xbf, 0x90,
    0x0, 0xaf, 0xb0, 0x0, 0x0, 0xbf, 0x90, 0xaf,
    0xb0, 0x0, 0x0, 0x0, 0xbf, 0x96, 0xa0, 0x0,
    0x0, 0x0, 0x0, 0xb5, 0x0, 0x0, 0x0, 0x0,
    0x0, 0x0, 0x0,

    /* U+F0635 "󰘵" */
    0xaa, 0xaa, 0xa2, 0x0, 0x8, 0xaa, 0xaa, 0xaf,
    0xff, 0xff, 0xa0, 0x0, 0xdf, 0xff, 0xff, 0x0,
    0x0, 0xcf, 0x20, 0x0, 0x0, 0x0, 0x0, 0x0,
    0x4, 0xfa, 0x0, 0x0, 0x0, 0x0, 0x0, 0x0,
    0xc, 0xf2, 0x0, 0x0, 0x0, 0x0, 0x0, 0x0,
    0x4f, 0x90, 0x0, 0x0, 0x0, 0x0, 0x0, 0x0,
    0xcf, 0x20, 0x0, 0x0, 0x0, 0x0, 0x0, 0x4,
    0xf9, 0x0, 0x0, 0x0, 0x0, 0x0, 0x0, 0xc,
    0xf2, 0x0, 0x0, 0x0, 0x0, 0x0, 0x0, 0x4f,
    0x90, 0x0, 0x0, 0x0, 0x0, 0x0, 0x0, 0xcf,
    0x10, 0x0, 0x0, 0x0, 0x0, 0x0, 0x5, 0xf9,
    0x0, 0x0, 0x0, 0x0, 0x0, 0x0, 0xd, 0xfb,
    0xbb, 0xb0, 0x0, 0x0, 0x0, 0x0, 0x5f, 0xff,
    0xff,

    /* U+F0636 "󰘶" */
    0x0, 0x0, 0x0, 0x0, 0x2, 0x0, 0x0, 0x0,
    0x0, 0x0, 0x0, 0x0, 0x0, 0x9f, 0x40, 0x0,
    0x0, 0x0, 0x0, 0x0, 0x0, 0x9, 0xff, 0xf4,
    0x0, 0x0, 0x0, 0x0, 0x0, 0x0, 0x9f, 0xc4,
    0xef, 0x40, 0x0, 0x0, 0x0, 0x0, 0x9, 0xfb,
    0x0, 0x3e, 0xf4, 0x0, 0x0, 0x0, 0x0, 0x9f,
    0xb0, 0x0, 0x2, 0xef, 0x40, 0x0, 0x0, 0x9,
    0xfb, 0x0, 0x0, 0x0, 0x2e, 0xf4, 0x0, 0x0,
    0x9f, 0xfb, 0x80, 0x0, 0x0, 0xbd, 0xff, 0x40,
    0x8, 0xff, 0xff, 0xc0, 0x0, 0x1, 0xff, 0xff,
    0xe4, 0x0, 0x0, 0xe, 0xc0, 0x0, 0x1, 0xf9,
    0x0, 0x0, 0x0, 0x0, 0xe, 0xc0, 0x0, 0x1,
    0xf9, 0x0, 0x0, 0x0, 0x0, 0xe, 0xc0, 0x0,
    0x1, 0xf9, 0x0, 0x0, 0x0, 0x0, 0xe, 0xeb,
    0xbb, 0xbb, 0xf9, 0x0, 0x0, 0x0, 0x0, 0xe,
    0xff, 0xff, 0xff, 0xf9, 0x0, 0x0,

    /* U+F0B5C "󰭜" */
    0x0, 0x0, 0x0, 0x11, 0x11, 0x11, 0x11, 0x11,
    0x11, 0x0, 0x0, 0x0, 0x5f, 0xff, 0xff, 0xff,
    0xff, 0xff, 0xff, 0xf8, 0x0, 0x2, 0xfd, 0x99,
    0x99, 0x99, 0x99, 0x99, 0x99, 0xdf, 0x0, 0xb,
    0xf3, 0x0, 0x0, 0x0, 0x0, 0x0, 0x0, 0xbf,
    0x0, 0x6f, 0x80, 0x0, 0x81, 0x0, 0x0, 0x81,
    0x0, 0xbf, 0x2, 0xfd, 0x0, 0x3, 0xfe, 0x20,
    0xa, 0xf8, 0x0, 0xbf, 0xc, 0xf2, 0x0, 0x0,
    0x5f, 0xe2, 0xaf, 0xa0, 0x0, 0xbf, 0x7f, 0x70,
    0x0, 0x0, 0x5, 0xff, 0xfa, 0x0, 0x0, 0xbf,
    0xcf, 0x10, 0x0, 0x0, 0x0, 0xcf, 0xf2, 0x0,
    0x0, 0xbf, 0x3f, 0xb0, 0x0, 0x0, 0xa, 0xfb,
    0xfe, 0x20, 0x0, 0xbf, 0x8, 0xf6, 0x0, 0x0,
    0xbf, 0x90, 0x4f, 0xe2, 0x0, 0xbf, 0x0, 0xdf,
    0x20, 0x3, 0xf9, 0x0, 0x4, 0xf7, 0x0, 0xbf,
    0x0, 0x3f, 0xc0, 0x0, 0x20, 0x0, 0x0, 0x20,
    0x0, 0xbf, 0x0, 0x7, 0xf7, 0x0, 0x0, 0x0,
    0x0, 0x0, 0x0, 0xbf, 0x0, 0x0, 0xcf, 0xff,
    0xff, 0xff, 0xff, 0xff, 0xff, 0xfe, 0x0, 0x0,
    0x19, 0xbb, 0xbb, 0xbb, 0xbb, 0xbb, 0xbb, 0xa3,

    /* U+F1050 "󱁐" */
    0x43, 0x0, 0x0, 0x0, 0x0, 0x0, 0x3, 0x4f,
    0xb0, 0x0, 0x0, 0x0, 0x0, 0x0, 0xbf, 0xfb,
    0x0, 0x0, 0x0, 0x0, 0x0, 0xb, 0xff, 0xb0,
    0x0, 0x0, 0x0, 0x0, 0x0, 0xbf, 0xef, 0xff,
    0xff, 0xff, 0xff, 0xff, 0xff, 0xe3, 0xab, 0xbb,
    0xbb, 0xbb, 0xbb, 0xbb, 0xa3
};


/*---------------------
 *  GLYPH DESCRIPTION
 *--------------------*/

static const lv_font_fmt_txt_glyph_dsc_t glyph_dsc[] = {
    {.bitmap_index = 0, .adv_w = 0, .box_w = 0, .box_h = 0, .ofs_x = 0, .ofs_y = 0} /* id = 0 reserved */,
    {.bitmap_index = 0, .adv_w = 160, .box_w = 0, .box_h = 0, .ofs_x = 0, .ofs_y = 0},
    {.bitmap_index = 0, .adv_w = 160, .box_w = 4, .box_h = 15, .ofs_x = 3, .ofs_y = 0},
    {.bitmap_index = 30, .adv_w = 160, .box_w = 6, .box_h = 7, .ofs_x = 2, .ofs_y = 9},
    {.bitmap_index = 51, .adv_w = 160, .box_w = 10, .box_h = 15, .ofs_x = 0, .ofs_y = 0},
    {.bitmap_index = 126, .adv_w = 160, .box_w = 8, .box_h = 20, .ofs_x = 1, .ofs_y = -2},
    {.bitmap_index = 206, .adv_w = 160, .box_w = 10, .box_h = 15, .ofs_x = 0, .ofs_y = 0},
    {.bitmap_index = 281, .adv_w = 160, .box_w = 9, .box_h = 15, .ofs_x = 1, .ofs_y = 0},
    {.bitmap_index = 349, .adv_w = 160, .box_w = 2, .box_h = 7, .ofs_x = 4, .ofs_y = 9},
    {.bitmap_index = 356, .adv_w = 160, .box_w = 7, .box_h = 22, .ofs_x = 2, .ofs_y = -4},
    {.bitmap_index = 433, .adv_w = 160, .box_w = 7, .box_h = 22, .ofs_x = 1, .ofs_y = -4},
    {.bitmap_index = 510, .adv_w = 160, .box_w = 10, .box_h = 9, .ofs_x = 0, .ofs_y = 8},
    {.bitmap_index = 555, .adv_w = 160, .box_w = 8, .box_h = 9, .ofs_x = 1, .ofs_y = 2},
    {.bitmap_index = 591, .adv_w = 160, .box_w = 4, .box_h = 9, .ofs_x = 3, .ofs_y = -5},
    {.bitmap_index = 609, .adv_w = 160, .box_w = 8, .box_h = 3, .ofs_x = 1, .ofs_y = 6},
    {.bitmap_index = 621, .adv_w = 160, .box_w = 4, .box_h = 4, .ofs_x = 3, .ofs_y = 0},
    {.bitmap_index = 629, .adv_w = 160, .box_w = 8, .box_h = 20, .ofs_x = 1, .ofs_y = -3},
    {.bitmap_index = 709, .adv_w = 160, .box_w = 8, .box_h = 15, .ofs_x = 1, .ofs_y = 0},
    {.bitmap_index = 769, .adv_w = 160, .box_w = 6, .box_h = 15, .ofs_x = 1, .ofs_y = 0},
    {.bitmap_index = 814, .adv_w = 160, .box_w = 8, .box_h = 15, .ofs_x = 1, .ofs_y = 0},
    {.bitmap_index = 874, .adv_w = 160, .box_w = 9, .box_h = 15, .ofs_x = 1, .ofs_y = 0},
    {.bitmap_index = 942, .adv_w = 160, .box_w = 8, .box_h = 15, .ofs_x = 1, .ofs_y = 0},
    {.bitmap_index = 1002, .adv_w = 160, .box_w = 8, .box_h = 15, .ofs_x = 1, .ofs_y = 0},
    {.bitmap_index = 1062, .adv_w = 160, .box_w = 8, .box_h = 15, .ofs_x = 1, .ofs_y = 0},
    {.bitmap_index = 1122, .adv_w = 160, .box_w = 8, .box_h = 15, .ofs_x = 1, .ofs_y = 0},
    {.bitmap_index = 1182, .adv_w = 160, .box_w = 8, .box_h = 15, .ofs_x = 1, .ofs_y = 0},
    {.bitmap_index = 1242, .adv_w = 160, .box_w = 8, .box_h = 15, .ofs_x = 1, .ofs_y = 0},
    {.bitmap_index = 1302, .adv_w = 160, .box_w = 4, .box_h = 11, .ofs_x = 3, .ofs_y = 0},
    {.bitmap_index = 1324, .adv_w = 160, .box_w = 4, .box_h = 16, .ofs_x = 3, .ofs_y = -5},
    {.bitmap_index = 1356, .adv_w = 160, .box_w = 9, .box_h = 12, .ofs_x = 1, .ofs_y = 1},
    {.bitmap_index = 1410, .adv_w = 160, .box_w = 8, .box_h = 7, .ofs_x = 1, .ofs_y = 4},
    {.bitmap_index = 1438, .adv_w = 160, .box_w = 9, .box_h = 12, .ofs_x = 0, .ofs_y = 1},
    {.bitmap_index = 1492, .adv_w = 160, .box_w = 8, .box_h = 15, .ofs_x = 1, .ofs_y = 0},
    {.bitmap_index = 1552, .adv_w = 160, .box_w = 8, .box_h = 18, .ofs_x = 1, .ofs_y = -3},
    {.bitmap_index = 1624, .adv_w = 160, .box_w = 10, .box_h = 15, .ofs_x = 0, .ofs_y = 0},
    {.bitmap_index = 1699, .adv_w = 160, .box_w = 9, .box_h = 15, .ofs_x = 1, .ofs_y = 0},
    {.bitmap_index = 1767, .adv_w = 160, .box_w = 8, .box_h = 15, .ofs_x = 1, .ofs_y = 0},
    {.bitmap_index = 1827, .adv_w = 160, .box_w = 8, .box_h = 15, .ofs_x = 1, .ofs_y = 0},
    {.bitmap_index = 1887, .adv_w = 160, .box_w = 8, .box_h = 15, .ofs_x = 1, .ofs_y = 0},
    {.bitmap_index = 1947, .adv_w = 160, .box_w = 8, .box_h = 15, .ofs_x = 1, .ofs_y = 0},
    {.bitmap_index = 2007, .adv_w = 160, .box_w = 8, .box_h = 15, .ofs_x = 1, .ofs_y = 0},
    {.bitmap_index = 2067, .adv_w = 160, .box_w = 8, .box_h = 15, .ofs_x = 1, .ofs_y = 0},
    {.bitmap_index = 2127, .adv_w = 160, .box_w = 8, .box_h = 15, .ofs_x = 1, .ofs_y = 0},
    {.bitmap_index = 2187, .adv_w = 160, .box_w = 9, .box_h = 15, .ofs_x = 0, .ofs_y = 0},
    {.bitmap_index = 2255, .adv_w = 160, .box_w = 8, .box_h = 15, .ofs_x = 1, .ofs_y = 0},
    {.bitmap_index = 2315, .adv_w = 160, .box_w = 8, .box_h = 15, .ofs_x = 1, .ofs_y = 0},
    {.bitmap_index = 2375, .adv_w = 160, .box_w = 8, .box_h = 15, .ofs_x = 1, .ofs_y = 0},
    {.bitmap_index = 2435, .adv_w = 160, .box_w = 8, .box_h = 15, .ofs_x = 1, .ofs_y = 0},
    {.bitmap_index = 2495, .adv_w = 160, .box_w = 8, .box_h = 15, .ofs_x = 1, .ofs_y = 0},
    {.bitmap_index = 2555, .adv_w = 160, .box_w = 9, .box_h = 15, .ofs_x = 1, .ofs_y = 0},
    {.bitmap_index = 2623, .adv_w = 160, .box_w = 8, .box_h = 20, .ofs_x = 1, .ofs_y = -5},
    {.bitmap_index = 2703, .adv_w = 160, .box_w = 9, .box_h = 15, .ofs_x = 1, .ofs_y = 0},
    {.bitmap_index = 2771, .adv_w = 160, .box_w = 8, .box_h = 15, .ofs_x = 1, .ofs_y = 0},
    {.bitmap_index = 2831, .adv_w = 160, .box_w = 8, .box_h = 15, .ofs_x = 1, .ofs_y = 0},
    {.bitmap_index = 2891, .adv_w = 160, .box_w = 8, .box_h = 15, .ofs_x = 1, .ofs_y = 0},
    {.bitmap_index = 2951, .adv_w = 160, .box_w = 10, .box_h = 15, .ofs_x = 0, .ofs_y = 0},
    {.bitmap_index = 3026, .adv_w = 160, .box_w = 10, .box_h = 15, .ofs_x = 0, .ofs_y = 0},
    {.bitmap_index = 3101, .adv_w = 160, .box_w = 10, .box_h = 15, .ofs_x = 0, .ofs_y = 0},
    {.bitmap_index = 3176, .adv_w = 160, .box_w = 10, .box_h = 15, .ofs_x = 0, .ofs_y = 0},
    {.bitmap_index = 3251, .adv_w = 160, .box_w = 8, .box_h = 15, .ofs_x = 1, .ofs_y = 0},
    {.bitmap_index = 3311, .adv_w = 160, .box_w = 6, .box_h = 22, .ofs_x = 2, .ofs_y = -4},
    {.bitmap_index = 3377, .adv_w = 160, .box_w = 8, .box_h = 20, .ofs_x = 1, .ofs_y = -3},
    {.bitmap_index = 3457, .adv_w = 160, .box_w = 6, .box_h = 22, .ofs_x = 2, .ofs_y = -4},
    {.bitmap_index = 3523, .adv_w = 160, .box_w = 10, .box_h = 6, .ofs_x = 0, .ofs_y = 9},
    {.bitmap_index = 3553, .adv_w = 160, .box_w = 8, .box_h = 3, .ofs_x = 1, .ofs_y = -2},
    {.bitmap_index = 3565, .adv_w = 160, .box_w = 6, .box_h = 6, .ofs_x = 1, .ofs_y = 11},
    {.bitmap_index = 3583, .adv_w = 160, .box_w = 8, .box_h = 11, .ofs_x = 1, .ofs_y = 0},
    {.bitmap_index = 3627, .adv_w = 160, .box_w = 8, .box_h = 15, .ofs_x = 1, .ofs_y = 0},
    {.bitmap_index = 3687, .adv_w = 160, .box_w = 8, .box_h = 11, .ofs_x = 1, .ofs_y = 0},
    {.bitmap_index = 3731, .adv_w = 160, .box_w = 8, .box_h = 15, .ofs_x = 1, .ofs_y = 0},
    {.bitmap_index = 3791, .adv_w = 160, .box_w = 8, .box_h = 11, .ofs_x = 1, .ofs_y = 0},
    {.bitmap_index = 3835, .adv_w = 160, .box_w = 9, .box_h = 15, .ofs_x = 1, .ofs_y = 0},
    {.bitmap_index = 3903, .adv_w = 160, .box_w = 8, .box_h = 15, .ofs_x = 1, .ofs_y = -4},
    {.bitmap_index = 3963, .adv_w = 160, .box_w = 8, .box_h = 15, .ofs_x = 1, .ofs_y = 0},
    {.bitmap_index = 4023, .adv_w = 160, .box_w = 8, .box_h = 15, .ofs_x = 1, .ofs_y = 0},
    {.bitmap_index = 4083, .adv_w = 160, .box_w = 8, .box_h = 19, .ofs_x = 0, .ofs_y = -4},
    {.bitmap_index = 4159, .adv_w = 160, .box_w = 8, .box_h = 15, .ofs_x = 1, .ofs_y = 0},
    {.bitmap_index = 4219, .adv_w = 160, .box_w = 8, .box_h = 15, .ofs_x = 1, .ofs_y = 0},
    {.bitmap_index = 4279, .adv_w = 160, .box_w = 8, .box_h = 11, .ofs_x = 1, .ofs_y = 0},
    {.bitmap_index = 4323, .adv_w = 160, .box_w = 8, .box_h = 11, .ofs_x = 1, .ofs_y = 0},
    {.bitmap_index = 4367, .adv_w = 160, .box_w = 8, .box_h = 11, .ofs_x = 1, .ofs_y = 0},
    {.bitmap_index = 4411, .adv_w = 160, .box_w = 8, .box_h = 15, .ofs_x = 1, .ofs_y = -4},
    {.bitmap_index = 4471, .adv_w = 160, .box_w = 8, .box_h = 15, .ofs_x = 1, .ofs_y = -4},
    {.bitmap_index = 4531, .adv_w = 160, .box_w = 8, .box_h = 11, .ofs_x = 2, .ofs_y = 0},
    {.bitmap_index = 4575, .adv_w = 160, .box_w = 8, .box_h = 11, .ofs_x = 1, .ofs_y = 0},
    {.bitmap_index = 4619, .adv_w = 160, .box_w = 9, .box_h = 15, .ofs_x = 1, .ofs_y = 0},
    {.bitmap_index = 4687, .adv_w = 160, .box_w = 8, .box_h = 11, .ofs_x = 1, .ofs_y = 0},
    {.bitmap_index = 4731, .adv_w = 160, .box_w = 10, .box_h = 11, .ofs_x = 0, .ofs_y = 0},
    {.bitmap_index = 4786, .adv_w = 160, .box_w = 10, .box_h = 11, .ofs_x = 0, .ofs_y = 0},
    {.bitmap_index = 4841, .adv_w = 160, .box_w = 8, .box_h = 11, .ofs_x = 1, .ofs_y = 0},
    {.bitmap_index = 4885, .adv_w = 160, .box_w = 8, .box_h = 15, .ofs_x = 1, .ofs_y = -4},
    {.bitmap_index = 4945, .adv_w = 160, .box_w = 8, .box_h = 11, .ofs_x = 1, .ofs_y = 0},
    {.bitmap_index = 4989, .adv_w = 160, .box_w = 7, .box_h = 22, .ofs_x = 1, .ofs_y = -4},
    {.bitmap_index = 5066, .adv_w = 160, .box_w = 2, .box_h = 20, .ofs_x = 4, .ofs_y = -3},
    {.bitmap_index = 5086, .adv_w = 160, .box_w = 7, .box_h = 22, .ofs_x = 2, .ofs_y = -4},
    {.bitmap_index = 5163, .adv_w = 160, .box_w = 10, .box_h = 5, .ofs_x = 0, .ofs_y = 4},
    {.bitmap_index = 5188, .adv_w = 160, .box_w = 6, .box_h = 6, .ofs_x = 2, .ofs_y = 11},
    {.bitmap_index = 5206, .adv_w = 160, .box_w = 10, .box_h = 10, .ofs_x = 0, .ofs_y = 2},
    {.bitmap_index = 5256, .adv_w = 160, .box_w = 8, .box_h = 11, .ofs_x = 1, .ofs_y = 2},
    {.bitmap_index = 5300, .adv_w = 160, .box_w = 10, .box_h = 15, .ofs_x = 0, .ofs_y = 0},
    {.bitmap_index = 5375, .adv_w = 160, .box_w = 8, .box_h = 15, .ofs_x = 1, .ofs_y = 0},
    {.bitmap_index = 5435, .adv_w = 160, .box_w = 9, .box_h = 15, .ofs_x = 1, .ofs_y = 0},
    {.bitmap_index = 5503, .adv_w = 160, .box_w = 8, .box_h = 15, .ofs_x = 1, .ofs_y = 0},
    {.bitmap_index = 5563, .adv_w = 160, .box_w = 10, .box_h = 19, .ofs_x = 0, .ofs_y = -4},
    {.bitmap_index = 5658, .adv_w = 160, .box_w = 8, .box_h = 15, .ofs_x = 1, .ofs_y = 0},
    {.bitmap_index = 5718, .adv_w = 160, .box_w = 10, .box_h = 15, .ofs_x = 0, .ofs_y = 0},
    {.bitmap_index = 5793, .adv_w = 160, .box_w = 9, .box_h = 15, .ofs_x = 1, .ofs_y = 0},
    {.bitmap_index = 5861, .adv_w = 160, .box_w = 8, .box_h = 15, .ofs_x = 1, .ofs_y = 0},
    {.bitmap_index = 5921, .adv_w = 160, .box_w = 8, .box_h = 20, .ofs_x = 1, .ofs_y = 0},
    {.bitmap_index = 6001, .adv_w = 160, .box_w = 8, .box_h = 15, .ofs_x = 1, .ofs_y = 0},
    {.bitmap_index = 6061, .adv_w = 160, .box_w = 9, .box_h = 15, .ofs_x = 0, .ofs_y = 0},
    {.bitmap_index = 6129, .adv_w = 160, .box_w = 8, .box_h = 15, .ofs_x = 1, .ofs_y = 0},
    {.bitmap_index = 6189, .adv_w = 160, .box_w = 8, .box_h = 15, .ofs_x = 1, .ofs_y = 0},
    {.bitmap_index = 6249, .adv_w = 160, .box_w = 8, .box_h = 15, .ofs_x = 1, .ofs_y = 0},
    {.bitmap_index = 6309, .adv_w = 160, .box_w = 8, .box_h = 15, .ofs_x = 1, .ofs_y = 0},
    {.bitmap_index = 6369, .adv_w = 160, .box_w = 9, .box_h = 15, .ofs_x = 1, .ofs_y = 0},
    {.bitmap_index = 6437, .adv_w = 160, .box_w = 8, .box_h = 15, .ofs_x = 1, .ofs_y = 0},
    {.bitmap_index = 6497, .adv_w = 160, .box_w = 8, .box_h = 15, .ofs_x = 1, .ofs_y = 0},
    {.bitmap_index = 6557, .adv_w = 160, .box_w = 8, .box_h = 15, .ofs_x = 1, .ofs_y = 0},
    {.bitmap_index = 6617, .adv_w = 160, .box_w = 10, .box_h = 15, .ofs_x = 0, .ofs_y = 0},
    {.bitmap_index = 6692, .adv_w = 160, .box_w = 10, .box_h = 15, .ofs_x = 0, .ofs_y = 0},
    {.bitmap_index = 6767, .adv_w = 160, .box_w = 9, .box_h = 19, .ofs_x = 1, .ofs_y = -4},
    {.bitmap_index = 6853, .adv_w = 160, .box_w = 8, .box_h = 15, .ofs_x = 1, .ofs_y = 0},
    {.bitmap_index = 6913, .adv_w = 160, .box_w = 8, .box_h = 15, .ofs_x = 1, .ofs_y = 0},
    {.bitmap_index = 6973, .adv_w = 160, .box_w = 9, .box_h = 19, .ofs_x = 1, .ofs_y = -4},
    {.bitmap_index = 7059, .adv_w = 160, .box_w = 9, .box_h = 15, .ofs_x = 0, .ofs_y = 0},
    {.bitmap_index = 7127, .adv_w = 160, .box_w = 8, .box_h = 15, .ofs_x = 1, .ofs_y = 0},
    {.bitmap_index = 7187, .adv_w = 160, .box_w = 8, .box_h = 15, .ofs_x = 1, .ofs_y = 0},
    {.bitmap_index = 7247, .adv_w = 160, .box_w = 8, .box_h = 15, .ofs_x = 1, .ofs_y = 0},
    {.bitmap_index = 7307, .adv_w = 160, .box_w = 8, .box_h = 15, .ofs_x = 1, .ofs_y = 0},
    {.bitmap_index = 7367, .adv_w = 160, .box_w = 9, .box_h = 15, .ofs_x = 0, .ofs_y = 0},
    {.bitmap_index = 7435, .adv_w = 160, .box_w = 8, .box_h = 11, .ofs_x = 1, .ofs_y = 0},
    {.bitmap_index = 7479, .adv_w = 160, .box_w = 8, .box_h = 16, .ofs_x = 1, .ofs_y = 0},
    {.bitmap_index = 7543, .adv_w = 160, .box_w = 9, .box_h = 11, .ofs_x = 1, .ofs_y = 0},
    {.bitmap_index = 7593, .adv_w = 160, .box_w = 8, .box_h = 11, .ofs_x = 1, .ofs_y = 0},
    {.bitmap_index = 7637, .adv_w = 160, .box_w = 10, .box_h = 15, .ofs_x = 0, .ofs_y = -4},
    {.bitmap_index = 7712, .adv_w = 160, .box_w = 8, .box_h = 11, .ofs_x = 1, .ofs_y = 0},
    {.bitmap_index = 7756, .adv_w = 160, .box_w = 10, .box_h = 11, .ofs_x = 0, .ofs_y = 0},
    {.bitmap_index = 7811, .adv_w = 160, .box_w = 9, .box_h = 11, .ofs_x = 1, .ofs_y = 0},
    {.bitmap_index = 7861, .adv_w = 160, .box_w = 8, .box_h = 11, .ofs_x = 1, .ofs_y = 0},
    {.bitmap_index = 7905, .adv_w = 160, .box_w = 8, .box_h = 15, .ofs_x = 1, .ofs_y = 0},
    {.bitmap_index = 7965, .adv_w = 160, .box_w = 8, .box_h = 11, .ofs_x = 1, .ofs_y = 0},
    {.bitmap_index = 8009, .adv_w = 160, .box_w = 9, .box_h = 11, .ofs_x = 0, .ofs_y = 0},
    {.bitmap_index = 8059, .adv_w = 160, .box_w = 8, .box_h = 11, .ofs_x = 1, .ofs_y = 0},
    {.bitmap_index = 8103, .adv_w = 160, .box_w = 8, .box_h = 11, .ofs_x = 1, .ofs_y = 0},
    {.bitmap_index = 8147, .adv_w = 160, .box_w = 8, .box_h = 11, .ofs_x = 1, .ofs_y = 0},
    {.bitmap_index = 8191, .adv_w = 160, .box_w = 8, .box_h = 11, .ofs_x = 1, .ofs_y = 0},
    {.bitmap_index = 8235, .adv_w = 160, .box_w = 8, .box_h = 15, .ofs_x = 1, .ofs_y = -4},
    {.bitmap_index = 8295, .adv_w = 160, .box_w = 8, .box_h = 11, .ofs_x = 1, .ofs_y = 0},
    {.bitmap_index = 8339, .adv_w = 160, .box_w = 8, .box_h = 11, .ofs_x = 1, .ofs_y = 0},
    {.bitmap_index = 8383, .adv_w = 160, .box_w = 8, .box_h = 15, .ofs_x = 1, .ofs_y = -4},
    {.bitmap_index = 8443, .adv_w = 160, .box_w = 10, .box_h = 19, .ofs_x = 0, .ofs_y = -4},
    {.bitmap_index = 8538, .adv_w = 160, .box_w = 8, .box_h = 11, .ofs_x = 1, .ofs_y = 0},
    {.bitmap_index = 8582, .adv_w = 160, .box_w = 9, .box_h = 15, .ofs_x = 1, .ofs_y = -4},
    {.bitmap_index = 8650, .adv_w = 160, .box_w = 8, .box_h = 11, .ofs_x = 1, .ofs_y = 0},
    {.bitmap_index = 8694, .adv_w = 160, .box_w = 8, .box_h = 11, .ofs_x = 1, .ofs_y = 0},
    {.bitmap_index = 8738, .adv_w = 160, .box_w = 9, .box_h = 15, .ofs_x = 1, .ofs_y = -4},
    {.bitmap_index = 8806, .adv_w = 160, .box_w = 9, .box_h = 11, .ofs_x = 0, .ofs_y = 0},
    {.bitmap_index = 8856, .adv_w = 160, .box_w = 8, .box_h = 11, .ofs_x = 1, .ofs_y = 0},
    {.bitmap_index = 8900, .adv_w = 160, .box_w = 8, .box_h = 11, .ofs_x = 1, .ofs_y = 0},
    {.bitmap_index = 8944, .adv_w = 160, .box_w = 8, .box_h = 11, .ofs_x = 1, .ofs_y = 0},
    {.bitmap_index = 8988, .adv_w = 160, .box_w = 8, .box_h = 11, .ofs_x = 1, .ofs_y = 0},
    {.bitmap_index = 9032, .adv_w = 160, .box_w = 9, .box_h = 11, .ofs_x = 0, .ofs_y = 0},
    {.bitmap_index = 9082, .adv_w = 160, .box_w = 8, .box_h = 15, .ofs_x = 1, .ofs_y = 0},
    {.bitmap_index = 9142, .adv_w = 160, .box_w = 8, .box_h = 7, .ofs_x = 1, .ofs_y = 4},
    {.bitmap_index = 9170, .adv_w = 160, .box_w = 8, .box_h = 2, .ofs_x = 1, .ofs_y = 6},
    {.bitmap_index = 9178, .adv_w = 304, .box_w = 19, .box_h = 16, .ofs_x = 0, .ofs_y = -1},
    {.bitmap_index = 9330, .adv_w = 279, .box_w = 18, .box_h = 18, .ofs_x = 0, .ofs_y = -2},
    {.bitmap_index = 9492, .adv_w = 249, .box_w = 16, .box_h = 16, .ofs_x = 0, .ofs_y = -1},
    {.bitmap_index = 9620, .adv_w = 202, .box_w = 13, .box_h = 16, .ofs_x = 0, .ofs_y = -1},
    {.bitmap_index = 9724, .adv_w = 300, .box_w = 20, .box_h = 21, .ofs_x = 0, .ofs_y = -4},
    {.bitmap_index = 9934, .adv_w = 276, .box_w = 19, .box_h = 19, .ofs_x = -1, .ofs_y = -3},
    {.bitmap_index = 10115, .adv_w = 320, .box_w = 15, .box_h = 16, .ofs_x = 3, .ofs_y = -1},
    {.bitmap_index = 10235, .adv_w = 320, .box_w = 16, .box_h = 15, .ofs_x = 2, .ofs_y = -1},
    {.bitmap_index = 10355, .adv_w = 320, .box_w = 16, .box_h = 15, .ofs_x = 2, .ofs_y = -1},
    {.bitmap_index = 10475, .adv_w = 320, .box_w = 15, .box_h = 16, .ofs_x = 3, .ofs_y = -1},
    {.bitmap_index = 10595, .adv_w = 260, .box_w = 17, .box_h = 17, .ofs_x = 0, .ofs_y = -2},
    {.bitmap_index = 10740, .adv_w = 280, .box_w = 18, .box_h = 16, .ofs_x = 0, .ofs_y = -1},
    {.bitmap_index = 10884, .adv_w = 269, .box_w = 18, .box_h = 17, .ofs_x = -1, .ofs_y = -2},
    {.bitmap_index = 11037, .adv_w = 280, .box_w = 18, .box_h = 14, .ofs_x = 0, .ofs_y = 0},
    {.bitmap_index = 11163, .adv_w = 320, .box_w = 20, .box_h = 17, .ofs_x = 0, .ofs_y = -2},
    {.bitmap_index = 11333, .adv_w = 221, .box_w = 14, .box_h = 20, .ofs_x = 0, .ofs_y = -3},
    {.bitmap_index = 11473, .adv_w = 277, .box_w = 18, .box_h = 18, .ofs_x = 0, .ofs_y = -2},
    {.bitmap_index = 11635, .adv_w = 224, .box_w = 14, .box_h = 16, .ofs_x = 0, .ofs_y = -1},
    {.bitmap_index = 11747, .adv_w = 320, .box_w = 20, .box_h = 15, .ofs_x = 0, .ofs_y = -1},
    {.bitmap_index = 11897, .adv_w = 295, .box_w = 19, .box_h = 17, .ofs_x = 0, .ofs_y = -2},
    {.bitmap_index = 12059, .adv_w = 295, .box_w = 19, .box_h = 20, .ofs_x = 0, .ofs_y = -3},
    {.bitmap_index = 12249, .adv_w = 291, .box_w = 19, .box_h = 20, .ofs_x = 0, .ofs_y = -3},
    {.bitmap_index = 12439, .adv_w = 259, .box_w = 17, .box_h = 20, .ofs_x = 0, .ofs_y = -3},
    {.bitmap_index = 12609, .adv_w = 295, .box_w = 19, .box_h = 20, .ofs_x = 0, .ofs_y = -3},
    {.bitmap_index = 12799, .adv_w = 240, .box_w = 15, .box_h = 15, .ofs_x = 0, .ofs_y = -1},
    {.bitmap_index = 12912, .adv_w = 240, .box_w = 15, .box_h = 15, .ofs_x = 0, .ofs_y = -1},
    {.bitmap_index = 13025, .adv_w = 222, .box_w = 14, .box_h = 16, .ofs_x = 0, .ofs_y = -1},
    {.bitmap_index = 13137, .adv_w = 222, .box_w = 14, .box_h = 16, .ofs_x = 0, .ofs_y = -2},
    {.bitmap_index = 13249, .adv_w = 320, .box_w = 20, .box_h = 14, .ofs_x = 0, .ofs_y = 0},
    {.bitmap_index = 13389, .adv_w = 221, .box_w = 14, .box_h = 20, .ofs_x = 0, .ofs_y = -3},
    {.bitmap_index = 13529, .adv_w = 259, .box_w = 17, .box_h = 17, .ofs_x = 0, .ofs_y = -2},
    {.bitmap_index = 13674, .adv_w = 268, .box_w = 17, .box_h = 17, .ofs_x = 0, .ofs_y = -2},
    {.bitmap_index = 13819, .adv_w = 268, .box_w = 17, .box_h = 17, .ofs_x = 0, .ofs_y = -2},
    {.bitmap_index = 13964, .adv_w = 273, .box_w = 18, .box_h = 18, .ofs_x = -1, .ofs_y = -2},
    {.bitmap_index = 14126, .adv_w = 320, .box_w = 20, .box_h = 21, .ofs_x = 0, .ofs_y = -4},
    {.bitmap_index = 14336, .adv_w = 186, .box_w = 12, .box_h = 13, .ofs_x = 0, .ofs_y = 0},
    {.bitmap_index = 14414, .adv_w = 253, .box_w = 17, .box_h = 11, .ofs_x = -1, .ofs_y = 1},
    {.bitmap_index = 14508, .adv_w = 280, .box_w = 18, .box_h = 11, .ofs_x = 0, .ofs_y = 1},
    {.bitmap_index = 14607, .adv_w = 294, .box_w = 19, .box_h = 18, .ofs_x = 0, .ofs_y = -2},
    {.bitmap_index = 14778, .adv_w = 160, .box_w = 10, .box_h = 16, .ofs_x = 0, .ofs_y = -1},
    {.bitmap_index = 14858, .adv_w = 160, .box_w = 10, .box_h = 13, .ofs_x = 0, .ofs_y = 0},
    {.bitmap_index = 14923, .adv_w = 214, .box_w = 14, .box_h = 15, .ofs_x = 0, .ofs_y = -1},
    {.bitmap_index = 15028, .adv_w = 160, .box_w = 10, .box_h = 11, .ofs_x = 0, .ofs_y = 1},
    {.bitmap_index = 15083, .adv_w = 160, .box_w = 10, .box_h = 11, .ofs_x = 0, .ofs_y = 1},
    {.bitmap_index = 15138, .adv_w = 160, .box_w = 10, .box_h = 11, .ofs_x = 0, .ofs_y = 1},
    {.bitmap_index = 15193, .adv_w = 207, .box_w = 13, .box_h = 9, .ofs_x = 0, .ofs_y = 2},
    {.bitmap_index = 15252, .adv_w = 240, .box_w = 15, .box_h = 14, .ofs_x = 0, .ofs_y = 0},
    {.bitmap_index = 15357, .adv_w = 266, .box_w = 18, .box_h = 14, .ofs_x = -1, .ofs_y = 0},
    {.bitmap_index = 15483, .adv_w = 320, .box_w = 20, .box_h = 16, .ofs_x = 0, .ofs_y = -1},
    {.bitmap_index = 15643, .adv_w = 240, .box_w = 15, .box_h = 6, .ofs_x = 0, .ofs_y = 4}
};

/*---------------------
 *  CHARACTER MAPPING
 *--------------------*/

static const uint16_t unicode_list_1[] = {
    0x0, 0x27, 0x47
};

static const uint16_t unicode_list_3[] = {
    0x0, 0x1bd1, 0x1dc1, 0xde06, 0xe23f, 0xe2be, 0xe2c0, 0xe61c,
    0xe623, 0xe649, 0xe64a, 0xe64b, 0xe650, 0xe6b0, 0xe6b4, 0xe6b5,
    0xe6cb, 0xea97, 0xeb69, 0xebd0, 0xebd6, 0xebd7, 0xebed, 0xec07,
    0xec73, 0xec74, 0xec99, 0xecaf, 0xecb0, 0xecb1, 0xecb2, 0xeccb,
    0xed9b, 0xee82, 0xee99, 0xeea8, 0xf09d, 0xf0d1
};

static const uint16_t unicode_list_4[] = {
    0x0, 0x127, 0x128, 0x18f, 0x19d, 0x1fa, 0x23b, 0x2c3,
    0x2c4, 0x2f1, 0x44a, 0x44b, 0x44c, 0x972, 0xe66
};

/*Collect the unicode lists and glyph_id offsets*/
static const lv_font_fmt_txt_cmap_t cmaps[] =
{
    {
        .range_start = 32, .range_length = 95, .glyph_id_start = 1,
        .unicode_list = NULL, .glyph_id_ofs_list = NULL, .list_length = 0, .type = LV_FONT_FMT_TXT_CMAP_FORMAT0_TINY
    },
    {
        .range_start = 176, .range_length = 72, .glyph_id_start = 96,
        .unicode_list = unicode_list_1, .glyph_id_ofs_list = NULL, .list_length = 3, .type = LV_FONT_FMT_TXT_CMAP_SPARSE_TINY
    },
    {
        .range_start = 1040, .range_length = 64, .glyph_id_start = 99,
        .unicode_list = NULL, .glyph_id_ofs_list = NULL, .list_length = 0, .type = LV_FONT_FMT_TXT_CMAP_FORMAT0_TINY
    },
    {
        .range_start = 1105, .range_length = 61650, .glyph_id_start = 163,
        .unicode_list = unicode_list_3, .glyph_id_ofs_list = NULL, .list_length = 38, .type = LV_FONT_FMT_TXT_CMAP_SPARSE_TINY
    },
    {
        .range_start = 983530, .range_length = 3687, .glyph_id_start = 201,
        .unicode_list = unicode_list_4, .glyph_id_ofs_list = NULL, .list_length = 15, .type = LV_FONT_FMT_TXT_CMAP_SPARSE_TINY
    }
};



/*--------------------
 *  ALL CUSTOM DATA
 *--------------------*/

#if LVGL_VERSION_MAJOR == 8
/*Store all the custom data of the font*/
static  lv_font_fmt_txt_glyph_cache_t cache;
#endif

#if LVGL_VERSION_MAJOR >= 8
static const lv_font_fmt_txt_dsc_t font_dsc = {
#else
static lv_font_fmt_txt_dsc_t font_dsc = {
#endif
    .glyph_bitmap = glyph_bitmap,
    .glyph_dsc = glyph_dsc,
    .cmaps = cmaps,
    .kern_dsc = NULL,
    .kern_scale = 0,
    .cmap_num = 5,
    .bpp = 4,
    .kern_classes = 0,
    .bitmap_format = 0,
#if LVGL_VERSION_MAJOR == 8
    .cache = &cache
#endif

};



/*-----------------
 *  PUBLIC FONT
 *----------------*/

/*Initialize a public general font descriptor*/
#if LVGL_VERSION_MAJOR >= 8
const lv_font_t ergohaven_symbols_20 = {
#else
lv_font_t ergohaven_symbols_20 = {
#endif
    .get_glyph_dsc = lv_font_get_glyph_dsc_fmt_txt,    /*Function pointer to get glyph's data*/
    .get_glyph_bitmap = lv_font_get_bitmap_fmt_txt,    /*Function pointer to get glyph's bitmap*/
    .line_height = 25,          /*The maximum line height required by the font*/
    .base_line = 5,             /*Baseline measured from the bottom of the line*/
#if !(LVGL_VERSION_MAJOR == 6 && LVGL_VERSION_MINOR == 0)
    .subpx = LV_FONT_SUBPX_NONE,
#endif
#if LV_VERSION_CHECK(7, 4, 0) || LVGL_VERSION_MAJOR >= 8
    .underline_position = -1,
    .underline_thickness = 1,
#endif
    .dsc = &font_dsc,          /*The custom font data. Will be accessed by `get_glyph_bitmap/dsc` */
#if LV_VERSION_CHECK(8, 2, 0) || LVGL_VERSION_MAJOR >= 9
    .fallback = NULL,
#endif
    .user_data = NULL,
};



#endif /*#if ERGOHAVEN_SYMBOLS_20*/
