/*******************************************************************************
 * Size: 18 px
 * Bpp: 4
 * Opts: --bpp 4 --size 18 --no-compress --stride 1 --align 1 --font IosevkaNerdFontPropo-Regular.ttf --symbols ÷×−+󰍹󰘶󰘴󰘵󱁐󰌒󰭜󰌑󰐥󰒭󰒮󰓛󰏤󰎇󰇪󰒲󰒳󰯪󱍖 --range 32-127,176,8226,1040-1103,1105 --format lvgl -o ergohaven_symbols_18.c
 ******************************************************************************/

#ifdef __has_include
    #if __has_include("lvgl.h")
        #ifndef LV_LVGL_H_INCLUDE_SIMPLE
            #define LV_LVGL_H_INCLUDE_SIMPLE
        #endif
    #endif
#endif

#ifdef LV_LVGL_H_INCLUDE_SIMPLE
    #include "lvgl.h"
#else
    #include "lvgl/lvgl.h"
#endif



#ifndef ERGOHAVEN_SYMBOLS_18
#define ERGOHAVEN_SYMBOLS_18 1
#endif

#if ERGOHAVEN_SYMBOLS_18

/*-----------------
 *    BITMAPS
 *----------------*/

/*Store the image of the glyphs*/
static LV_ATTRIBUTE_LARGE_CONST const uint8_t glyph_bitmap[] = {
    /* U+0020 " " */

    /* U+0021 "!" */
    0x3f, 0x33, 0xf3, 0x3f, 0x33, 0xf3, 0x3f, 0x33,
    0xf3, 0x3f, 0x33, 0xf3, 0x3f, 0x30, 0x0, 0x0,
    0x3, 0xa3, 0xbf, 0xb7, 0xf7,

    /* U+0022 "\"" */
    0x4, 0x10, 0x14, 0x1, 0xf7, 0x7, 0xf1, 0x1f,
    0x70, 0x7f, 0x0, 0xf7, 0x7, 0xf0, 0xf, 0x60,
    0x7f, 0x0, 0xf6, 0x6, 0xf0, 0xf, 0x50, 0x6f,
    0x0,

    /* U+0023 "#" */
    0x0, 0xe7, 0x7, 0xe0, 0x0, 0xe, 0x70, 0x7e,
    0x0, 0x0, 0xe7, 0x7, 0xe0, 0x0, 0xe, 0x70,
    0x7e, 0x0, 0x7f, 0xff, 0xff, 0xff, 0x72, 0x5e,
    0xa5, 0xae, 0x52, 0x0, 0xe7, 0x7, 0xe0, 0x0,
    0xe, 0x70, 0x7e, 0x0, 0x1, 0xe7, 0x17, 0xe1,
    0x7, 0xff, 0xff, 0xff, 0xf7, 0x14, 0xe9, 0x49,
    0xe4, 0x10, 0xe, 0x70, 0x7e, 0x0, 0x0, 0xe7,
    0x7, 0xe0, 0x0, 0xe, 0x70, 0x7e, 0x0,

    /* U+0024 "$" */
    0x0, 0x2, 0xf2, 0x0, 0x0, 0x2, 0xf2, 0x0,
    0x0, 0x6, 0xf6, 0x0, 0x1, 0xdf, 0xff, 0xd1,
    0x9, 0xe3, 0xf3, 0xe9, 0xc, 0x91, 0xf1, 0x9d,
    0xb, 0xb1, 0xf1, 0x0, 0x5, 0xf9, 0xf1, 0x0,
    0x0, 0x9f, 0xf6, 0x0, 0x0, 0x5, 0xff, 0xa0,
    0x0, 0x1, 0xf7, 0xf7, 0x0, 0x1, 0xf1, 0x9d,
    0xf, 0x61, 0xf1, 0x7e, 0xb, 0xd2, 0xf2, 0xdb,
    0x2, 0xef, 0xff, 0xe2, 0x0, 0x17, 0xf6, 0x0,
    0x0, 0x2, 0xf2, 0x0, 0x0, 0x2, 0xf2, 0x0,

    /* U+0025 "%" */
    0x1c, 0xfc, 0x10, 0x3f, 0x47, 0xd3, 0xc8, 0x7,
    0xe0, 0x9a, 0x9, 0xa0, 0xc9, 0x9, 0xa0, 0x9a,
    0x1f, 0x40, 0x9a, 0x9, 0xa6, 0xe0, 0x8, 0xc0,
    0xb9, 0x98, 0x0, 0x2e, 0xfe, 0x30, 0x0, 0x0,
    0x2, 0x1, 0xcf, 0xb1, 0x0, 0x67, 0x8c, 0x3d,
    0x70, 0xe, 0x7a, 0x90, 0xa9, 0x3, 0xf2, 0xa9,
    0xa, 0x90, 0x9d, 0xa, 0x90, 0xa9, 0xe, 0x80,
    0x8c, 0x3d, 0x74, 0xf3, 0x2, 0xcf, 0xc1,

    /* U+0026 "&" */
    0x6, 0xee, 0x90, 0x0, 0x3f, 0x86, 0xf7, 0x0,
    0x7e, 0x0, 0x9b, 0x0, 0x6e, 0x0, 0xab, 0x0,
    0x2f, 0x31, 0xf6, 0x0, 0xa, 0xcc, 0xc0, 0x0,
    0x4, 0xfd, 0x0, 0x0, 0x1e, 0xdf, 0x20, 0x0,
    0x9d, 0xd, 0xa0, 0xe7, 0xe7, 0x4, 0xf8, 0xf1,
    0xf6, 0x0, 0xbf, 0xb0, 0xd9, 0x0, 0x4f, 0x70,
    0x6f, 0x75, 0xde, 0xd0, 0x7, 0xef, 0x92, 0xf6,

    /* U+0027 "'" */
    0x14, 0x14, 0xf4, 0x4f, 0x44, 0xf4, 0x3f, 0x33,
    0xf3, 0x2f, 0x20,

    /* U+0028 "(" */
    0x0, 0x1, 0xa0, 0x0, 0x2e, 0xd1, 0x0, 0xdc,
    0x10, 0x8, 0xf2, 0x0, 0xf, 0x80, 0x0, 0x5f,
    0x10, 0x0, 0x9c, 0x0, 0x0, 0xca, 0x0, 0x0,
    0xe8, 0x0, 0x0, 0xe7, 0x0, 0x0, 0xe8, 0x0,
    0x0, 0xd9, 0x0, 0x0, 0xac, 0x0, 0x0, 0x6f,
    0x10, 0x0, 0x1f, 0x70, 0x0, 0x9, 0xe1, 0x0,
    0x1, 0xeb, 0x0, 0x0, 0x3f, 0xc1, 0x0, 0x3,
    0xc1, 0x0, 0x0, 0x0,

    /* U+0029 ")" */
    0xa, 0x10, 0x0, 0x1d, 0xe2, 0x0, 0x1, 0xcd,
    0x0, 0x0, 0x2f, 0x80, 0x0, 0x8, 0xf0, 0x0,
    0x1, 0xf5, 0x0, 0x0, 0xd9, 0x0, 0x0, 0xac,
    0x0, 0x0, 0x8d, 0x0, 0x0, 0x7e, 0x0, 0x0,
    0x8e, 0x0, 0x0, 0xac, 0x0, 0x0, 0xca, 0x0,
    0x1, 0xf6, 0x0, 0x7, 0xf1, 0x0, 0x1e, 0x90,
    0x0, 0xbe, 0x10, 0x1c, 0xf3, 0x0, 0x1c, 0x30,
    0x0, 0x0, 0x0, 0x0,

    /* U+002A "*" */
    0x0, 0x3, 0xf2, 0x0, 0x0, 0x0, 0x2f, 0x20,
    0x0, 0xb, 0x52, 0xf2, 0x5b, 0x1, 0xae, 0xff,
    0xfe, 0xa1, 0x0, 0xb, 0xfb, 0x0, 0x0, 0x5,
    0xf6, 0xf5, 0x0, 0x1, 0xe8, 0x8, 0xe1, 0x0,
    0x5, 0x0, 0x5, 0x0,

    /* U+002B "+" */
    0x0, 0x2f, 0x20, 0x0, 0x2, 0xf2, 0x0, 0x0,
    0x3f, 0x30, 0xd, 0xff, 0xff, 0xfd, 0x23, 0x5f,
    0x53, 0x20, 0x2, 0xf2, 0x0, 0x0, 0x2f, 0x20,
    0x0, 0x0, 0x50, 0x0,

    /* U+002C "," */
    0x7, 0xe7, 0xd, 0xfd, 0x8, 0xfc, 0x0, 0xa9,
    0x2, 0xf4, 0xc, 0xc0, 0x9, 0x20,

    /* U+002D "-" */
    0x11, 0x11, 0x11, 0x1d, 0xff, 0xff, 0xfd, 0x34,
    0x44, 0x44, 0x30,

    /* U+002E "." */
    0x7e, 0x7d, 0xfd, 0x8f, 0x80,

    /* U+002F "/" */
    0x0, 0x0, 0x4, 0x60, 0x0, 0x0, 0xca, 0x0,
    0x0, 0x1f, 0x50, 0x0, 0x6, 0xf1, 0x0, 0x0,
    0xac, 0x0, 0x0, 0xf, 0x70, 0x0, 0x4, 0xf2,
    0x0, 0x0, 0x8e, 0x0, 0x0, 0xd, 0x90, 0x0,
    0x2, 0xf4, 0x0, 0x0, 0x7f, 0x0, 0x0, 0xb,
    0xb0, 0x0, 0x0, 0xf6, 0x0, 0x0, 0x5f, 0x10,
    0x0, 0x9, 0xd0, 0x0, 0x0, 0xe8, 0x0, 0x0,
    0x3f, 0x30, 0x0, 0x7, 0xe0, 0x0, 0x0, 0xca,
    0x0, 0x0, 0x0,

    /* U+0030 "0" */
    0x6, 0xdf, 0xd6, 0x6, 0xf9, 0x59, 0xf6, 0xdb,
    0x0, 0xb, 0xcf, 0x60, 0x0, 0x7f, 0xf6, 0x0,
    0x8, 0xff, 0x60, 0x9, 0xff, 0xf6, 0x1b, 0xd9,
    0xff, 0x9d, 0xb1, 0x6f, 0xff, 0x90, 0x6, 0xff,
    0x80, 0x0, 0x6f, 0xf6, 0x0, 0x7, 0xfd, 0xb0,
    0x0, 0xbc, 0x6f, 0x95, 0x9f, 0x60, 0x6d, 0xfd,
    0x60,

    /* U+0031 "1" */
    0x0, 0x4f, 0xb0, 0x7f, 0xeb, 0x9f, 0x4a, 0xb4,
    0x20, 0xab, 0x0, 0xa, 0xb0, 0x0, 0xab, 0x0,
    0xa, 0xb0, 0x0, 0xab, 0x0, 0xa, 0xb0, 0x0,
    0xab, 0x0, 0xa, 0xb0, 0x0, 0xab, 0x0, 0xa,
    0xb0, 0x0, 0xab,

    /* U+0032 "2" */
    0x6, 0xdf, 0xd6, 0x5, 0xfa, 0x6a, 0xf5, 0xcc,
    0x0, 0xc, 0xc7, 0x40, 0x0, 0x8e, 0x0, 0x0,
    0x9, 0xd0, 0x0, 0x0, 0xe9, 0x0, 0x0, 0xbe,
    0x10, 0x1, 0xce, 0x30, 0x1, 0xed, 0x20, 0x0,
    0xcd, 0x10, 0x0, 0x5f, 0x40, 0x0, 0xa, 0xd0,
    0x0, 0x0, 0xcc, 0x55, 0x55, 0x4d, 0xff, 0xff,
    0xfd,

    /* U+0033 "3" */
    0x0, 0x5d, 0xfd, 0x60, 0x0, 0x4f, 0xa6, 0xaf,
    0x50, 0xa, 0xd0, 0x0, 0xcb, 0x0, 0x44, 0x0,
    0x9, 0xd0, 0x0, 0x0, 0x0, 0xca, 0x0, 0x0,
    0x1, 0x8f, 0x30, 0x0, 0x2, 0xff, 0x50, 0x0,
    0x0, 0x4, 0xaf, 0x30, 0x0, 0x0, 0x0, 0xbc,
    0x0, 0x0, 0x0, 0x5, 0xf0, 0x8, 0x30, 0x0,
    0x5f, 0x10, 0xda, 0x0, 0x9, 0xe0, 0x6, 0xf9,
    0x59, 0xf7, 0x0, 0x7, 0xdf, 0xd7, 0x0,

    /* U+0034 "4" */
    0x0, 0x1, 0xf6, 0x0, 0x0, 0x7e, 0x0, 0x0,
    0xe, 0x70, 0x0, 0x6, 0xf1, 0x0, 0x0, 0xe8,
    0x0, 0x0, 0x5f, 0x14, 0x40, 0xd, 0x90, 0xbb,
    0x4, 0xf2, 0xb, 0xb0, 0xcb, 0x11, 0xbb, 0xf,
    0xff, 0xff, 0xfd, 0x34, 0x44, 0xcc, 0x30, 0x0,
    0xb, 0xb0, 0x0, 0x0, 0xbb, 0x0, 0x0, 0xb,
    0xb0,

    /* U+0035 "5" */
    0xbf, 0xff, 0xff, 0x8b, 0xc5, 0x55, 0x52, 0xbb,
    0x0, 0x0, 0xb, 0xb0, 0x0, 0x0, 0xbb, 0x0,
    0x0, 0xb, 0xee, 0xfe, 0x60, 0xbf, 0x84, 0x9f,
    0x49, 0xa0, 0x0, 0xcb, 0x0, 0x0, 0x7, 0xe0,
    0x0, 0x0, 0x6f, 0x53, 0x0, 0x7, 0xeb, 0xc0,
    0x0, 0xcb, 0x5f, 0xa5, 0xaf, 0x40, 0x6d, 0xfd,
    0x50,

    /* U+0036 "6" */
    0x0, 0xc, 0xc0, 0x0, 0x3, 0xf4, 0x0, 0x0,
    0xbc, 0x0, 0x0, 0x3f, 0x50, 0x0, 0xa, 0xd0,
    0x0, 0x1, 0xf8, 0x77, 0x20, 0x7f, 0xed, 0xff,
    0x2b, 0xe2, 0x2, 0xea, 0xe8, 0x0, 0x9, 0xef,
    0x60, 0x0, 0x6f, 0xe7, 0x0, 0x7, 0xeb, 0xc0,
    0x0, 0xcb, 0x4f, 0xa5, 0xaf, 0x40, 0x5d, 0xfd,
    0x50,

    /* U+0037 "7" */
    0xdf, 0xff, 0xff, 0xd4, 0x55, 0x55, 0xcc, 0x0,
    0x0, 0xf, 0x70, 0x0, 0x4, 0xf3, 0x0, 0x0,
    0x8e, 0x0, 0x0, 0xd, 0x90, 0x0, 0x2, 0xf4,
    0x0, 0x0, 0x7f, 0x0, 0x0, 0xb, 0xb0, 0x0,
    0x0, 0xf6, 0x0, 0x0, 0x5f, 0x10, 0x0, 0xa,
    0xc0, 0x0, 0x0, 0xe8, 0x0, 0x0, 0x3f, 0x30,
    0x0,

    /* U+0038 "8" */
    0x6, 0xdf, 0xd6, 0x4, 0xfa, 0x5a, 0xf4, 0xad,
    0x0, 0xd, 0xaa, 0xb0, 0x0, 0xca, 0x6f, 0x10,
    0x1f, 0x60, 0xdc, 0x2c, 0xd0, 0x1, 0xdf, 0xd1,
    0x0, 0x5f, 0xdf, 0x50, 0x3f, 0x80, 0x8f, 0x3b,
    0xc0, 0x0, 0xcb, 0xe7, 0x0, 0x7, 0xee, 0x90,
    0x0, 0x9e, 0x7f, 0x95, 0x9f, 0x70, 0x7e, 0xfe,
    0x70,

    /* U+0039 "9" */
    0x5, 0xdf, 0xd5, 0x4, 0xfa, 0x5a, 0xf4, 0xbb,
    0x0, 0xc, 0xbe, 0x70, 0x0, 0x7e, 0xf6, 0x0,
    0x6, 0xfe, 0x80, 0x0, 0x8d, 0xae, 0x20, 0x2e,
    0xb2, 0xff, 0xde, 0xf6, 0x2, 0x77, 0x8f, 0x10,
    0x0, 0xd, 0xa0, 0x0, 0x5, 0xf3, 0x0, 0x0,
    0xcb, 0x0, 0x0, 0x4f, 0x30, 0x0, 0xc, 0xc0,
    0x0,

    /* U+003A ":" */
    0x8f, 0x8d, 0xfd, 0x7e, 0x70, 0x0, 0x0, 0x0,
    0x0, 0x0, 0x7, 0xe7, 0xdf, 0xd8, 0xf8,

    /* U+003B ";" */
    0x8, 0xf8, 0xd, 0xfd, 0x7, 0xe7, 0x0, 0x0,
    0x0, 0x0, 0x0, 0x0, 0x0, 0x0, 0x7, 0xe7,
    0xd, 0xfd, 0x8, 0xfc, 0x0, 0xa9, 0x2, 0xf4,
    0xc, 0xc0, 0x9, 0x20,

    /* U+003C "<" */
    0x0, 0x0, 0x0, 0x10, 0x0, 0x0, 0x1a, 0xe0,
    0x0, 0x5, 0xed, 0x30, 0x1, 0xbf, 0x70, 0x0,
    0x6f, 0xc2, 0x0, 0x0, 0xda, 0x0, 0x0, 0x0,
    0x7f, 0xa1, 0x0, 0x0, 0x3, 0xce, 0x50, 0x0,
    0x0, 0x7, 0xfb, 0x20, 0x0, 0x0, 0x2c, 0xe0,
    0x0, 0x0, 0x0, 0x20,

    /* U+003D "=" */
    0x0, 0x0, 0x0, 0xd, 0xff, 0xff, 0xfd, 0x23,
    0x33, 0x33, 0x20, 0x0, 0x0, 0x0, 0xdf, 0xff,
    0xff, 0xd2, 0x33, 0x33, 0x32,

    /* U+003E ">" */
    0x1, 0x0, 0x0, 0x0, 0xe, 0xa1, 0x0, 0x0,
    0x3, 0xde, 0x50, 0x0, 0x0, 0x7, 0xfb, 0x10,
    0x0, 0x0, 0x2c, 0xf6, 0x0, 0x0, 0x0, 0xad,
    0x0, 0x0, 0x1a, 0xf7, 0x0, 0x5, 0xec, 0x30,
    0x2, 0xbf, 0x70, 0x0, 0xe, 0xc2, 0x0, 0x0,
    0x3, 0x0, 0x0, 0x0,

    /* U+003F "?" */
    0x7, 0xdf, 0xd6, 0x6, 0xf9, 0x5a, 0xf5, 0xcb,
    0x0, 0xc, 0xb7, 0x40, 0x0, 0x9c, 0x0, 0x0,
    0xe, 0xa0, 0x0, 0x8, 0xf3, 0x0, 0x4, 0xf9,
    0x0, 0x0, 0xdc, 0x0, 0x0, 0x1f, 0x50, 0x0,
    0x2, 0xb2, 0x0, 0x0, 0x0, 0x0, 0x0, 0x3,
    0xa3, 0x0, 0x0, 0xbf, 0xb0, 0x0, 0x7, 0xf7,
    0x0,

    /* U+0040 "@" */
    0x5, 0xdf, 0xd5, 0x4, 0xf9, 0x59, 0xf3, 0xab,
    0x0, 0xb, 0xad, 0x60, 0x0, 0x6c, 0xd6, 0x6,
    0xef, 0xdd, 0x60, 0xf7, 0x7d, 0xd6, 0x2f, 0x16,
    0xdd, 0x63, 0xf1, 0x6d, 0xd6, 0x3f, 0x16, 0xdd,
    0x63, 0xf1, 0x6d, 0xd6, 0x3f, 0x16, 0xdd, 0x61,
    0xf4, 0x9b, 0xd6, 0x9, 0xff, 0x4b, 0x90, 0x2,
    0x10, 0x6f, 0x51, 0x11, 0x0, 0x9f, 0xff, 0xf3,
    0x0, 0x13, 0x44, 0x0,

    /* U+0041 "A" */
    0x0, 0x6, 0xf6, 0x0, 0x0, 0x0, 0xaf, 0x90,
    0x0, 0x0, 0xd, 0xed, 0x0, 0x0, 0x0, 0xf8,
    0xf0, 0x0, 0x0, 0x3f, 0x1f, 0x30, 0x0, 0x7,
    0xd0, 0xd7, 0x0, 0x0, 0xaa, 0xa, 0xa0, 0x0,
    0xd, 0x70, 0x7d, 0x0, 0x1, 0xf5, 0x15, 0xf1,
    0x0, 0x4f, 0xff, 0xff, 0x40, 0x7, 0xe4, 0x44,
    0xe7, 0x0, 0xbb, 0x0, 0xb, 0xa0, 0xe, 0x80,
    0x0, 0x8e, 0x1, 0xf5, 0x0, 0x5, 0xf1,

    /* U+0042 "B" */
    0xdf, 0xff, 0xc3, 0x0, 0xdb, 0x56, 0xcf, 0x20,
    0xd9, 0x0, 0xe, 0x80, 0xd9, 0x0, 0xc, 0xa0,
    0xd9, 0x0, 0xe, 0x80, 0xd9, 0x11, 0x8f, 0x20,
    0xdf, 0xff, 0xf6, 0x0, 0xda, 0x44, 0x9f, 0x40,
    0xd9, 0x0, 0x9, 0xd0, 0xd9, 0x0, 0x5, 0xf1,
    0xd9, 0x0, 0x5, 0xf1, 0xd9, 0x0, 0xa, 0xe0,
    0xdb, 0x55, 0xaf, 0x60, 0xdf, 0xff, 0xd5, 0x0,

    /* U+0043 "C" */
    0x6, 0xdf, 0xd6, 0x6, 0xfa, 0x6a, 0xf5, 0xda,
    0x0, 0xb, 0xcf, 0x60, 0x0, 0x47, 0xf6, 0x0,
    0x0, 0xf, 0x60, 0x0, 0x0, 0xf6, 0x0, 0x0,
    0xf, 0x60, 0x0, 0x0, 0xf6, 0x0, 0x0, 0xf,
    0x60, 0x0, 0x0, 0xf6, 0x0, 0x4, 0x6d, 0xa0,
    0x0, 0xbc, 0x6f, 0xa5, 0xaf, 0x50, 0x7d, 0xfd,
    0x60,

    /* U+0044 "D" */
    0xdf, 0xff, 0xc4, 0xd, 0xb5, 0x6c, 0xf3, 0xd9,
    0x0, 0xc, 0xbd, 0x90, 0x0, 0x7e, 0xd9, 0x0,
    0x6, 0xfd, 0x90, 0x0, 0x6f, 0xd9, 0x0, 0x6,
    0xfd, 0x90, 0x0, 0x6f, 0xd9, 0x0, 0x6, 0xfd,
    0x90, 0x0, 0x6f, 0xd9, 0x0, 0x7, 0xed, 0x90,
    0x0, 0xcb, 0xdb, 0x56, 0xcf, 0x3d, 0xff, 0xfc,
    0x40,

    /* U+0045 "E" */
    0xbf, 0xff, 0xff, 0xdb, 0xc5, 0x55, 0x54, 0xbb,
    0x0, 0x0, 0xb, 0xb0, 0x0, 0x0, 0xbb, 0x0,
    0x0, 0xb, 0xb1, 0x11, 0x0, 0xbf, 0xff, 0xfd,
    0xb, 0xc4, 0x44, 0x30, 0xbb, 0x0, 0x0, 0xb,
    0xb0, 0x0, 0x0, 0xbb, 0x0, 0x0, 0xb, 0xb0,
    0x0, 0x0, 0xbc, 0x55, 0x55, 0x4b, 0xff, 0xff,
    0xfd,

    /* U+0046 "F" */
    0x4f, 0xff, 0xff, 0xd4, 0xf6, 0x55, 0x54, 0x4f,
    0x20, 0x0, 0x4, 0xf2, 0x0, 0x0, 0x4f, 0x20,
    0x0, 0x4, 0xf2, 0x11, 0x0, 0x4f, 0xff, 0xfd,
    0x4, 0xf5, 0x44, 0x30, 0x4f, 0x20, 0x0, 0x4,
    0xf2, 0x0, 0x0, 0x4f, 0x20, 0x0, 0x4, 0xf2,
    0x0, 0x0, 0x4f, 0x20, 0x0, 0x4, 0xf2, 0x0,
    0x0,

    /* U+0047 "G" */
    0x6, 0xdf, 0xd6, 0x6, 0xfa, 0x59, 0xf6, 0xda,
    0x0, 0xb, 0xcf, 0x60, 0x0, 0x24, 0xf6, 0x0,
    0x0, 0xf, 0x60, 0x1, 0x10, 0xf6, 0x8, 0xff,
    0xdf, 0x60, 0x24, 0xad, 0xf6, 0x0, 0x9, 0xdf,
    0x60, 0x0, 0x9d, 0xf6, 0x0, 0x9, 0xdd, 0xa0,
    0x0, 0xcd, 0x8f, 0x95, 0xa9, 0xd0, 0x9f, 0xe6,
    0x6d,

    /* U+0048 "H" */
    0xd9, 0x0, 0x9, 0xdd, 0x90, 0x0, 0x9d, 0xd9,
    0x0, 0x9, 0xdd, 0x90, 0x0, 0x9d, 0xd9, 0x0,
    0x9, 0xdd, 0x91, 0x11, 0x9d, 0xdf, 0xff, 0xff,
    0xdd, 0xa4, 0x44, 0xad, 0xd9, 0x0, 0x9, 0xdd,
    0x90, 0x0, 0x9d, 0xd9, 0x0, 0x9, 0xdd, 0x90,
    0x0, 0x9d, 0xd9, 0x0, 0x9, 0xdd, 0x90, 0x0,
    0x9d,

    /* U+0049 "I" */
    0xaf, 0xff, 0xff, 0xa3, 0x57, 0xf7, 0x53, 0x0,
    0x3f, 0x30, 0x0, 0x3, 0xf3, 0x0, 0x0, 0x3f,
    0x30, 0x0, 0x3, 0xf3, 0x0, 0x0, 0x3f, 0x30,
    0x0, 0x3, 0xf3, 0x0, 0x0, 0x3f, 0x30, 0x0,
    0x3, 0xf3, 0x0, 0x0, 0x3f, 0x30, 0x0, 0x3,
    0xf3, 0x0, 0x35, 0x7f, 0x75, 0x3a, 0xff, 0xff,
    0xfa,

    /* U+004A "J" */
    0x0, 0x7, 0xff, 0xf6, 0x0, 0x2, 0x55, 0xf6,
    0x0, 0x0, 0x0, 0xf6, 0x0, 0x0, 0x0, 0xf6,
    0x0, 0x0, 0x0, 0xf6, 0x0, 0x0, 0x0, 0xf6,
    0x0, 0x0, 0x0, 0xf6, 0x0, 0x0, 0x0, 0xf6,
    0x0, 0x0, 0x0, 0xf6, 0x0, 0x0, 0x0, 0xf6,
    0x18, 0x20, 0x0, 0xf5, 0xf, 0x70, 0x3, 0xf3,
    0xa, 0xf7, 0x6e, 0xd0, 0x0, 0x9f, 0xfb, 0x10,

    /* U+004B "K" */
    0x9d, 0x0, 0xd, 0xb0, 0x9d, 0x0, 0x6f, 0x20,
    0x9d, 0x0, 0xe9, 0x0, 0x9d, 0x7, 0xf1, 0x0,
    0x9d, 0x1f, 0x70, 0x0, 0x9d, 0x8e, 0x0, 0x0,
    0x9e, 0xf9, 0x0, 0x0, 0x9f, 0xfe, 0x0, 0x0,
    0x9f, 0x4e, 0x70, 0x0, 0x9d, 0x8, 0xe0, 0x0,
    0x9d, 0x1, 0xf6, 0x0, 0x9d, 0x0, 0xad, 0x0,
    0x9d, 0x0, 0x2f, 0x50, 0x9d, 0x0, 0xb, 0xc0,

    /* U+004C "L" */
    0x4f, 0x20, 0x0, 0x4, 0xf2, 0x0, 0x0, 0x4f,
    0x20, 0x0, 0x4, 0xf2, 0x0, 0x0, 0x4f, 0x20,
    0x0, 0x4, 0xf2, 0x0, 0x0, 0x4f, 0x20, 0x0,
    0x4, 0xf2, 0x0, 0x0, 0x4f, 0x20, 0x0, 0x4,
    0xf2, 0x0, 0x0, 0x4f, 0x20, 0x0, 0x4, 0xf2,
    0x0, 0x0, 0x4f, 0x65, 0x55, 0x54, 0xff, 0xff,
    0xff,

    /* U+004D "M" */
    0x1f, 0xc0, 0x0, 0xcf, 0x11, 0xff, 0x0, 0xf,
    0xf1, 0x1f, 0xf4, 0x4, 0xff, 0x11, 0xfc, 0x80,
    0x8c, 0xf1, 0x1f, 0x8c, 0xc, 0x8f, 0x11, 0xf4,
    0xf1, 0xf4, 0xf1, 0x1f, 0x3e, 0x8d, 0x3f, 0x11,
    0xf3, 0xaf, 0xa3, 0xf1, 0x1f, 0x36, 0xf6, 0x3f,
    0x11, 0xf3, 0x2c, 0x13, 0xf1, 0x1f, 0x40, 0x0,
    0x4f, 0x11, 0xf4, 0x0, 0x4, 0xf1, 0x1f, 0x40,
    0x0, 0x4f, 0x11, 0xf4, 0x0, 0x4, 0xf1,

    /* U+004E "N" */
    0xdf, 0x0, 0x9, 0xdd, 0xf5, 0x0, 0x9d, 0xdf,
    0xa0, 0x9, 0xdd, 0xaf, 0x0, 0x9d, 0xd7, 0xe5,
    0x9, 0xdd, 0x79, 0xa0, 0x8d, 0xd8, 0x4f, 0x8,
    0xdd, 0x80, 0xe4, 0x8d, 0xd8, 0xa, 0x97, 0xdd,
    0x90, 0x4e, 0x7d, 0xd9, 0x0, 0xfa, 0xdd, 0x90,
    0xa, 0xfd, 0xd9, 0x0, 0x5f, 0xdd, 0x90, 0x0,
    0xfd,

    /* U+004F "O" */
    0x6, 0xdf, 0xd6, 0x6, 0xf9, 0x59, 0xf6, 0xda,
    0x0, 0xa, 0xdf, 0x60, 0x0, 0x6f, 0xf6, 0x0,
    0x6, 0xff, 0x60, 0x0, 0x6f, 0xf6, 0x0, 0x6,
    0xff, 0x60, 0x0, 0x6f, 0xf6, 0x0, 0x6, 0xff,
    0x60, 0x0, 0x6f, 0xf6, 0x0, 0x6, 0xfd, 0xa0,
    0x0, 0xad, 0x6f, 0x95, 0x9f, 0x60, 0x6d, 0xfd,
    0x60,

    /* U+0050 "P" */
    0x9f, 0xff, 0xd7, 0x0, 0x9e, 0x55, 0x9f, 0x70,
    0x9d, 0x0, 0x9, 0xe0, 0x9d, 0x0, 0x5, 0xf1,
    0x9d, 0x0, 0x4, 0xf1, 0x9d, 0x0, 0x7, 0xf0,
    0x9d, 0x11, 0x4f, 0x90, 0x9f, 0xff, 0xfb, 0x0,
    0x9e, 0x43, 0x20, 0x0, 0x9d, 0x0, 0x0, 0x0,
    0x9d, 0x0, 0x0, 0x0, 0x9d, 0x0, 0x0, 0x0,
    0x9d, 0x0, 0x0, 0x0, 0x9d, 0x0, 0x0, 0x0,

    /* U+0051 "Q" */
    0x6, 0xdf, 0xd6, 0x6, 0xf9, 0x59, 0xf6, 0xda,
    0x0, 0xa, 0xcf, 0x60, 0x0, 0x6f, 0xf6, 0x0,
    0x6, 0xff, 0x60, 0x0, 0x6f, 0xf6, 0x0, 0x6,
    0xff, 0x60, 0x0, 0x6f, 0xf6, 0x0, 0x6, 0xff,
    0x60, 0x0, 0x6f, 0xf6, 0x0, 0x6, 0xfd, 0xa0,
    0x0, 0xad, 0x6f, 0x84, 0x8f, 0x60, 0x7e, 0xfe,
    0x70, 0x0, 0x1f, 0x50, 0x0, 0x0, 0xcd, 0x30,
    0x0, 0x2, 0xdf, 0x90, 0x0, 0x0, 0x32,

    /* U+0052 "R" */
    0xdf, 0xff, 0xd6, 0x0, 0xdb, 0x55, 0x9f, 0x50,
    0xd9, 0x0, 0xb, 0xc0, 0xd9, 0x0, 0x7, 0xf0,
    0xd9, 0x0, 0x6, 0xf0, 0xd9, 0x0, 0x9, 0xd0,
    0xd9, 0x11, 0x5f, 0x70, 0xdf, 0xff, 0xfa, 0x0,
    0xda, 0x4c, 0xc0, 0x0, 0xd9, 0x5, 0xf3, 0x0,
    0xd9, 0x0, 0xda, 0x0, 0xd9, 0x0, 0x6f, 0x20,
    0xd9, 0x0, 0xe, 0x90, 0xd9, 0x0, 0x7, 0xf1,

    /* U+0053 "S" */
    0x0, 0x6d, 0xfd, 0x60, 0x4, 0xfa, 0x6a, 0xf5,
    0xb, 0xc0, 0x0, 0xbc, 0xd, 0x90, 0x0, 0x47,
    0xa, 0xc0, 0x0, 0x0, 0x4, 0xf8, 0x0, 0x0,
    0x0, 0x7f, 0xd4, 0x0, 0x0, 0x3, 0xcf, 0x90,
    0x0, 0x0, 0x7, 0xf6, 0x0, 0x0, 0x0, 0xad,
    0x8, 0x30, 0x0, 0x7f, 0xe, 0x90, 0x0, 0xad,
    0x7, 0xf9, 0x59, 0xf6, 0x0, 0x7e, 0xfd, 0x70,

    /* U+0054 "T" */
    0xff, 0xff, 0xff, 0xf5, 0x57, 0xf7, 0x55, 0x0,
    0x3f, 0x30, 0x0, 0x3, 0xf3, 0x0, 0x0, 0x3f,
    0x30, 0x0, 0x3, 0xf3, 0x0, 0x0, 0x3f, 0x30,
    0x0, 0x3, 0xf3, 0x0, 0x0, 0x3f, 0x30, 0x0,
    0x3, 0xf3, 0x0, 0x0, 0x3f, 0x30, 0x0, 0x3,
    0xf3, 0x0, 0x0, 0x3f, 0x30, 0x0, 0x3, 0xf3,
    0x0,

    /* U+0055 "U" */
    0xd9, 0x0, 0x9, 0xdd, 0x90, 0x0, 0x9d, 0xd9,
    0x0, 0x9, 0xdd, 0x90, 0x0, 0x9d, 0xd9, 0x0,
    0x9, 0xdd, 0x90, 0x0, 0x9d, 0xd9, 0x0, 0x9,
    0xdd, 0x90, 0x0, 0x9d, 0xd9, 0x0, 0x9, 0xdd,
    0x90, 0x0, 0x9d, 0xd9, 0x0, 0x9, 0xda, 0xc0,
    0x0, 0xda, 0x4f, 0xa5, 0xaf, 0x40, 0x5d, 0xfd,
    0x50,

    /* U+0056 "V" */
    0x1f, 0x50, 0x0, 0x5f, 0x10, 0xe8, 0x0, 0x8,
    0xe0, 0xb, 0xb0, 0x0, 0xba, 0x0, 0x7e, 0x0,
    0xe, 0x70, 0x4, 0xf1, 0x1, 0xf4, 0x0, 0x1f,
    0x40, 0x4f, 0x10, 0x0, 0xd7, 0x7, 0xd0, 0x0,
    0xa, 0xa0, 0xaa, 0x0, 0x0, 0x7d, 0xd, 0x70,
    0x0, 0x3, 0xf2, 0xf3, 0x0, 0x0, 0xf, 0x8f,
    0x0, 0x0, 0x0, 0xde, 0xd0, 0x0, 0x0, 0x9,
    0xf9, 0x0, 0x0, 0x0, 0x6f, 0x60, 0x0,

    /* U+0057 "W" */
    0x5f, 0x0, 0x0, 0xf, 0x53, 0xf1, 0x0, 0x1,
    0xf3, 0x1f, 0x20, 0x0, 0x2f, 0x10, 0xf4, 0x0,
    0x4, 0xf0, 0xe, 0x53, 0xf3, 0x5e, 0x0, 0xc6,
    0x5f, 0x56, 0xc0, 0xa, 0x77, 0xe7, 0x7a, 0x0,
    0x89, 0x9a, 0x99, 0x80, 0x7, 0xac, 0x5c, 0xa7,
    0x0, 0x5b, 0xe1, 0xeb, 0x50, 0x3, 0xde, 0xe,
    0xd3, 0x0, 0x1f, 0xc0, 0xcf, 0x10, 0x0, 0xf9,
    0x9, 0xf0, 0x0, 0xe, 0x70, 0x7e, 0x0,

    /* U+0058 "X" */
    0xe, 0x90, 0x0, 0x9e, 0x0, 0x8f, 0x0, 0xf,
    0x80, 0x1, 0xf6, 0x6, 0xf1, 0x0, 0xa, 0xc0,
    0xca, 0x0, 0x0, 0x4f, 0x6f, 0x30, 0x0, 0x0,
    0xdf, 0xd0, 0x0, 0x0, 0x6, 0xf6, 0x0, 0x0,
    0x0, 0x6f, 0x60, 0x0, 0x0, 0xd, 0xfd, 0x0,
    0x0, 0x4, 0xf6, 0xf4, 0x0, 0x0, 0xac, 0xc,
    0xa0, 0x0, 0x1f, 0x60, 0x6f, 0x10, 0x8, 0xf0,
    0x0, 0xf8, 0x0, 0xe9, 0x0, 0x9, 0xe0,

    /* U+0059 "Y" */
    0xf, 0x70, 0x0, 0x7f, 0x0, 0xad, 0x0, 0xd,
    0xa0, 0x4, 0xf2, 0x2, 0xf4, 0x0, 0xe, 0x80,
    0x8e, 0x0, 0x0, 0x9d, 0xd, 0x90, 0x0, 0x3,
    0xf6, 0xf3, 0x0, 0x0, 0xd, 0xfd, 0x0, 0x0,
    0x0, 0x8f, 0x80, 0x0, 0x0, 0x3, 0xf3, 0x0,
    0x0, 0x0, 0x3f, 0x30, 0x0, 0x0, 0x3, 0xf3,
    0x0, 0x0, 0x0, 0x3f, 0x30, 0x0, 0x0, 0x3,
    0xf3, 0x0, 0x0, 0x0, 0x3f, 0x30, 0x0,

    /* U+005A "Z" */
    0xdf, 0xff, 0xff, 0xd4, 0x55, 0x55, 0xeb, 0x0,
    0x0, 0x4f, 0x50, 0x0, 0xb, 0xd0, 0x0, 0x2,
    0xf6, 0x0, 0x0, 0xae, 0x0, 0x0, 0x1f, 0x80,
    0x0, 0x8, 0xf1, 0x0, 0x0, 0xe9, 0x0, 0x0,
    0x6f, 0x20, 0x0, 0xd, 0xb0, 0x0, 0x5, 0xf4,
    0x0, 0x0, 0xbe, 0x55, 0x55, 0x4d, 0xff, 0xff,
    0xfd,

    /* U+005B "[" */
    0x1, 0x11, 0x10, 0xcf, 0xff, 0xf3, 0xcb, 0x44,
    0x40, 0xca, 0x0, 0x0, 0xca, 0x0, 0x0, 0xca,
    0x0, 0x0, 0xca, 0x0, 0x0, 0xca, 0x0, 0x0,
    0xca, 0x0, 0x0, 0xca, 0x0, 0x0, 0xca, 0x0,
    0x0, 0xca, 0x0, 0x0, 0xca, 0x0, 0x0, 0xca,
    0x0, 0x0, 0xca, 0x0, 0x0, 0xca, 0x0, 0x0,
    0xca, 0x0, 0x0, 0xca, 0x11, 0x10, 0xcf, 0xff,
    0xf3, 0x34, 0x44, 0x40,

    /* U+005C "\\" */
    0x64, 0x0, 0x0, 0xa, 0xc0, 0x0, 0x0, 0x5f,
    0x10, 0x0, 0x1, 0xf6, 0x0, 0x0, 0xc, 0xa0,
    0x0, 0x0, 0x7f, 0x0, 0x0, 0x2, 0xf4, 0x0,
    0x0, 0xe, 0x80, 0x0, 0x0, 0x9d, 0x0, 0x0,
    0x4, 0xf2, 0x0, 0x0, 0xf, 0x70, 0x0, 0x0,
    0xbb, 0x0, 0x0, 0x6, 0xf0, 0x0, 0x0, 0x1f,
    0x50, 0x0, 0x0, 0xd9, 0x0, 0x0, 0x8, 0xe0,
    0x0, 0x0, 0x3f, 0x30, 0x0, 0x0, 0xe7, 0x0,
    0x0, 0xa, 0xc0,

    /* U+005D "]" */
    0x1, 0x11, 0x10, 0x3f, 0xff, 0xfc, 0x4, 0x44,
    0xbc, 0x0, 0x0, 0xac, 0x0, 0x0, 0xac, 0x0,
    0x0, 0xac, 0x0, 0x0, 0xac, 0x0, 0x0, 0xac,
    0x0, 0x0, 0xac, 0x0, 0x0, 0xac, 0x0, 0x0,
    0xac, 0x0, 0x0, 0xac, 0x0, 0x0, 0xac, 0x0,
    0x0, 0xac, 0x0, 0x0, 0xac, 0x0, 0x0, 0xac,
    0x0, 0x0, 0xac, 0x1, 0x11, 0xac, 0x3f, 0xff,
    0xfc, 0x4, 0x44, 0x43,

    /* U+005E "^" */
    0x0, 0xa, 0xf9, 0x0, 0x0, 0x5, 0xf9, 0xf5,
    0x0, 0x1, 0xea, 0xa, 0xe1, 0x0, 0xbe, 0x10,
    0x1e, 0xb0, 0x1d, 0x50, 0x0, 0x5d, 0x10, 0x0,
    0x0, 0x0, 0x0,

    /* U+005F "_" */
    0x11, 0x11, 0x11, 0x1d, 0xff, 0xff, 0xfd, 0x34,
    0x44, 0x44, 0x30,

    /* U+0060 "`" */
    0x0, 0x0, 0x1, 0xd5, 0x0, 0xb, 0xf2, 0x0,
    0xd, 0xc0, 0x0, 0x2f, 0x70, 0x0, 0x44,

    /* U+0061 "a" */
    0x8, 0xef, 0xe7, 0x8, 0xf8, 0x59, 0xf6, 0x97,
    0x0, 0xb, 0xb0, 0x0, 0x1, 0x9d, 0x8, 0xef,
    0xff, 0xd9, 0xf7, 0x44, 0xad, 0xe8, 0x0, 0x9,
    0xde, 0x80, 0x0, 0xdd, 0xaf, 0x85, 0xad, 0xd1,
    0xaf, 0xe7, 0x9d,

    /* U+0062 "b" */
    0xd9, 0x0, 0x0, 0xd, 0x90, 0x0, 0x0, 0xd9,
    0x0, 0x0, 0xd, 0x90, 0x0, 0x0, 0xd9, 0x6e,
    0xe9, 0xd, 0xca, 0x59, 0xf7, 0xdd, 0x0, 0xb,
    0xdd, 0x90, 0x0, 0x7f, 0xd9, 0x0, 0x6, 0xfd,
    0x90, 0x0, 0x6f, 0xd9, 0x0, 0x7, 0xfd, 0xd0,
    0x0, 0xbd, 0xdc, 0xa5, 0x9f, 0x7d, 0x96, 0xef,
    0x90,

    /* U+0063 "c" */
    0x6, 0xdf, 0xd6, 0x6, 0xf9, 0x5a, 0xf5, 0xdb,
    0x0, 0xb, 0xbf, 0x60, 0x0, 0x46, 0xf6, 0x0,
    0x0, 0xf, 0x60, 0x0, 0x0, 0xf6, 0x0, 0x4,
    0x6d, 0xb0, 0x0, 0xbc, 0x6f, 0x95, 0xaf, 0x50,
    0x6d, 0xfd, 0x60,

    /* U+0064 "d" */
    0x0, 0x0, 0x9, 0xd0, 0x0, 0x0, 0x9d, 0x0,
    0x0, 0x9, 0xd0, 0x0, 0x0, 0x9d, 0x9, 0xee,
    0x69, 0xd7, 0xf9, 0x5a, 0xcd, 0xda, 0x0, 0xd,
    0xdf, 0x60, 0x0, 0x9d, 0xf6, 0x0, 0x9, 0xdf,
    0x60, 0x0, 0x9d, 0xf6, 0x0, 0x9, 0xdd, 0xa0,
    0x0, 0xdd, 0x7f, 0x95, 0xac, 0xd0, 0x9f, 0xe6,
    0x9d,

    /* U+0065 "e" */
    0x6, 0xdf, 0xd7, 0x6, 0xf9, 0x59, 0xf7, 0xd9,
    0x0, 0x9, 0xdf, 0x71, 0x11, 0x7f, 0xff, 0xff,
    0xff, 0xff, 0x84, 0x44, 0x43, 0xf7, 0x0, 0x0,
    0x1d, 0xc0, 0x0, 0x9d, 0x6f, 0xa5, 0x8f, 0x70,
    0x6d, 0xfe, 0x70,

    /* U+0066 "f" */
    0x0, 0x1b, 0xfd, 0x30, 0x0, 0x9f, 0x6c, 0xe0,
    0x0, 0xd9, 0x2, 0xa1, 0x0, 0xd8, 0x0, 0x0,
    0x1, 0xd8, 0x11, 0x0, 0xdf, 0xff, 0xff, 0x80,
    0x34, 0xea, 0x44, 0x20, 0x0, 0xd8, 0x0, 0x0,
    0x0, 0xd8, 0x0, 0x0, 0x0, 0xd8, 0x0, 0x0,
    0x0, 0xd8, 0x0, 0x0, 0x0, 0xd8, 0x0, 0x0,
    0x0, 0xd8, 0x0, 0x0, 0x0, 0xd8, 0x0, 0x0,

    /* U+0067 "g" */
    0x9, 0xee, 0x69, 0xd7, 0xf9, 0x5a, 0xcd, 0xda,
    0x0, 0xd, 0xdf, 0x60, 0x0, 0x9d, 0xf6, 0x0,
    0x9, 0xdf, 0x60, 0x0, 0x9d, 0xf6, 0x0, 0x9,
    0xdd, 0xa0, 0x0, 0xdd, 0x7f, 0x95, 0xac, 0xd0,
    0x9f, 0xe6, 0x9d, 0x0, 0x0, 0x9, 0xc8, 0x60,
    0x0, 0xda, 0x8f, 0x75, 0xaf, 0x30, 0x8e, 0xfd,
    0x50,

    /* U+0068 "h" */
    0xd9, 0x0, 0x0, 0xd, 0x90, 0x0, 0x0, 0xd9,
    0x0, 0x0, 0xd, 0x90, 0x0, 0x0, 0xd9, 0x6e,
    0xe7, 0xd, 0xca, 0x5a, 0xf5, 0xdd, 0x0, 0xd,
    0xbd, 0x90, 0x0, 0x9d, 0xd9, 0x0, 0x9, 0xdd,
    0x90, 0x0, 0x9d, 0xd9, 0x0, 0x9, 0xdd, 0x90,
    0x0, 0x9d, 0xd9, 0x0, 0x9, 0xdd, 0x90, 0x0,
    0x9d,

    /* U+0069 "i" */
    0x0, 0x4f, 0x70, 0x0, 0x7, 0xfa, 0x0, 0x0,
    0x5, 0x10, 0x0, 0x0, 0x0, 0x0, 0x6f, 0xff,
    0x50, 0x2, 0x56, 0xf5, 0x0, 0x0, 0x1f, 0x50,
    0x0, 0x1, 0xf5, 0x0, 0x0, 0x1f, 0x50, 0x0,
    0x1, 0xf5, 0x0, 0x0, 0x1f, 0x50, 0x0, 0x1,
    0xf5, 0x0, 0x35, 0x6f, 0x85, 0x3a, 0xff, 0xff,
    0xfa,

    /* U+006A "j" */
    0x0, 0x0, 0x6f, 0x50, 0x0, 0x8, 0xf8, 0x0,
    0x0, 0x5, 0x0, 0x0, 0x0, 0x0, 0x0, 0x8f,
    0xff, 0x50, 0x2, 0x55, 0xf5, 0x0, 0x0, 0x1f,
    0x50, 0x0, 0x1, 0xf5, 0x0, 0x0, 0x1f, 0x50,
    0x0, 0x1, 0xf5, 0x0, 0x0, 0x1f, 0x50, 0x0,
    0x1, 0xf5, 0x0, 0x0, 0x1f, 0x50, 0x0, 0x1,
    0xf5, 0x0, 0x0, 0x1f, 0x58, 0xd0, 0x4, 0xf3,
    0x4f, 0x95, 0xdd, 0x0, 0x6e, 0xfc, 0x20,

    /* U+006B "k" */
    0x9d, 0x0, 0x0, 0x9, 0xd0, 0x0, 0x0, 0x9d,
    0x0, 0x0, 0x9, 0xd0, 0x0, 0x0, 0x9d, 0x0,
    0x2f, 0x99, 0xd0, 0xc, 0xd0, 0x9d, 0x8, 0xf2,
    0x9, 0xd3, 0xf6, 0x0, 0x9e, 0xec, 0x0, 0x9,
    0xfe, 0xf3, 0x0, 0x9f, 0x3b, 0xc0, 0x9, 0xd0,
    0x2f, 0x60, 0x9d, 0x0, 0x8f, 0x19, 0xd0, 0x0,
    0xea,

    /* U+006C "l" */
    0x6f, 0xff, 0x50, 0x2, 0x56, 0xf5, 0x0, 0x0,
    0x1f, 0x50, 0x0, 0x1, 0xf5, 0x0, 0x0, 0x1f,
    0x50, 0x0, 0x1, 0xf5, 0x0, 0x0, 0x1f, 0x50,
    0x0, 0x1, 0xf5, 0x0, 0x0, 0x1f, 0x50, 0x0,
    0x1, 0xf5, 0x0, 0x0, 0x1f, 0x50, 0x0, 0x1,
    0xf5, 0x0, 0x35, 0x6f, 0x85, 0x3a, 0xff, 0xff,
    0xfa,

    /* U+006D "m" */
    0x1f, 0xbf, 0x88, 0xf7, 0x1, 0xf8, 0x7f, 0x78,
    0xf0, 0x1f, 0x32, 0xf2, 0x3f, 0x11, 0xf3, 0x2f,
    0x23, 0xf1, 0x1f, 0x32, 0xf2, 0x3f, 0x11, 0xf3,
    0x2f, 0x23, 0xf1, 0x1f, 0x32, 0xf2, 0x3f, 0x11,
    0xf3, 0x2f, 0x23, 0xf1, 0x1f, 0x32, 0xf2, 0x3f,
    0x11, 0xf3, 0x2f, 0x23, 0xf1,

    /* U+006E "n" */
    0xd9, 0x7e, 0xe7, 0xd, 0xd8, 0x38, 0xf5, 0xdc,
    0x0, 0xc, 0xbd, 0x90, 0x0, 0x9d, 0xd9, 0x0,
    0x9, 0xdd, 0x90, 0x0, 0x9d, 0xd9, 0x0, 0x9,
    0xdd, 0x90, 0x0, 0x9d, 0xd9, 0x0, 0x9, 0xdd,
    0x90, 0x0, 0x9d,

    /* U+006F "o" */
    0x6, 0xdf, 0xd6, 0x6, 0xf9, 0x59, 0xf5, 0xda,
    0x0, 0xb, 0xcf, 0x60, 0x0, 0x7f, 0xf6, 0x0,
    0x6, 0xff, 0x60, 0x0, 0x6f, 0xf6, 0x0, 0x7,
    0xfd, 0xb0, 0x0, 0xbc, 0x6f, 0x95, 0x9f, 0x50,
    0x6d, 0xfd, 0x60,

    /* U+0070 "p" */
    0xd9, 0x7e, 0xe9, 0xd, 0xd8, 0x37, 0xf7, 0xdc,
    0x0, 0xa, 0xdd, 0x90, 0x0, 0x6f, 0xd9, 0x0,
    0x6, 0xfd, 0x90, 0x0, 0x6f, 0xd9, 0x0, 0x7,
    0xfd, 0xd0, 0x0, 0xbd, 0xdc, 0xa5, 0x9f, 0x7d,
    0x96, 0xef, 0x90, 0xd9, 0x0, 0x0, 0xd, 0x90,
    0x0, 0x0, 0xd9, 0x0, 0x0, 0xd, 0x90, 0x0,
    0x0,

    /* U+0071 "q" */
    0x9, 0xee, 0x69, 0xd7, 0xf9, 0x5a, 0xcd, 0xda,
    0x0, 0xd, 0xdf, 0x60, 0x0, 0x9d, 0xf6, 0x0,
    0x9, 0xdf, 0x60, 0x0, 0x9d, 0xf6, 0x0, 0x9,
    0xdd, 0xa0, 0x0, 0xdd, 0x7f, 0x95, 0xac, 0xd0,
    0x9f, 0xe6, 0x9d, 0x0, 0x0, 0x9, 0xd0, 0x0,
    0x0, 0x9d, 0x0, 0x0, 0x9, 0xd0, 0x0, 0x0,
    0x9d,

    /* U+0072 "r" */
    0xca, 0x5e, 0xe5, 0xc, 0xca, 0x3b, 0xe0, 0xce,
    0x0, 0x4c, 0x1c, 0xb0, 0x0, 0x0, 0xca, 0x0,
    0x0, 0xc, 0xa0, 0x0, 0x0, 0xca, 0x0, 0x0,
    0xc, 0xa0, 0x0, 0x0, 0xca, 0x0, 0x0, 0xc,
    0xa0, 0x0, 0x0,

    /* U+0073 "s" */
    0x7, 0xef, 0xe7, 0x6, 0xf9, 0x58, 0xf7, 0xac,
    0x0, 0x8, 0x78, 0xf3, 0x0, 0x0, 0xc, 0xfc,
    0x60, 0x0, 0x5, 0xbf, 0xd1, 0x0, 0x0, 0x2e,
    0xa8, 0x60, 0x0, 0xac, 0x9f, 0x75, 0x8f, 0x80,
    0x8e, 0xfe, 0x80,

    /* U+0074 "t" */
    0x0, 0xf6, 0x0, 0x0, 0x0, 0xf6, 0x0, 0x0,
    0x0, 0xf6, 0x0, 0x0, 0x0, 0xf6, 0x0, 0x0,
    0xbf, 0xff, 0xff, 0x90, 0x35, 0xf9, 0x55, 0x20,
    0x0, 0xf6, 0x0, 0x0, 0x0, 0xf6, 0x0, 0x0,
    0x0, 0xf6, 0x0, 0x0, 0x0, 0xf6, 0x0, 0x0,
    0x0, 0xf6, 0x0, 0x93, 0x0, 0xe8, 0x2, 0xf4,
    0x0, 0x9e, 0x6b, 0xe0, 0x0, 0x1b, 0xfd, 0x40,

    /* U+0075 "u" */
    0xd9, 0x0, 0x9, 0xdd, 0x90, 0x0, 0x9d, 0xd9,
    0x0, 0x9, 0xdd, 0x90, 0x0, 0x9d, 0xd9, 0x0,
    0x9, 0xdd, 0x90, 0x0, 0x9d, 0xd9, 0x0, 0x9,
    0xdb, 0xd0, 0x0, 0xdd, 0x5f, 0xa5, 0xac, 0xd0,
    0x8e, 0xe6, 0x9d,

    /* U+0076 "v" */
    0x1f, 0x60, 0x0, 0x6f, 0x10, 0xca, 0x0, 0xa,
    0xc0, 0x7, 0xe0, 0x0, 0xe7, 0x0, 0x3f, 0x30,
    0x3f, 0x30, 0x0, 0xe7, 0x7, 0xe0, 0x0, 0x9,
    0xb0, 0xb9, 0x0, 0x0, 0x5f, 0x1f, 0x50, 0x0,
    0x0, 0xf9, 0xf0, 0x0, 0x0, 0xc, 0xfb, 0x0,
    0x0, 0x0, 0x7f, 0x70, 0x0,

    /* U+0077 "w" */
    0x4f, 0x0, 0x0, 0xf, 0x42, 0xf2, 0x0, 0x2,
    0xf2, 0xf, 0x40, 0x30, 0x4f, 0x0, 0xd5, 0x4f,
    0x45, 0xd0, 0xb, 0x77, 0xe7, 0x7a, 0x0, 0x89,
    0xa9, 0xa9, 0x80, 0x6, 0xbd, 0x3d, 0xb6, 0x0,
    0x3d, 0xe0, 0xed, 0x30, 0x1, 0xfb, 0xb, 0xf1,
    0x0, 0xe, 0x80, 0x8e, 0x0,

    /* U+0078 "x" */
    0xc, 0xd0, 0x0, 0xdc, 0x0, 0x3f, 0x60, 0x6f,
    0x30, 0x0, 0xae, 0xe, 0xa0, 0x0, 0x1, 0xfc,
    0xf1, 0x0, 0x0, 0x8, 0xf8, 0x0, 0x0, 0x0,
    0x8f, 0x80, 0x0, 0x0, 0x1f, 0xcf, 0x10, 0x0,
    0xa, 0xe0, 0xea, 0x0, 0x3, 0xf6, 0x6, 0xf3,
    0x0, 0xcd, 0x0, 0xd, 0xc0,

    /* U+0079 "y" */
    0xe, 0x80, 0x0, 0x8e, 0x0, 0xac, 0x0, 0xc,
    0xa0, 0x6, 0xf0, 0x0, 0xf6, 0x0, 0x1f, 0x40,
    0x4f, 0x10, 0x0, 0xd8, 0x8, 0xd0, 0x0, 0x8,
    0xc0, 0xc8, 0x0, 0x0, 0x4f, 0x2f, 0x40, 0x0,
    0x0, 0xfa, 0xf0, 0x0, 0x0, 0xb, 0xfb, 0x0,
    0x0, 0x0, 0x6f, 0x60, 0x0, 0x0, 0x5, 0xf2,
    0x0, 0x0, 0x0, 0x9d, 0x0, 0x0, 0x0, 0xd,
    0x90, 0x0, 0x0, 0x2, 0xf4, 0x0, 0x0,

    /* U+007A "z" */
    0xdf, 0xff, 0xff, 0xd4, 0x55, 0x55, 0xea, 0x0,
    0x0, 0x8e, 0x10, 0x0, 0x3f, 0x50, 0x0, 0xd,
    0x90, 0x0, 0x9, 0xd0, 0x0, 0x5, 0xf3, 0x0,
    0x1, 0xe8, 0x0, 0x0, 0xae, 0x55, 0x55, 0x4d,
    0xff, 0xff, 0xfd,

    /* U+007B "{" */
    0x0, 0x0, 0x0, 0x0, 0x0, 0x6d, 0xf3, 0x0,
    0x7f, 0x95, 0x0, 0xd, 0xa0, 0x0, 0x0, 0xe8,
    0x0, 0x0, 0x9, 0xe0, 0x0, 0x0, 0x3f, 0x30,
    0x0, 0x2, 0xf4, 0x0, 0x3, 0xcd, 0x0, 0x8,
    0xfd, 0x10, 0x0, 0x26, 0xea, 0x0, 0x0, 0x4,
    0xf2, 0x0, 0x0, 0x2f, 0x40, 0x0, 0x5, 0xf2,
    0x0, 0x0, 0xbc, 0x0, 0x0, 0xe, 0x80, 0x0,
    0x0, 0xda, 0x0, 0x0, 0x7, 0xf7, 0x20, 0x0,
    0x8, 0xff, 0x30, 0x0, 0x0, 0x30,

    /* U+007C "|" */
    0x18, 0x13, 0xf3, 0x3f, 0x33, 0xf3, 0x3f, 0x33,
    0xf3, 0x3f, 0x33, 0xf3, 0x3f, 0x33, 0xf3, 0x3f,
    0x33, 0xf3, 0x3f, 0x33, 0xf3, 0x3f, 0x33, 0xf3,
    0x3f, 0x33, 0xf3, 0x3f, 0x30,

    /* U+007D "}" */
    0x0, 0x0, 0x0, 0x3, 0xfd, 0x60, 0x0, 0x5,
    0x9f, 0x70, 0x0, 0x0, 0xad, 0x0, 0x0, 0x8,
    0xd0, 0x0, 0x0, 0xe9, 0x0, 0x0, 0x3f, 0x30,
    0x0, 0x4, 0xf2, 0x0, 0x0, 0xd, 0xc3, 0x0,
    0x0, 0x1d, 0xf8, 0x0, 0xa, 0xe6, 0x20, 0x2,
    0xf4, 0x0, 0x0, 0x4f, 0x20, 0x0, 0x2, 0xf5,
    0x0, 0x0, 0xc, 0xb0, 0x0, 0x0, 0x8e, 0x0,
    0x0, 0xa, 0xd0, 0x0, 0x27, 0xf7, 0x0, 0x3f,
    0xf8, 0x0, 0x0, 0x30, 0x0, 0x0,

    /* U+007E "~" */
    0x0, 0x36, 0x0, 0x4, 0x0, 0x3f, 0xf9, 0x2,
    0xf4, 0xb, 0xd8, 0xf2, 0x9e, 0x2, 0xf5, 0xe,
    0xdf, 0x70, 0x3c, 0x0, 0x3e, 0xb0, 0x0,

    /* U+00B0 "°" */
    0x0, 0x0, 0x1, 0xbf, 0xb1, 0x7c, 0x4d, 0x77,
    0xb1, 0xb7, 0x2e, 0xfe, 0x20, 0x2, 0x0,

    /* U+00D7 "×" */
    0x16, 0x0, 0x0, 0x6, 0x14, 0xf7, 0x0, 0x7,
    0xf4, 0x5, 0xf6, 0x7, 0xf5, 0x0, 0x6, 0xfa,
    0xf6, 0x0, 0x0, 0xa, 0xfa, 0x0, 0x0, 0x4,
    0xfc, 0xf4, 0x0, 0x4, 0xf8, 0x8, 0xf4, 0x3,
    0xf9, 0x0, 0x9, 0xf3, 0x28, 0x0, 0x0, 0x8,
    0x20,

    /* U+00F7 "÷" */
    0x0, 0x27, 0x20, 0x0, 0xa, 0xfa, 0x0, 0x0,
    0x6f, 0x60, 0x0, 0x0, 0x0, 0x0, 0x0, 0x0,
    0x0, 0xd, 0xff, 0xff, 0xfd, 0x23, 0x33, 0x33,
    0x20, 0x2, 0x82, 0x0, 0x0, 0xaf, 0xa0, 0x0,
    0x6, 0xf6, 0x0,

    /* U+0410 "А" */
    0x0, 0x6, 0xf6, 0x0, 0x0, 0x0, 0xaf, 0x90,
    0x0, 0x0, 0xd, 0xed, 0x0, 0x0, 0x0, 0xf8,
    0xf0, 0x0, 0x0, 0x3f, 0x1f, 0x30, 0x0, 0x7,
    0xd0, 0xd7, 0x0, 0x0, 0xaa, 0xa, 0xa0, 0x0,
    0xd, 0x70, 0x7d, 0x0, 0x1, 0xf5, 0x15, 0xf1,
    0x0, 0x4f, 0xff, 0xff, 0x40, 0x7, 0xe4, 0x44,
    0xe7, 0x0, 0xbb, 0x0, 0xb, 0xa0, 0xe, 0x80,
    0x0, 0x8e, 0x1, 0xf5, 0x0, 0x5, 0xf1,

    /* U+0411 "Б" */
    0xdf, 0xff, 0xff, 0x3d, 0xb5, 0x55, 0x50, 0xd9,
    0x0, 0x0, 0xd, 0x90, 0x0, 0x0, 0xd9, 0x0,
    0x0, 0xd, 0x91, 0x0, 0x0, 0xdf, 0xff, 0xe7,
    0xd, 0xa4, 0x48, 0xf6, 0xd9, 0x0, 0xa, 0xcd,
    0x90, 0x0, 0x7f, 0xd9, 0x0, 0x7, 0xfd, 0x90,
    0x0, 0xbc, 0xdb, 0x55, 0x9f, 0x5d, 0xff, 0xfd,
    0x60,

    /* U+0412 "В" */
    0xdf, 0xff, 0xc3, 0x0, 0xdb, 0x56, 0xcf, 0x20,
    0xd9, 0x0, 0xe, 0x80, 0xd9, 0x0, 0xc, 0xa0,
    0xd9, 0x0, 0xe, 0x80, 0xd9, 0x11, 0x8f, 0x20,
    0xdf, 0xff, 0xf6, 0x0, 0xda, 0x44, 0x9f, 0x40,
    0xd9, 0x0, 0x9, 0xd0, 0xd9, 0x0, 0x5, 0xf1,
    0xd9, 0x0, 0x5, 0xf1, 0xd9, 0x0, 0xa, 0xe0,
    0xdb, 0x55, 0xaf, 0x60, 0xdf, 0xff, 0xd5, 0x0,

    /* U+0413 "Г" */
    0x4f, 0xff, 0xff, 0xf4, 0xf6, 0x55, 0x55, 0x4f,
    0x20, 0x0, 0x4, 0xf2, 0x0, 0x0, 0x4f, 0x20,
    0x0, 0x4, 0xf2, 0x0, 0x0, 0x4f, 0x20, 0x0,
    0x4, 0xf2, 0x0, 0x0, 0x4f, 0x20, 0x0, 0x4,
    0xf2, 0x0, 0x0, 0x4f, 0x20, 0x0, 0x4, 0xf2,
    0x0, 0x0, 0x4f, 0x20, 0x0, 0x4, 0xf2, 0x0,
    0x0,

    /* U+0414 "Д" */
    0x0, 0xff, 0xff, 0xf9, 0x0, 0xf, 0x85, 0x5d,
    0x90, 0x0, 0xf4, 0x0, 0xc9, 0x0, 0xf, 0x40,
    0xc, 0x90, 0x0, 0xf4, 0x0, 0xc9, 0x0, 0xf,
    0x40, 0xc, 0x90, 0x0, 0xf4, 0x0, 0xc9, 0x0,
    0x1f, 0x40, 0xc, 0x90, 0x2, 0xf3, 0x0, 0xc9,
    0x0, 0x3f, 0x10, 0xc, 0x90, 0x6, 0xf0, 0x0,
    0xc9, 0x0, 0x9c, 0x0, 0xc, 0x90, 0x1d, 0xb5,
    0x55, 0xdb, 0x15, 0xff, 0xff, 0xff, 0xf5, 0x5f,
    0x0, 0x0, 0xf, 0x55, 0xf0, 0x0, 0x0, 0xf5,
    0x5f, 0x0, 0x0, 0xf, 0x50,

    /* U+0415 "Е" */
    0xbf, 0xff, 0xff, 0xdb, 0xc5, 0x55, 0x54, 0xbb,
    0x0, 0x0, 0xb, 0xb0, 0x0, 0x0, 0xbb, 0x0,
    0x0, 0xb, 0xb1, 0x11, 0x0, 0xbf, 0xff, 0xfd,
    0xb, 0xc4, 0x44, 0x30, 0xbb, 0x0, 0x0, 0xb,
    0xb0, 0x0, 0x0, 0xbb, 0x0, 0x0, 0xb, 0xb0,
    0x0, 0x0, 0xbc, 0x55, 0x55, 0x4b, 0xff, 0xff,
    0xfd,

    /* U+0416 "Ж" */
    0x6e, 0x2, 0xf2, 0xe, 0x62, 0xf2, 0x2f, 0x22,
    0xf1, 0xd, 0x62, 0xf2, 0x6d, 0x0, 0x9b, 0x2f,
    0x2b, 0x90, 0x5, 0xf2, 0xf2, 0xf5, 0x0, 0x1f,
    0x5f, 0x5f, 0x10, 0x0, 0xdf, 0xff, 0xd0, 0x0,
    0xf, 0x7f, 0x7f, 0x0, 0x3, 0xf2, 0xf2, 0xf3,
    0x0, 0x7c, 0x2f, 0x2d, 0x70, 0xb, 0x92, 0xf2,
    0x9b, 0x0, 0xe5, 0x2f, 0x25, 0xe0, 0x2f, 0x12,
    0xf2, 0x2f, 0x26, 0xe0, 0x2f, 0x20, 0xe6,

    /* U+0417 "З" */
    0x0, 0x5d, 0xfd, 0x60, 0x0, 0x4f, 0xa6, 0xaf,
    0x40, 0xa, 0xd0, 0x0, 0xcb, 0x0, 0x44, 0x0,
    0x9, 0xd0, 0x0, 0x0, 0x0, 0xbb, 0x0, 0x0,
    0x1, 0x5f, 0x50, 0x0, 0x8, 0xff, 0x90, 0x0,
    0x0, 0x24, 0x8f, 0x50, 0x0, 0x0, 0x0, 0x8e,
    0x0, 0x0, 0x0, 0x4, 0xf1, 0x8, 0x30, 0x0,
    0x5f, 0x10, 0xe9, 0x0, 0x9, 0xe0, 0x6, 0xf9,
    0x59, 0xf7, 0x0, 0x7, 0xdf, 0xd7, 0x0,

    /* U+0418 "И" */
    0xd9, 0x0, 0xf, 0xdd, 0x90, 0x5, 0xfd, 0xd9,
    0x0, 0xaf, 0xdd, 0x90, 0xf, 0xad, 0xd9, 0x4,
    0xe7, 0xdd, 0x80, 0xa9, 0x7d, 0xd8, 0xe, 0x48,
    0xdd, 0x84, 0xe0, 0x8d, 0xd7, 0x9a, 0x8, 0xdd,
    0x7e, 0x40, 0x9d, 0xda, 0xf0, 0x9, 0xdd, 0xfa,
    0x0, 0x9d, 0xdf, 0x50, 0x9, 0xdd, 0xf0, 0x0,
    0x9d,

    /* U+0419 "Й" */
    0x3f, 0x40, 0x4f, 0x20, 0x8f, 0xff, 0x80, 0x0,
    0x12, 0x10, 0x0, 0x0, 0x0, 0x0, 0xd9, 0x0,
    0xf, 0xdd, 0x90, 0x5, 0xfd, 0xd9, 0x0, 0xaf,
    0xdd, 0x90, 0xf, 0xad, 0xd9, 0x4, 0xe7, 0xdd,
    0x80, 0xa9, 0x7d, 0xd8, 0xe, 0x48, 0xdd, 0x84,
    0xe0, 0x8d, 0xd7, 0x9a, 0x8, 0xdd, 0x7e, 0x40,
    0x9d, 0xda, 0xf0, 0x9, 0xdd, 0xfa, 0x0, 0x9d,
    0xdf, 0x50, 0x9, 0xdd, 0xf0, 0x0, 0x9d,

    /* U+041A "К" */
    0x9d, 0x0, 0xb, 0xc0, 0x9d, 0x0, 0x3f, 0x40,
    0x9d, 0x0, 0xbc, 0x0, 0x9d, 0x2, 0xf5, 0x0,
    0x9d, 0xa, 0xd0, 0x0, 0x9d, 0x3f, 0x50, 0x0,
    0x9f, 0xfe, 0x0, 0x0, 0x9d, 0x6f, 0x30, 0x0,
    0x9d, 0xc, 0xa0, 0x0, 0x9d, 0x6, 0xf1, 0x0,
    0x9d, 0x0, 0xe8, 0x0, 0x9d, 0x0, 0x8e, 0x0,
    0x9d, 0x0, 0x2f, 0x50, 0x9d, 0x0, 0xb, 0xc0,

    /* U+041B "Л" */
    0x5, 0xff, 0xff, 0xfd, 0x5, 0xf5, 0x55, 0xbd,
    0x5, 0xf1, 0x0, 0x9d, 0x5, 0xf1, 0x0, 0x9d,
    0x5, 0xf1, 0x0, 0x9d, 0x5, 0xf1, 0x0, 0x9d,
    0x5, 0xf1, 0x0, 0x9d, 0x5, 0xf1, 0x0, 0x9d,
    0x5, 0xf0, 0x0, 0x9d, 0x5, 0xf0, 0x0, 0x9d,
    0x7, 0xf0, 0x0, 0x9d, 0x9, 0xc0, 0x0, 0x9d,
    0x5f, 0x70, 0x0, 0x9d, 0xba, 0x0, 0x0, 0x9d,

    /* U+041C "М" */
    0x1f, 0xc0, 0x0, 0xcf, 0x11, 0xff, 0x0, 0xf,
    0xf1, 0x1f, 0xf4, 0x4, 0xff, 0x11, 0xfc, 0x80,
    0x8c, 0xf1, 0x1f, 0x8c, 0xc, 0x8f, 0x11, 0xf4,
    0xf1, 0xf4, 0xf1, 0x1f, 0x3e, 0x8d, 0x3f, 0x11,
    0xf3, 0xaf, 0xa3, 0xf1, 0x1f, 0x36, 0xf6, 0x3f,
    0x11, 0xf3, 0x2c, 0x13, 0xf1, 0x1f, 0x40, 0x0,
    0x4f, 0x11, 0xf4, 0x0, 0x4, 0xf1, 0x1f, 0x40,
    0x0, 0x4f, 0x11, 0xf4, 0x0, 0x4, 0xf1,

    /* U+041D "Н" */
    0xd9, 0x0, 0x9, 0xdd, 0x90, 0x0, 0x9d, 0xd9,
    0x0, 0x9, 0xdd, 0x90, 0x0, 0x9d, 0xd9, 0x0,
    0x9, 0xdd, 0x91, 0x11, 0x9d, 0xdf, 0xff, 0xff,
    0xdd, 0xa4, 0x44, 0xad, 0xd9, 0x0, 0x9, 0xdd,
    0x90, 0x0, 0x9d, 0xd9, 0x0, 0x9, 0xdd, 0x90,
    0x0, 0x9d, 0xd9, 0x0, 0x9, 0xdd, 0x90, 0x0,
    0x9d,

    /* U+041E "О" */
    0x6, 0xdf, 0xd6, 0x6, 0xf9, 0x59, 0xf6, 0xda,
    0x0, 0xa, 0xdf, 0x60, 0x0, 0x6f, 0xf6, 0x0,
    0x6, 0xff, 0x60, 0x0, 0x6f, 0xf6, 0x0, 0x6,
    0xff, 0x60, 0x0, 0x6f, 0xf6, 0x0, 0x6, 0xff,
    0x60, 0x0, 0x6f, 0xf6, 0x0, 0x6, 0xfd, 0xa0,
    0x0, 0xad, 0x6f, 0x95, 0x9f, 0x60, 0x6d, 0xfd,
    0x60,

    /* U+041F "П" */
    0xdf, 0xff, 0xff, 0xdd, 0xb5, 0x55, 0xbd, 0xd9,
    0x0, 0x9, 0xdd, 0x90, 0x0, 0x9d, 0xd9, 0x0,
    0x9, 0xdd, 0x90, 0x0, 0x9d, 0xd9, 0x0, 0x9,
    0xdd, 0x90, 0x0, 0x9d, 0xd9, 0x0, 0x9, 0xdd,
    0x90, 0x0, 0x9d, 0xd9, 0x0, 0x9, 0xdd, 0x90,
    0x0, 0x9d, 0xd9, 0x0, 0x9, 0xdd, 0x90, 0x0,
    0x9d,

    /* U+0420 "Р" */
    0x9f, 0xff, 0xd7, 0x0, 0x9e, 0x55, 0x9f, 0x70,
    0x9d, 0x0, 0x9, 0xe0, 0x9d, 0x0, 0x5, 0xf1,
    0x9d, 0x0, 0x4, 0xf1, 0x9d, 0x0, 0x7, 0xf0,
    0x9d, 0x11, 0x4f, 0x90, 0x9f, 0xff, 0xfb, 0x0,
    0x9e, 0x43, 0x20, 0x0, 0x9d, 0x0, 0x0, 0x0,
    0x9d, 0x0, 0x0, 0x0, 0x9d, 0x0, 0x0, 0x0,
    0x9d, 0x0, 0x0, 0x0, 0x9d, 0x0, 0x0, 0x0,

    /* U+0421 "С" */
    0x6, 0xdf, 0xd6, 0x6, 0xfa, 0x6a, 0xf5, 0xda,
    0x0, 0xb, 0xcf, 0x60, 0x0, 0x47, 0xf6, 0x0,
    0x0, 0xf, 0x60, 0x0, 0x0, 0xf6, 0x0, 0x0,
    0xf, 0x60, 0x0, 0x0, 0xf6, 0x0, 0x0, 0xf,
    0x60, 0x0, 0x0, 0xf6, 0x0, 0x4, 0x6d, 0xa0,
    0x0, 0xbc, 0x6f, 0xa5, 0xaf, 0x50, 0x7d, 0xfd,
    0x60,

    /* U+0422 "Т" */
    0xff, 0xff, 0xff, 0xf5, 0x57, 0xf7, 0x55, 0x0,
    0x3f, 0x30, 0x0, 0x3, 0xf3, 0x0, 0x0, 0x3f,
    0x30, 0x0, 0x3, 0xf3, 0x0, 0x0, 0x3f, 0x30,
    0x0, 0x3, 0xf3, 0x0, 0x0, 0x3f, 0x30, 0x0,
    0x3, 0xf3, 0x0, 0x0, 0x3f, 0x30, 0x0, 0x3,
    0xf3, 0x0, 0x0, 0x3f, 0x30, 0x0, 0x3, 0xf3,
    0x0,

    /* U+0423 "У" */
    0xe, 0x80, 0x0, 0x8e, 0x0, 0xac, 0x0, 0xc,
    0xa0, 0x6, 0xf0, 0x0, 0xf6, 0x0, 0x1f, 0x40,
    0x4f, 0x10, 0x0, 0xd8, 0x8, 0xd0, 0x0, 0x8,
    0xc0, 0xc8, 0x0, 0x0, 0x4f, 0x2f, 0x40, 0x0,
    0x0, 0xfa, 0xf0, 0x0, 0x0, 0xb, 0xfb, 0x0,
    0x0, 0x0, 0x6f, 0x60, 0x0, 0x0, 0x5, 0xf2,
    0x0, 0x0, 0x0, 0x9d, 0x0, 0x0, 0x0, 0xd,
    0x90, 0x0, 0x0, 0x2, 0xf4, 0x0, 0x0,

    /* U+0424 "Ф" */
    0x0, 0x3, 0xf3, 0x0, 0x0, 0x0, 0x3f, 0x30,
    0x0, 0x2, 0xcf, 0xff, 0xc2, 0x0, 0xcc, 0x5f,
    0x5c, 0xc0, 0x2f, 0x32, 0xf2, 0x3f, 0x13, 0xf1,
    0x2f, 0x21, 0xf3, 0x3f, 0x12, 0xf2, 0x1f, 0x33,
    0xf1, 0x2f, 0x21, 0xf3, 0x3f, 0x12, 0xf2, 0x1f,
    0x32, 0xf2, 0x2f, 0x22, 0xf2, 0xd, 0xa3, 0xf3,
    0xad, 0x0, 0x3e, 0xff, 0xfe, 0x30, 0x0, 0x5,
    0xf5, 0x0, 0x0, 0x0, 0x3f, 0x30, 0x0,

    /* U+0425 "Х" */
    0xe, 0x90, 0x0, 0x9e, 0x0, 0x8f, 0x0, 0xf,
    0x80, 0x1, 0xf6, 0x6, 0xf1, 0x0, 0xa, 0xc0,
    0xca, 0x0, 0x0, 0x4f, 0x6f, 0x30, 0x0, 0x0,
    0xdf, 0xd0, 0x0, 0x0, 0x6, 0xf6, 0x0, 0x0,
    0x0, 0x6f, 0x60, 0x0, 0x0, 0xd, 0xfd, 0x0,
    0x0, 0x4, 0xf6, 0xf4, 0x0, 0x0, 0xac, 0xc,
    0xa0, 0x0, 0x1f, 0x60, 0x6f, 0x10, 0x8, 0xf0,
    0x0, 0xf8, 0x0, 0xe9, 0x0, 0x9, 0xe0,

    /* U+0426 "Ц" */
    0xd9, 0x0, 0x9, 0xd0, 0xd9, 0x0, 0x9, 0xd0,
    0xd9, 0x0, 0x9, 0xd0, 0xd9, 0x0, 0x9, 0xd0,
    0xd9, 0x0, 0x9, 0xd0, 0xd9, 0x0, 0x9, 0xd0,
    0xd9, 0x0, 0x9, 0xd0, 0xd9, 0x0, 0x9, 0xd0,
    0xd9, 0x0, 0x9, 0xd0, 0xd9, 0x0, 0x9, 0xd0,
    0xd9, 0x0, 0x9, 0xd0, 0xd9, 0x0, 0x9, 0xd0,
    0xdb, 0x55, 0x5b, 0xe3, 0xdf, 0xff, 0xff, 0xfa,
    0x0, 0x0, 0x0, 0x9a, 0x0, 0x0, 0x0, 0x9a,
    0x0, 0x0, 0x0, 0x8a,

    /* U+0427 "Ч" */
    0xd9, 0x0, 0x9, 0xdd, 0x90, 0x0, 0x9d, 0xd9,
    0x0, 0x9, 0xdd, 0x90, 0x0, 0x9d, 0xd9, 0x0,
    0x9, 0xdd, 0x90, 0x0, 0x9d, 0xd9, 0x0, 0x9,
    0xdb, 0xb0, 0x0, 0x9d, 0x7f, 0x71, 0x3d, 0xd0,
    0xaf, 0xff, 0xfd, 0x0, 0x13, 0x29, 0xd0, 0x0,
    0x0, 0x9d, 0x0, 0x0, 0x9, 0xd0, 0x0, 0x0,
    0x9d,

    /* U+0428 "Ш" */
    0x1f, 0x32, 0xf2, 0x3f, 0x11, 0xf3, 0x2f, 0x23,
    0xf1, 0x1f, 0x32, 0xf2, 0x3f, 0x11, 0xf3, 0x2f,
    0x23, 0xf1, 0x1f, 0x32, 0xf2, 0x3f, 0x11, 0xf3,
    0x2f, 0x23, 0xf1, 0x1f, 0x32, 0xf2, 0x3f, 0x11,
    0xf3, 0x2f, 0x23, 0xf1, 0x1f, 0x32, 0xf2, 0x3f,
    0x11, 0xf3, 0x2f, 0x23, 0xf1, 0x1f, 0x32, 0xf2,
    0x3f, 0x11, 0xf3, 0x2f, 0x23, 0xf1, 0x1f, 0x76,
    0xf6, 0x7f, 0x11, 0xff, 0xff, 0xff, 0xf1,

    /* U+0429 "Щ" */
    0x1f, 0x32, 0xf2, 0x3f, 0x11, 0xf3, 0x2f, 0x23,
    0xf1, 0x1f, 0x32, 0xf2, 0x3f, 0x11, 0xf3, 0x2f,
    0x23, 0xf1, 0x1f, 0x32, 0xf2, 0x3f, 0x11, 0xf3,
    0x2f, 0x23, 0xf1, 0x1f, 0x32, 0xf2, 0x3f, 0x11,
    0xf3, 0x2f, 0x23, 0xf1, 0x1f, 0x32, 0xf2, 0x3f,
    0x11, 0xf3, 0x2f, 0x23, 0xf1, 0x1f, 0x32, 0xf2,
    0x3f, 0x11, 0xf3, 0x2f, 0x23, 0xf1, 0x1f, 0x76,
    0xf6, 0x7f, 0x51, 0xff, 0xff, 0xff, 0xff, 0x0,
    0x0, 0x0, 0x4, 0xf0, 0x0, 0x0, 0x0, 0x4f,
    0x0, 0x0, 0x0, 0x4, 0xf0,

    /* U+042A "Ъ" */
    0x9f, 0xf8, 0x0, 0x0, 0x25, 0xe8, 0x0, 0x0,
    0x0, 0xd8, 0x0, 0x0, 0x0, 0xd8, 0x0, 0x0,
    0x0, 0xd8, 0x0, 0x0, 0x0, 0xd9, 0x0, 0x0,
    0x0, 0xdf, 0xff, 0x80, 0x0, 0xda, 0x47, 0xf6,
    0x0, 0xd8, 0x0, 0xad, 0x0, 0xd8, 0x0, 0x7f,
    0x0, 0xd8, 0x0, 0x7f, 0x0, 0xd8, 0x0, 0xac,
    0x0, 0xdb, 0x58, 0xf6, 0x0, 0xdf, 0xfe, 0x70,

    /* U+042B "Ы" */
    0x1f, 0x30, 0x0, 0x3f, 0x11, 0xf3, 0x0, 0x3,
    0xf1, 0x1f, 0x30, 0x0, 0x3f, 0x11, 0xf3, 0x0,
    0x3, 0xf1, 0x1f, 0x30, 0x0, 0x3f, 0x11, 0xf3,
    0x0, 0x3, 0xf1, 0x1f, 0xfe, 0x50, 0x3f, 0x11,
    0xf6, 0x7f, 0x33, 0xf1, 0x1f, 0x30, 0xc8, 0x3f,
    0x11, 0xf3, 0xa, 0xa3, 0xf1, 0x1f, 0x30, 0xaa,
    0x3f, 0x11, 0xf3, 0xc, 0x83, 0xf1, 0x1f, 0x68,
    0xf3, 0x3f, 0x11, 0xff, 0xe6, 0x3, 0xf1,

    /* U+042C "Ь" */
    0xd9, 0x0, 0x0, 0xd, 0x90, 0x0, 0x0, 0xd9,
    0x0, 0x0, 0xd, 0x90, 0x0, 0x0, 0xd9, 0x0,
    0x0, 0xd, 0x91, 0x0, 0x0, 0xdf, 0xff, 0xe7,
    0xd, 0xa4, 0x48, 0xf6, 0xd9, 0x0, 0xa, 0xcd,
    0x90, 0x0, 0x7f, 0xd9, 0x0, 0x7, 0xfd, 0x90,
    0x0, 0xbc, 0xdb, 0x55, 0x9f, 0x5d, 0xff, 0xfd,
    0x60,

    /* U+042D "Э" */
    0x7, 0xdf, 0xd6, 0x6, 0xf9, 0x59, 0xf6, 0xcb,
    0x0, 0xa, 0xd4, 0x20, 0x0, 0x6f, 0x0, 0x0,
    0x6, 0xf0, 0x0, 0x11, 0x7f, 0x0, 0x8f, 0xff,
    0xf0, 0x2, 0x44, 0x8f, 0x0, 0x0, 0x6, 0xf0,
    0x0, 0x0, 0x6f, 0x96, 0x0, 0x7, 0xfb, 0xc0,
    0x0, 0xbd, 0x5f, 0xa6, 0xaf, 0x60, 0x6d, 0xfd,
    0x70,

    /* U+042E "Ю" */
    0x1f, 0x30, 0xaf, 0xd3, 0x1, 0xf3, 0x7e, 0x29,
    0xd0, 0x1f, 0x3a, 0xa0, 0x3f, 0x1, 0xf3, 0xaa,
    0x3, 0xf1, 0x1f, 0x3a, 0xa0, 0x3f, 0x11, 0xf3,
    0xaa, 0x3, 0xf1, 0x1f, 0xff, 0xa0, 0x3f, 0x11,
    0xf6, 0xba, 0x3, 0xf1, 0x1f, 0x3a, 0xa0, 0x3f,
    0x11, 0xf3, 0xaa, 0x3, 0xf1, 0x1f, 0x3a, 0xa0,
    0x3f, 0x11, 0xf3, 0xaa, 0x3, 0xf0, 0x1f, 0x36,
    0xf5, 0xbd, 0x1, 0xf3, 0xa, 0xfd, 0x40,

    /* U+042F "Я" */
    0x0, 0x6d, 0xff, 0xfd, 0x5, 0xf9, 0x55, 0xbd,
    0xc, 0xb0, 0x0, 0x9d, 0xf, 0x70, 0x0, 0x9d,
    0xf, 0x60, 0x0, 0x9d, 0xd, 0x90, 0x0, 0x9d,
    0x7, 0xf5, 0x11, 0x9d, 0x0, 0xaf, 0xff, 0xfd,
    0x0, 0xc, 0xc4, 0xad, 0x0, 0x3f, 0x50, 0x9d,
    0x0, 0xad, 0x0, 0x9d, 0x2, 0xf6, 0x0, 0x9d,
    0x9, 0xe0, 0x0, 0x9d, 0x1f, 0x70, 0x0, 0x9d,

    /* U+0430 "а" */
    0x8, 0xef, 0xe7, 0x8, 0xf8, 0x59, 0xf6, 0x97,
    0x0, 0xb, 0xb0, 0x0, 0x1, 0x9d, 0x8, 0xef,
    0xff, 0xd9, 0xf7, 0x44, 0xad, 0xe8, 0x0, 0x9,
    0xde, 0x80, 0x0, 0xdd, 0xaf, 0x85, 0xad, 0xd1,
    0xaf, 0xe7, 0x9d,

    /* U+0431 "б" */
    0x0, 0x0, 0x0, 0x1, 0x0, 0x3, 0x7a, 0xec,
    0x0, 0xaf, 0xda, 0x72, 0x6, 0xf5, 0x0, 0x0,
    0xc, 0x90, 0x0, 0x0, 0xf, 0x57, 0xef, 0x90,
    0xf, 0xa9, 0x59, 0xf7, 0xf, 0xa0, 0x0, 0xbd,
    0xf, 0x60, 0x0, 0x7f, 0xf, 0x60, 0x0, 0x6f,
    0xf, 0x60, 0x0, 0x6f, 0xf, 0x60, 0x0, 0x7f,
    0xc, 0xa0, 0x0, 0xbc, 0x6, 0xf9, 0x59, 0xf5,
    0x0, 0x6d, 0xfd, 0x60,

    /* U+0432 "в" */
    0xdf, 0xff, 0xe8, 0x0, 0xdb, 0x55, 0x8f, 0x60,
    0xd9, 0x0, 0xc, 0xa0, 0xd9, 0x11, 0x4f, 0x70,
    0xdf, 0xff, 0xfd, 0x0, 0xda, 0x44, 0x6e, 0xa0,
    0xd9, 0x0, 0x5, 0xf1, 0xd9, 0x0, 0x6, 0xf1,
    0xdb, 0x55, 0x7e, 0xb0, 0xdf, 0xff, 0xea, 0x10,

    /* U+0433 "г" */
    0x4f, 0xff, 0xff, 0xf4, 0xf6, 0x55, 0x55, 0x4f,
    0x20, 0x0, 0x4, 0xf2, 0x0, 0x0, 0x4f, 0x20,
    0x0, 0x4, 0xf2, 0x0, 0x0, 0x4f, 0x20, 0x0,
    0x4, 0xf2, 0x0, 0x0, 0x4f, 0x20, 0x0, 0x4,
    0xf2, 0x0, 0x0,

    /* U+0434 "д" */
    0x0, 0xff, 0xff, 0xf9, 0x0, 0xf, 0x85, 0x5d,
    0x90, 0x0, 0xf4, 0x0, 0xc9, 0x0, 0xf, 0x40,
    0xc, 0x90, 0x0, 0xf4, 0x0, 0xc9, 0x0, 0x1f,
    0x30, 0xc, 0x90, 0x3, 0xf2, 0x0, 0xc9, 0x0,
    0x7e, 0x0, 0xc, 0x90, 0x1d, 0xc5, 0x55, 0xdb,
    0x15, 0xff, 0xff, 0xff, 0xf5, 0x5f, 0x0, 0x0,
    0xf, 0x55, 0xf0, 0x0, 0x0, 0xf5, 0x5f, 0x0,
    0x0, 0xf, 0x50,

    /* U+0435 "е" */
    0x6, 0xdf, 0xd7, 0x6, 0xf9, 0x59, 0xf7, 0xd9,
    0x0, 0x9, 0xdf, 0x71, 0x11, 0x7f, 0xff, 0xff,
    0xff, 0xff, 0x84, 0x44, 0x43, 0xf7, 0x0, 0x0,
    0x1d, 0xc0, 0x0, 0x9d, 0x6f, 0xa5, 0x8f, 0x70,
    0x6d, 0xfe, 0x70,

    /* U+0436 "ж" */
    0x5f, 0x2, 0xf2, 0xf, 0x50, 0xf5, 0x2f, 0x25,
    0xf0, 0xa, 0xb2, 0xf2, 0xba, 0x0, 0x4f, 0x3f,
    0x3f, 0x40, 0x0, 0xff, 0xff, 0xf0, 0x0, 0x2f,
    0x6f, 0x6f, 0x20, 0x7, 0xd2, 0xf2, 0xd7, 0x0,
    0xc8, 0x2f, 0x28, 0xc0, 0x1f, 0x42, 0xf2, 0x4f,
    0x15, 0xf0, 0x2f, 0x20, 0xf5,

    /* U+0437 "з" */
    0x0, 0x8e, 0xfe, 0x80, 0x0, 0x7f, 0x85, 0x8f,
    0x80, 0x6, 0x60, 0x0, 0xac, 0x0, 0x0, 0x1,
    0x3d, 0xa0, 0x0, 0x8, 0xff, 0xd1, 0x0, 0x0,
    0x24, 0x6e, 0xa0, 0x0, 0x0, 0x0, 0x5f, 0x10,
    0xb5, 0x0, 0x6, 0xf0, 0xa, 0xe7, 0x57, 0xfb,
    0x0, 0x9, 0xef, 0xe9, 0x0,

    /* U+0438 "и" */
    0xd9, 0x0, 0x1f, 0xdd, 0x90, 0x8, 0xfd, 0xd9,
    0x1, 0xfb, 0xdd, 0x90, 0x7d, 0x7d, 0xd8, 0xe,
    0x58, 0xdd, 0x86, 0xe0, 0x8d, 0xd7, 0xd7, 0x9,
    0xdd, 0xbf, 0x10, 0x9d, 0xdf, 0x80, 0x9, 0xdd,
    0xf1, 0x0, 0x9d,

    /* U+0439 "й" */
    0x3f, 0x40, 0x4f, 0x20, 0x9f, 0xff, 0x80, 0x0,
    0x12, 0x10, 0x0, 0x0, 0x0, 0x0, 0xd9, 0x0,
    0x1f, 0xdd, 0x90, 0x8, 0xfd, 0xd9, 0x1, 0xfb,
    0xdd, 0x90, 0x7d, 0x7d, 0xd8, 0xe, 0x58, 0xdd,
    0x86, 0xe0, 0x8d, 0xd7, 0xd7, 0x9, 0xdd, 0xbf,
    0x10, 0x9d, 0xdf, 0x80, 0x9, 0xdd, 0xf1, 0x0,
    0x9d,

    /* U+043A "к" */
    0x9d, 0x0, 0xe, 0xa9, 0xd0, 0x9, 0xe1, 0x9d,
    0x3, 0xf5, 0x9, 0xd1, 0xdb, 0x0, 0x9f, 0xff,
    0x20, 0x9, 0xd4, 0xf7, 0x0, 0x9d, 0x8, 0xf1,
    0x9, 0xd0, 0xe, 0x90, 0x9d, 0x0, 0x6f, 0x29,
    0xd0, 0x0, 0xdb,

    /* U+043B "л" */
    0x5, 0xff, 0xff, 0xfd, 0x5, 0xf5, 0x55, 0xbd,
    0x5, 0xf1, 0x0, 0x9d, 0x5, 0xf1, 0x0, 0x9d,
    0x5, 0xf1, 0x0, 0x9d, 0x5, 0xf0, 0x0, 0x9d,
    0x6, 0xf0, 0x0, 0x9d, 0x8, 0xe0, 0x0, 0x9d,
    0x4e, 0x90, 0x0, 0x9d, 0xbb, 0x10, 0x0, 0x9d,

    /* U+043C "м" */
    0x1f, 0xf0, 0x0, 0xff, 0x11, 0xff, 0x40, 0x4f,
    0xf1, 0x1f, 0xc7, 0x7, 0xcf, 0x11, 0xf9, 0xa0,
    0xa9, 0xf1, 0x1f, 0x6e, 0xe, 0x6f, 0x11, 0xf3,
    0xf3, 0xf3, 0xf1, 0x1f, 0x3c, 0xac, 0x3f, 0x11,
    0xf3, 0x9f, 0x93, 0xf1, 0x1f, 0x46, 0xf6, 0x4f,
    0x11, 0xf4, 0x2f, 0x24, 0xf1,

    /* U+043D "н" */
    0xd9, 0x0, 0x9, 0xdd, 0x90, 0x0, 0x9d, 0xd9,
    0x0, 0x9, 0xdd, 0x91, 0x11, 0x9d, 0xdf, 0xff,
    0xff, 0xdd, 0xa4, 0x44, 0xad, 0xd9, 0x0, 0x9,
    0xdd, 0x90, 0x0, 0x9d, 0xd9, 0x0, 0x9, 0xdd,
    0x90, 0x0, 0x9d,

    /* U+043E "о" */
    0x6, 0xdf, 0xd6, 0x6, 0xf9, 0x59, 0xf5, 0xda,
    0x0, 0xb, 0xcf, 0x60, 0x0, 0x7f, 0xf6, 0x0,
    0x6, 0xff, 0x60, 0x0, 0x6f, 0xf6, 0x0, 0x7,
    0xfd, 0xb0, 0x0, 0xbc, 0x6f, 0x95, 0x9f, 0x50,
    0x6d, 0xfd, 0x60,

    /* U+043F "п" */
    0xdf, 0xff, 0xff, 0xdd, 0xb5, 0x55, 0xbd, 0xd9,
    0x0, 0x9, 0xdd, 0x90, 0x0, 0x9d, 0xd9, 0x0,
    0x9, 0xdd, 0x90, 0x0, 0x9d, 0xd9, 0x0, 0x9,
    0xdd, 0x90, 0x0, 0x9d, 0xd9, 0x0, 0x9, 0xdd,
    0x90, 0x0, 0x9d,

    /* U+0440 "р" */
    0xd9, 0x7e, 0xe9, 0xd, 0xd8, 0x37, 0xf7, 0xdc,
    0x0, 0xa, 0xdd, 0x90, 0x0, 0x6f, 0xd9, 0x0,
    0x6, 0xfd, 0x90, 0x0, 0x6f, 0xd9, 0x0, 0x7,
    0xfd, 0xd0, 0x0, 0xbd, 0xdc, 0xa5, 0x9f, 0x7d,
    0x96, 0xef, 0x90, 0xd9, 0x0, 0x0, 0xd, 0x90,
    0x0, 0x0, 0xd9, 0x0, 0x0, 0xd, 0x90, 0x0,
    0x0,

    /* U+0441 "с" */
    0x6, 0xdf, 0xd6, 0x6, 0xf9, 0x5a, 0xf5, 0xdb,
    0x0, 0xb, 0xbf, 0x60, 0x0, 0x46, 0xf6, 0x0,
    0x0, 0xf, 0x60, 0x0, 0x0, 0xf6, 0x0, 0x4,
    0x6d, 0xb0, 0x0, 0xbc, 0x6f, 0x95, 0xaf, 0x50,
    0x6d, 0xfd, 0x60,

    /* U+0442 "т" */
    0xff, 0xff, 0xff, 0xf5, 0x57, 0xf7, 0x55, 0x0,
    0x3f, 0x30, 0x0, 0x3, 0xf3, 0x0, 0x0, 0x3f,
    0x30, 0x0, 0x3, 0xf3, 0x0, 0x0, 0x3f, 0x30,
    0x0, 0x3, 0xf3, 0x0, 0x0, 0x3f, 0x30, 0x0,
    0x3, 0xf3, 0x0,

    /* U+0443 "у" */
    0xe, 0x80, 0x0, 0x8e, 0x0, 0xac, 0x0, 0xc,
    0xa0, 0x6, 0xf0, 0x0, 0xf6, 0x0, 0x1f, 0x40,
    0x4f, 0x10, 0x0, 0xd8, 0x8, 0xd0, 0x0, 0x8,
    0xc0, 0xc8, 0x0, 0x0, 0x4f, 0x2f, 0x40, 0x0,
    0x0, 0xfa, 0xf0, 0x0, 0x0, 0xb, 0xfb, 0x0,
    0x0, 0x0, 0x6f, 0x60, 0x0, 0x0, 0x5, 0xf2,
    0x0, 0x0, 0x0, 0x9d, 0x0, 0x0, 0x0, 0xd,
    0x90, 0x0, 0x0, 0x2, 0xf4, 0x0, 0x0,

    /* U+0444 "ф" */
    0x0, 0x3, 0xf3, 0x0, 0x0, 0x0, 0x3f, 0x30,
    0x0, 0x0, 0x3, 0xf3, 0x0, 0x0, 0x0, 0x3f,
    0x30, 0x0, 0x1, 0xbf, 0xff, 0xb1, 0x0, 0xbc,
    0x6f, 0x6c, 0xb0, 0x1f, 0x42, 0xf2, 0x4f, 0x13,
    0xf1, 0x2f, 0x21, 0xf3, 0x3f, 0x12, 0xf2, 0x1f,
    0x33, 0xf1, 0x2f, 0x21, 0xf3, 0x3f, 0x12, 0xf2,
    0x1f, 0x31, 0xf4, 0x2f, 0x24, 0xf1, 0xb, 0xc6,
    0xf6, 0xdb, 0x0, 0x1b, 0xff, 0xfb, 0x10, 0x0,
    0x3, 0xf3, 0x0, 0x0, 0x0, 0x3f, 0x30, 0x0,
    0x0, 0x3, 0xf3, 0x0, 0x0, 0x0, 0x3f, 0x30,
    0x0,

    /* U+0445 "х" */
    0xc, 0xd0, 0x0, 0xdc, 0x0, 0x3f, 0x60, 0x6f,
    0x30, 0x0, 0xae, 0xe, 0xa0, 0x0, 0x1, 0xfc,
    0xf1, 0x0, 0x0, 0x8, 0xf8, 0x0, 0x0, 0x0,
    0x8f, 0x80, 0x0, 0x0, 0x1f, 0xcf, 0x10, 0x0,
    0xa, 0xe0, 0xea, 0x0, 0x3, 0xf6, 0x6, 0xf3,
    0x0, 0xcd, 0x0, 0xd, 0xc0,

    /* U+0446 "ц" */
    0xd9, 0x0, 0x9, 0xd0, 0xd9, 0x0, 0x9, 0xd0,
    0xd9, 0x0, 0x9, 0xd0, 0xd9, 0x0, 0x9, 0xd0,
    0xd9, 0x0, 0x9, 0xd0, 0xd9, 0x0, 0x9, 0xd0,
    0xd9, 0x0, 0x9, 0xd0, 0xd9, 0x0, 0x9, 0xd0,
    0xdb, 0x55, 0x5b, 0xe3, 0xdf, 0xff, 0xff, 0xfa,
    0x0, 0x0, 0x0, 0x9a, 0x0, 0x0, 0x0, 0x9a,
    0x0, 0x0, 0x0, 0x8a,

    /* U+0447 "ч" */
    0xd9, 0x0, 0x9, 0xdd, 0x90, 0x0, 0x9d, 0xd9,
    0x0, 0x9, 0xdd, 0x90, 0x0, 0x9d, 0xbb, 0x0,
    0x9, 0xd6, 0xf7, 0x13, 0xdd, 0x9, 0xff, 0xff,
    0xd0, 0x1, 0x32, 0x9d, 0x0, 0x0, 0x9, 0xd0,
    0x0, 0x0, 0x9d,

    /* U+0448 "ш" */
    0x1f, 0x32, 0xf2, 0x3f, 0x11, 0xf3, 0x2f, 0x23,
    0xf1, 0x1f, 0x32, 0xf2, 0x3f, 0x11, 0xf3, 0x2f,
    0x23, 0xf1, 0x1f, 0x32, 0xf2, 0x3f, 0x11, 0xf3,
    0x2f, 0x23, 0xf1, 0x1f, 0x32, 0xf2, 0x3f, 0x11,
    0xf3, 0x2f, 0x23, 0xf1, 0x1f, 0x76, 0xf6, 0x7f,
    0x11, 0xff, 0xff, 0xff, 0xf1,

    /* U+0449 "щ" */
    0x1f, 0x32, 0xf2, 0x3f, 0x11, 0xf3, 0x2f, 0x23,
    0xf1, 0x1f, 0x32, 0xf2, 0x3f, 0x11, 0xf3, 0x2f,
    0x23, 0xf1, 0x1f, 0x32, 0xf2, 0x3f, 0x11, 0xf3,
    0x2f, 0x23, 0xf1, 0x1f, 0x32, 0xf2, 0x3f, 0x11,
    0xf3, 0x2f, 0x23, 0xf1, 0x1f, 0x76, 0xf6, 0x7f,
    0x51, 0xff, 0xff, 0xff, 0xff, 0x0, 0x0, 0x0,
    0x4, 0xf0, 0x0, 0x0, 0x0, 0x4f, 0x0, 0x0,
    0x0, 0x4, 0xf0,

    /* U+044A "ъ" */
    0x9f, 0xf8, 0x0, 0x0, 0x25, 0xe8, 0x0, 0x0,
    0x0, 0xd8, 0x0, 0x0, 0x0, 0xd9, 0x10, 0x0,
    0x0, 0xdf, 0xff, 0xc1, 0x0, 0xda, 0x45, 0xeb,
    0x0, 0xd8, 0x0, 0x7f, 0x0, 0xd8, 0x0, 0x7e,
    0x0, 0xdb, 0x56, 0xea, 0x0, 0xdf, 0xff, 0xb1,

    /* U+044B "ы" */
    0x1f, 0x30, 0x0, 0x3f, 0x11, 0xf3, 0x0, 0x3,
    0xf1, 0x1f, 0x30, 0x0, 0x3f, 0x11, 0xf3, 0x0,
    0x3, 0xf1, 0x1f, 0xff, 0xa0, 0x3f, 0x11, 0xf6,
    0x5f, 0x63, 0xf1, 0x1f, 0x30, 0xaa, 0x3f, 0x11,
    0xf3, 0xa, 0xa3, 0xf1, 0x1f, 0x65, 0xf6, 0x3f,
    0x11, 0xff, 0xf9, 0x3, 0xf1,

    /* U+044C "ь" */
    0xd9, 0x0, 0x0, 0xd, 0x90, 0x0, 0x0, 0xd9,
    0x0, 0x0, 0xd, 0x91, 0x10, 0x0, 0xdf, 0xff,
    0xfb, 0x1d, 0xa4, 0x45, 0xea, 0xd9, 0x0, 0x7,
    0xed, 0x90, 0x0, 0x8e, 0xdb, 0x55, 0x6e, 0xad,
    0xff, 0xff, 0xa1,

    /* U+044D "э" */
    0x7, 0xef, 0xd6, 0x6, 0xf9, 0x59, 0xf6, 0xca,
    0x0, 0xa, 0xc2, 0x10, 0x11, 0x7f, 0x0, 0x8f,
    0xff, 0xf0, 0x2, 0x44, 0x8f, 0xa6, 0x0, 0x7,
    0xfb, 0xc0, 0x0, 0xcc, 0x4f, 0xa5, 0x9f, 0x60,
    0x5d, 0xfd, 0x60,

    /* U+044E "ю" */
    0x1f, 0x30, 0xbf, 0xd3, 0x1, 0xf3, 0x7e, 0x39,
    0xd0, 0x1f, 0x3a, 0xa0, 0x3f, 0x1, 0xf3, 0xaa,
    0x3, 0xf1, 0x1f, 0xff, 0xa0, 0x3f, 0x11, 0xf6,
    0xba, 0x3, 0xf1, 0x1f, 0x3a, 0xa0, 0x3f, 0x11,
    0xf3, 0x9b, 0x4, 0xf0, 0x1f, 0x36, 0xf5, 0xbd,
    0x1, 0xf3, 0x9, 0xfd, 0x30,

    /* U+044F "я" */
    0x0, 0xaf, 0xff, 0xfd, 0xa, 0xf7, 0x55, 0xbd,
    0xe, 0x80, 0x0, 0x9d, 0xf, 0x70, 0x0, 0x9d,
    0xb, 0xd2, 0x11, 0x9d, 0x2, 0xef, 0xff, 0xfd,
    0x0, 0x1f, 0xa4, 0xad, 0x0, 0xae, 0x10, 0x9d,
    0x4, 0xf5, 0x0, 0x9d, 0xe, 0xa0, 0x0, 0x9d,

    /* U+0451 "ё" */
    0x3e, 0x80, 0x8e, 0x35, 0xfb, 0xb, 0xf5, 0x4,
    0x10, 0x14, 0x0, 0x0, 0x0, 0x0, 0x6, 0xdf,
    0xd7, 0x6, 0xf9, 0x59, 0xf7, 0xd9, 0x0, 0x9,
    0xdf, 0x71, 0x11, 0x7f, 0xff, 0xff, 0xff, 0xff,
    0x84, 0x44, 0x43, 0xf7, 0x0, 0x0, 0x1d, 0xc0,
    0x0, 0x9d, 0x6f, 0xa5, 0x8f, 0x70, 0x6d, 0xfe,
    0x70,

    /* U+2022 "•" */
    0x1, 0x8a, 0x81, 0x0, 0xcf, 0xff, 0xc0, 0x2f,
    0xff, 0xff, 0x12, 0xff, 0xff, 0xf2, 0xe, 0xff,
    0xfe, 0x0, 0x3c, 0xfc, 0x30,

    /* U+2212 "−" */
    0xdf, 0xff, 0xff, 0xb3, 0x44, 0x44, 0x43,

    /* U+E257 "" */
    0x0, 0x0, 0x0, 0x18, 0xc8, 0x20, 0x0, 0x0,
    0x0, 0x0, 0x0, 0x3a, 0xff, 0xff, 0xfb, 0x40,
    0x0, 0x0, 0x0, 0x6d, 0xff, 0xff, 0xff, 0xff,
    0xfd, 0x71, 0x0, 0x8f, 0xff, 0xff, 0xff, 0xff,
    0xff, 0xff, 0xff, 0x90, 0x6, 0xdf, 0xff, 0xff,
    0xff, 0xff, 0xff, 0xe7, 0x10, 0x0, 0x4, 0xbf,
    0xff, 0xff, 0xff, 0xb5, 0x0, 0x0, 0x6a, 0x50,
    0x2, 0x8e, 0xfe, 0x92, 0x0, 0x4a, 0x70, 0x29,
    0xfe, 0x71, 0x0, 0x30, 0x1, 0x7d, 0xfa, 0x30,
    0x0, 0x17, 0xdf, 0xa3, 0x3, 0x9f, 0xe7, 0x10,
    0x0, 0x6a, 0x40, 0x4, 0xbf, 0xff, 0xb5, 0x0,
    0x4a, 0x60, 0x39, 0xfd, 0x71, 0x1, 0x62, 0x0,
    0x6d, 0xfa, 0x30, 0x0, 0x17, 0xdf, 0xa3, 0x3,
    0x9f, 0xe7, 0x10, 0x0, 0x0, 0x0, 0x4, 0xbf,
    0xff, 0xb5, 0x0, 0x0, 0x0, 0x0, 0x0, 0x0,
    0x2, 0x62, 0x0, 0x0, 0x0, 0x0,

    /* U+E690 "" */
    0x0, 0x1a, 0xb2, 0x0, 0x0, 0x0, 0x0, 0x0,
    0x11, 0x9f, 0xfd, 0x2, 0x22, 0x22, 0x22, 0x20,
    0xfc, 0xbf, 0xff, 0x7f, 0xff, 0xff, 0xff, 0xfa,
    0x77, 0xbf, 0xfe, 0x49, 0x99, 0x99, 0x99, 0x95,
    0x0, 0x5f, 0xf8, 0x0, 0x0, 0x0, 0x0, 0x0,
    0x0, 0x1, 0x20, 0x0, 0x0, 0x39, 0x50, 0x0,
    0x0, 0x0, 0x0, 0x0, 0x1, 0xff, 0xf4, 0x0,
    0xdf, 0xff, 0xff, 0xff, 0xf5, 0xff, 0xf7, 0xf9,
    0xac, 0xcc, 0xcc, 0xcc, 0xc5, 0xff, 0xf7, 0xc6,
    0x0, 0x0, 0x0, 0x0, 0x0, 0xef, 0xf2, 0x0,
    0x0, 0x0, 0x0, 0x54, 0x0, 0x15, 0x20, 0x0,
    0x0, 0x0, 0x9, 0xff, 0x80, 0x0, 0x0, 0x0,
    0xac, 0xcc, 0x7d, 0xff, 0xc8, 0xcc, 0xcc, 0xc7,
    0xdf, 0xff, 0x9d, 0xff, 0xca, 0xff, 0xff, 0xf9,
    0x0, 0x0, 0xa, 0xff, 0x90, 0x0, 0x0, 0x0,
    0x0, 0x0, 0x1, 0x87, 0x0, 0x0, 0x0, 0x0,

    /* U+E70F "" */
    0x0, 0x0, 0x0, 0x0, 0x0, 0x0, 0x1, 0x0,
    0x0, 0x0, 0x2, 0x57, 0xac, 0xef, 0x35, 0x7a,
    0xc9, 0x9f, 0xff, 0xff, 0xff, 0xff, 0xff, 0xfb,
    0x9f, 0xff, 0xff, 0xff, 0xff, 0xff, 0xfb, 0x9f,
    0xff, 0xff, 0xff, 0xff, 0xff, 0xfb, 0x9f, 0xff,
    0xff, 0xff, 0xff, 0xff, 0xfb, 0x9f, 0xff, 0xff,
    0xff, 0x99, 0x99, 0x96, 0x59, 0x99, 0x88, 0x88,
    0xdd, 0xdc, 0xc8, 0x7b, 0xbb, 0xbb, 0xbb, 0xff,
    0xff, 0xfb, 0x9f, 0xff, 0xff, 0xff, 0xff, 0xff,
    0xfb, 0x9f, 0xff, 0xff, 0xff, 0xff, 0xff, 0xfb,
    0x9f, 0xff, 0xff, 0xff, 0xff, 0xff, 0xfb, 0x9f,
    0xff, 0xff, 0xff, 0x2, 0x47, 0x97, 0x8f, 0xff,
    0xff, 0xff, 0x0, 0x0, 0x0, 0x0, 0x14, 0x68,
    0xbd,

    /* U+E711 "" */
    0x0, 0x0, 0x0, 0x0, 0x0, 0x0, 0x0, 0x0,
    0x0, 0x2c, 0x60, 0x0, 0x0, 0x0, 0x0, 0xef,
    0x10, 0x0, 0x0, 0x0, 0x4, 0xf5, 0x0, 0x0,
    0x1, 0x7a, 0x72, 0x49, 0xb7, 0x0, 0x1d, 0xff,
    0xff, 0xff, 0xff, 0xb0, 0x9f, 0xff, 0xff, 0xff,
    0xff, 0x20, 0xef, 0xff, 0xff, 0xff, 0xfa, 0x0,
    0xff, 0xff, 0xff, 0xff, 0xf8, 0x0, 0xef, 0xff,
    0xff, 0xff, 0xfc, 0x0, 0xbf, 0xff, 0xff, 0xff,
    0xff, 0x70, 0x6f, 0xff, 0xff, 0xff, 0xff, 0xf2,
    0xd, 0xff, 0xff, 0xff, 0xff, 0xb0, 0x4, 0xff,
    0xff, 0xff, 0xff, 0x20, 0x0, 0x5d, 0xa5, 0x6b,
    0xc4, 0x0,

    /* U+EA6D "" */
    0x0, 0x0, 0x0, 0x0, 0x0, 0x0, 0x0, 0x0,
    0x0, 0x0, 0x0, 0x0, 0x2, 0x9e, 0xff, 0xc5,
    0x0, 0x0, 0x0, 0x0, 0x0, 0x6f, 0x93, 0x12,
    0x7e, 0xb0, 0x0, 0x0, 0x0, 0x4, 0xf3, 0x0,
    0x0, 0x1, 0xca, 0x0, 0x0, 0x0, 0xe, 0x50,
    0x0, 0x0, 0x0, 0x1f, 0x30, 0x0, 0x0, 0x4d,
    0x0, 0x0, 0x0, 0x0, 0x9, 0x90, 0x0, 0x0,
    0x7a, 0x0, 0x0, 0x0, 0x0, 0x5, 0xc0, 0x0,
    0x0, 0x8a, 0x0, 0x0, 0x0, 0x0, 0x5, 0xd0,
    0x0, 0x0, 0x5c, 0x0, 0x0, 0x0, 0x0, 0x7,
    0xa0, 0x0, 0x0, 0xf, 0x30, 0x0, 0x0, 0x0,
    0xe, 0x50, 0x0, 0x0, 0x6, 0xd1, 0x0, 0x0,
    0x0, 0xac, 0x0, 0x0, 0x0, 0x4, 0xfe, 0x61,
    0x0, 0x3b, 0xd1, 0x0, 0x0, 0x0, 0x3f, 0x55,
    0xdf, 0xee, 0xf8, 0x0, 0x0, 0x0, 0x1, 0xe7,
    0x0, 0x2, 0x33, 0x0, 0x0, 0x0, 0x0, 0x1d,
    0x90, 0x0, 0x0, 0x0, 0x0, 0x0, 0x0, 0x0,
    0xbb, 0x0, 0x0, 0x0, 0x0, 0x0, 0x0, 0x0,
    0xa, 0xc0, 0x0, 0x0, 0x0, 0x0, 0x0, 0x0,
    0x0, 0x8d, 0x10, 0x0, 0x0, 0x0, 0x0, 0x0,
    0x0, 0x0, 0x72, 0x0, 0x0, 0x0, 0x0, 0x0,
    0x0, 0x0, 0x0,

    /* U+EA74 "" */
    0x0, 0x0, 0x1, 0x6a, 0xcc, 0x93, 0x0, 0x0,
    0x0, 0x0, 0x7, 0xe9, 0x53, 0x36, 0xcc, 0x20,
    0x0, 0x0, 0xa, 0xc1, 0x0, 0x0, 0x0, 0x5e,
    0x30, 0x0, 0x8, 0xc0, 0x0, 0x0, 0x0, 0x0,
    0x4e, 0x10, 0x2, 0xe2, 0x0, 0x0, 0x42, 0x0,
    0x0, 0x8a, 0x0, 0x89, 0x0, 0x0, 0xb, 0x60,
    0x0, 0x1, 0xf1, 0xc, 0x40, 0x0, 0x0, 0x0,
    0x0, 0x0, 0xc, 0x50, 0xe2, 0x0, 0x0, 0xe,
    0x80, 0x0, 0x0, 0xa7, 0xf, 0x20, 0x0, 0x0,
    0xe8, 0x0, 0x0, 0xa, 0x70, 0xd5, 0x0, 0x0,
    0xe, 0x80, 0x0, 0x0, 0xd6, 0x9, 0xa0, 0x0,
    0x0, 0xe8, 0x0, 0x0, 0x2f, 0x10, 0x3f, 0x30,
    0x0, 0x6, 0x30, 0x0, 0xb, 0xb0, 0x0, 0xae,
    0x10, 0x0, 0x0, 0x0, 0x7, 0xf2, 0x0, 0x0,
    0xce, 0x40, 0x0, 0x0, 0x9, 0xf5, 0x0, 0x0,
    0x0, 0xaf, 0xc8, 0x66, 0xaf, 0xe4, 0x0, 0x0,
    0x0, 0x0, 0x39, 0xce, 0xdb, 0x60, 0x0, 0x0,

    /* U+EA9A "" */
    0x0, 0x0, 0x0, 0xf2, 0x0, 0x0, 0x0, 0x0,
    0x0, 0xf, 0x20, 0x0, 0x0, 0x0, 0x0, 0x0,
    0xf2, 0x0, 0x0, 0x0, 0x0, 0x0, 0xf, 0x20,
    0x0, 0x0, 0x0, 0x0, 0x0, 0xf2, 0x0, 0x0,
    0x0, 0x0, 0x0, 0xf, 0x20, 0x0, 0x0, 0x0,
    0x0, 0x0, 0xf2, 0x0, 0x0, 0x1, 0x90, 0x0,
    0xf, 0x20, 0x0, 0x83, 0x1d, 0xa0, 0x0, 0xf2,
    0x0, 0x8e, 0x20, 0x1d, 0xa0, 0xf, 0x20, 0x8e,
    0x20, 0x0, 0x1d, 0xa0, 0xf2, 0x8e, 0x20, 0x0,
    0x0, 0x1c, 0xaf, 0xae, 0x20, 0x0, 0x0, 0x0,
    0x1c, 0xfe, 0x20, 0x0, 0x0, 0x0, 0x0, 0x18,
    0x20, 0x0, 0x0,

    /* U+EA9B "" */
    0x0, 0x0, 0x3, 0x30, 0x0, 0x0, 0x0, 0x0,
    0x0, 0x3e, 0x70, 0x0, 0x0, 0x0, 0x0, 0x3,
    0xe7, 0x0, 0x0, 0x0, 0x0, 0x0, 0x2e, 0x70,
    0x0, 0x0, 0x0, 0x0, 0x2, 0xe7, 0x0, 0x0,
    0x0, 0x0, 0x0, 0x2e, 0xa2, 0x22, 0x22, 0x22,
    0x22, 0x22, 0x8f, 0xff, 0xff, 0xff, 0xff, 0xff,
    0xfe, 0x1c, 0xa0, 0x0, 0x0, 0x0, 0x0, 0x0,
    0x1, 0xcb, 0x0, 0x0, 0x0, 0x0, 0x0, 0x0,
    0x1c, 0xb0, 0x0, 0x0, 0x0, 0x0, 0x0, 0x1,
    0xdb, 0x0, 0x0, 0x0, 0x0, 0x0, 0x0, 0x1d,
    0x90, 0x0, 0x0, 0x0, 0x0, 0x0, 0x1, 0x10,
    0x0, 0x0, 0x0,

    /* U+EA9C "" */
    0x0, 0x0, 0x0, 0x0, 0x30, 0x0, 0x0, 0x0,
    0x0, 0x0, 0x4, 0xf5, 0x0, 0x0, 0x0, 0x0,
    0x0, 0x0, 0x5f, 0x50, 0x0, 0x0, 0x0, 0x0,
    0x0, 0x5, 0xf5, 0x0, 0x0, 0x0, 0x0, 0x0,
    0x0, 0x5f, 0x50, 0x0, 0x0, 0x0, 0x0, 0x0,
    0x6, 0xf5, 0x9f, 0xff, 0xff, 0xff, 0xff, 0xff,
    0xfe, 0x0, 0x0, 0x0, 0x0, 0x0, 0x6, 0xf5,
    0x0, 0x0, 0x0, 0x0, 0x0, 0x5f, 0x50, 0x0,
    0x0, 0x0, 0x0, 0x6, 0xf5, 0x0, 0x0, 0x0,
    0x0, 0x0, 0x6f, 0x40, 0x0, 0x0, 0x0, 0x0,
    0x4, 0xf4, 0x0, 0x0, 0x0, 0x0, 0x0, 0x0,
    0x30, 0x0, 0x0,

    /* U+EAA1 "" */
    0x0, 0x0, 0x4, 0xe6, 0x0, 0x0, 0x0, 0x0,
    0x4, 0xff, 0xf6, 0x0, 0x0, 0x0, 0x4, 0xf5,
    0xf6, 0xf6, 0x0, 0x0, 0x4, 0xf5, 0xf, 0x24,
    0xf6, 0x0, 0x4, 0xf5, 0x0, 0xf2, 0x4, 0xf6,
    0x3, 0xf5, 0x0, 0xf, 0x20, 0x4, 0xf5, 0x4,
    0x0, 0x0, 0xf2, 0x0, 0x3, 0x0, 0x0, 0x0,
    0xf, 0x20, 0x0, 0x0, 0x0, 0x0, 0x0, 0xf2,
    0x0, 0x0, 0x0, 0x0, 0x0, 0xf, 0x20, 0x0,
    0x0, 0x0, 0x0, 0x0, 0xf2, 0x0, 0x0, 0x0,
    0x0, 0x0, 0xf, 0x20, 0x0, 0x0, 0x0, 0x0,
    0x0, 0xf2, 0x0, 0x0, 0x0, 0x0, 0x0, 0x8,
    0x10, 0x0, 0x0,

    /* U+EB01 "" */
    0x0, 0x0, 0x0, 0x12, 0x0, 0x0, 0x0, 0x0,
    0x0, 0x18, 0xef, 0xff, 0xd6, 0x0, 0x0, 0x0,
    0x4e, 0x9e, 0x70, 0xcc, 0xbd, 0x20, 0x0, 0x4e,
    0x35, 0xe0, 0x3, 0xf1, 0x6e, 0x10, 0xe, 0x30,
    0xa9, 0x0, 0xe, 0x50, 0x7b, 0x7, 0xff, 0xff,
    0xff, 0xff, 0xff, 0xff, 0xf3, 0xc7, 0x33, 0xf4,
    0x33, 0x39, 0xc3, 0x39, 0x8e, 0x30, 0xf, 0x20,
    0x0, 0x6b, 0x0, 0x6a, 0xf3, 0x0, 0xe3, 0x0,
    0x7, 0xa0, 0x6, 0xbd, 0x73, 0x3d, 0x63, 0x33,
    0xaa, 0x33, 0x99, 0x8f, 0xee, 0xff, 0xff, 0xff,
    0xee, 0xef, 0x52, 0xf3, 0x4, 0xe0, 0x3, 0xf0,
    0x7, 0xd0, 0x7, 0xe2, 0xd, 0x60, 0xb9, 0x4,
    0xf3, 0x0, 0x8, 0xe6, 0x5f, 0x8e, 0x39, 0xf5,
    0x0, 0x0, 0x4, 0xcf, 0xff, 0xff, 0xa2, 0x0,
    0x0, 0x0, 0x0, 0x24, 0x54, 0x10, 0x0, 0x0,

    /* U+EB05 "" */
    0x0, 0x0, 0x0, 0x0, 0x0, 0x0, 0x0, 0x0,
    0x1, 0xaf, 0xfc, 0x30, 0x6, 0xdf, 0xe8, 0x0,
    0x1e, 0xa3, 0x26, 0xf7, 0xae, 0x52, 0x4d, 0xc0,
    0x99, 0x0, 0x0, 0x3f, 0xc1, 0x0, 0x0, 0xe6,
    0xe2, 0x0, 0x0, 0x2, 0x10, 0x0, 0x0, 0x7a,
    0xf1, 0x0, 0x0, 0x0, 0x0, 0x0, 0x0, 0x6b,
    0xc6, 0x0, 0x0, 0x0, 0x0, 0x0, 0x0, 0xb8,
    0x5f, 0x30, 0x0, 0x0, 0x0, 0x0, 0x7, 0xf1,
    0x7, 0xf3, 0x0, 0x0, 0x0, 0x0, 0x7f, 0x40,
    0x0, 0x7f, 0x30, 0x0, 0x0, 0x7, 0xf4, 0x0,
    0x0, 0x7, 0xf3, 0x0, 0x0, 0x7f, 0x30, 0x0,
    0x0, 0x0, 0x7f, 0x40, 0x7, 0xf3, 0x0, 0x0,
    0x0, 0x0, 0x7, 0xf4, 0x7f, 0x30, 0x0, 0x0,
    0x0, 0x0, 0x0, 0x7f, 0xf3, 0x0, 0x0, 0x0,
    0x0, 0x0, 0x0, 0x6, 0x30, 0x0, 0x0, 0x0,

    /* U+EB06 "" */
    0x0, 0x0, 0x0, 0x16, 0x10, 0x0, 0x0, 0x0,
    0x0, 0x0, 0x1, 0xdf, 0xd1, 0x0, 0x0, 0x0,
    0x0, 0x0, 0x2e, 0xa0, 0xae, 0x20, 0x0, 0x0,
    0x0, 0x3, 0xe9, 0x0, 0x9, 0xe3, 0x0, 0x0,
    0x0, 0x4f, 0x80, 0x0, 0x0, 0x7f, 0x50, 0x0,
    0x5, 0xf7, 0x0, 0x0, 0x0, 0x5, 0xf6, 0x0,
    0x6f, 0xf1, 0x0, 0x0, 0x0, 0x0, 0xff, 0x70,
    0x86, 0xf1, 0x0, 0x0, 0x0, 0x0, 0xf6, 0x90,
    0x1, 0xf1, 0x0, 0x0, 0x0, 0x0, 0xf3, 0x0,
    0x1, 0xf1, 0x9, 0xdd, 0xd9, 0x0, 0xf3, 0x0,
    0x1, 0xf1, 0xe, 0x63, 0x6e, 0x0, 0xf3, 0x0,
    0x1, 0xf1, 0xe, 0x30, 0x3e, 0x0, 0xf3, 0x0,
    0x1, 0xf1, 0xe, 0x30, 0x3e, 0x0, 0xf3, 0x0,
    0x1, 0xf2, 0x2e, 0x30, 0x3e, 0x22, 0xf3, 0x0,
    0x0, 0xdf, 0xfe, 0x10, 0x2e, 0xff, 0xe1, 0x0,

    /* U+EB1C "" */
    0xcf, 0xff, 0xff, 0xff, 0xff, 0xff, 0xff, 0xfb,
    0xff, 0xc3, 0x22, 0x22, 0x22, 0x22, 0x3d, 0xfe,
    0xf4, 0xcd, 0x20, 0x0, 0x0, 0x3, 0xdc, 0x4e,
    0xf2, 0x9, 0xf5, 0x0, 0x0, 0x6f, 0x80, 0x2e,
    0xf2, 0x0, 0x5f, 0x90, 0xa, 0xe4, 0x0, 0x2e,
    0xf2, 0x0, 0x2, 0xdc, 0xdc, 0x20, 0x0, 0x2e,
    0xf2, 0x0, 0x0, 0x9, 0x80, 0x0, 0x0, 0x2e,
    0xf2, 0x0, 0x0, 0x0, 0x0, 0x0, 0x0, 0x2e,
    0xf2, 0x0, 0x0, 0x0, 0x0, 0x0, 0x0, 0x2e,
    0xf2, 0x0, 0x0, 0x0, 0x0, 0x0, 0x0, 0x2e,
    0xfd, 0xdd, 0xdd, 0xdd, 0xdd, 0xdd, 0xdd, 0xde,
    0x24, 0x44, 0x44, 0x44, 0x44, 0x44, 0x44, 0x42,

    /* U+EEE8 "" */
    0x0, 0x0, 0x0, 0x0, 0x0, 0x0, 0x0, 0x0,
    0x0, 0x0, 0x0, 0x0, 0x3, 0xed, 0x0, 0x0,
    0x0, 0x0, 0x0, 0x0, 0x0, 0x4f, 0xff, 0x0,
    0x0, 0x0, 0x0, 0x0, 0x0, 0x5, 0xff, 0xff,
    0x0, 0x0, 0x0, 0x0, 0x0, 0x22, 0x7f, 0xff,
    0xff, 0x0, 0x0, 0x0, 0x0, 0x6f, 0xff, 0xff,
    0xff, 0xff, 0x0, 0xea, 0x0, 0xad, 0xef, 0xff,
    0xff, 0xff, 0xff, 0x0, 0x7f, 0xaa, 0xf6, 0xff,
    0xff, 0xff, 0xff, 0xff, 0x0, 0x7, 0xff, 0x70,
    0xff, 0xff, 0xff, 0xff, 0xff, 0x0, 0xa, 0xff,
    0xa0, 0xdf, 0xff, 0xff, 0xff, 0xff, 0x0, 0xaf,
    0x67, 0xf9, 0x3c, 0xee, 0xff, 0xff, 0xff, 0x0,
    0xb6, 0x0, 0x6a, 0x0, 0x0, 0x3e, 0xff, 0xff,
    0x0, 0x0, 0x0, 0x0, 0x0, 0x0, 0x2, 0xef,
    0xff, 0x0, 0x0, 0x0, 0x0, 0x0, 0x0, 0x0,
    0x1d, 0xff, 0x0, 0x0, 0x0, 0x0, 0x0, 0x0,
    0x0, 0x1, 0xb9, 0x0, 0x0, 0x0, 0x0, 0x0,
    0x0, 0x0, 0x0, 0x0, 0x0, 0x0, 0x0, 0x0,

    /* U+EFBA "" */
    0x0, 0x0, 0x33, 0x4, 0x20, 0x0, 0x0, 0x7,
    0xff, 0xb1, 0xff, 0xd3, 0x0, 0xa, 0xff, 0xfb,
    0x1f, 0xff, 0xf4, 0x6, 0xff, 0xff, 0xb1, 0xff,
    0xff, 0xe1, 0xcf, 0xff, 0xfb, 0x1f, 0xff, 0xff,
    0x6f, 0xff, 0xff, 0xb1, 0xff, 0xff, 0xf9, 0xff,
    0xff, 0xfa, 0x1f, 0xff, 0xff, 0x92, 0x22, 0x22,
    0x22, 0x22, 0x22, 0x21, 0xff, 0xff, 0xff, 0xff,
    0xff, 0xff, 0xaf, 0xff, 0xff, 0xff, 0xff, 0xff,
    0xfa, 0xff, 0xff, 0xff, 0xff, 0xff, 0xff, 0xaf,
    0xff, 0xff, 0xff, 0xff, 0xff, 0xf9, 0xff, 0xff,
    0xff, 0xff, 0xff, 0xff, 0x9c, 0xff, 0xff, 0xff,
    0xff, 0xff, 0xf6, 0x5f, 0xff, 0xff, 0xff, 0xff,
    0xfe, 0x0, 0x9f, 0xff, 0xff, 0xff, 0xff, 0x40,
    0x0, 0x6e, 0xff, 0xff, 0xfb, 0x30, 0x0, 0x0,
    0x2, 0x33, 0x21, 0x0, 0x0,

    /* U+F021 "" */
    0x0, 0x0, 0x0, 0x13, 0x31, 0x0, 0x0, 0x0,
    0x0, 0x0, 0x5c, 0xff, 0xff, 0xc5, 0x0, 0xb5,
    0x0, 0xa, 0xff, 0xfd, 0xcf, 0xff, 0xa5, 0xfc,
    0x0, 0xaf, 0xf6, 0x0, 0x0, 0x6f, 0xfe, 0xfc,
    0x5, 0xff, 0x30, 0x0, 0x0, 0x5, 0xff, 0xfc,
    0xc, 0xf7, 0x0, 0x0, 0x0, 0xcf, 0xff, 0xfc,
    0x9, 0xc0, 0x0, 0x0, 0x0, 0xaf, 0xff, 0xf7,
    0x0, 0x0, 0x0, 0x0, 0x0, 0x0, 0x0, 0x0,
    0x1, 0x11, 0x10, 0x0, 0x0, 0x0, 0x0, 0x0,
    0xcf, 0xff, 0xf8, 0x0, 0x0, 0x0, 0x3f, 0x70,
    0xff, 0xff, 0xf7, 0x0, 0x0, 0x0, 0xcf, 0x80,
    0xff, 0xfe, 0x20, 0x0, 0x0, 0x8, 0xff, 0x10,
    0xff, 0xdf, 0xf7, 0x10, 0x3, 0xbf, 0xf5, 0x0,
    0xff, 0x1b, 0xff, 0xff, 0xff, 0xff, 0x50, 0x0,
    0x67, 0x0, 0x5c, 0xff, 0xfe, 0x92, 0x0, 0x0,
    0x0, 0x0, 0x0, 0x1, 0x10, 0x0, 0x0, 0x0,

    /* U+F027 "" */
    0x0, 0x0, 0x0, 0x4, 0x50, 0x0, 0x0, 0x0,
    0x0, 0x7, 0xff, 0x0, 0x0, 0x0, 0x0, 0x9,
    0xff, 0xf0, 0x0, 0x0, 0x0, 0xa, 0xff, 0xff,
    0x0, 0x0, 0x5e, 0xff, 0xff, 0xff, 0xf0, 0x25,
    0xe, 0xff, 0xff, 0xff, 0xff, 0x5, 0xf3, 0xff,
    0xff, 0xff, 0xff, 0xf0, 0xd, 0x8f, 0xff, 0xff,
    0xff, 0xff, 0x1, 0xf6, 0xbf, 0xff, 0xff, 0xff,
    0xf0, 0x5c, 0x0, 0x56, 0x7f, 0xff, 0xff, 0x0,
    0x0, 0x0, 0x0, 0x3e, 0xff, 0xf0, 0x0, 0x0,
    0x0, 0x0, 0x2d, 0xff, 0x0, 0x0, 0x0, 0x0,
    0x0, 0x1c, 0xd0, 0x0, 0x0, 0x0, 0x0, 0x0,
    0x0, 0x0, 0x0,

    /* U+F028 "" */
    0x0, 0x0, 0x0, 0x5, 0x60, 0x0, 0x0, 0xa2,
    0x0, 0x0, 0x0, 0x0, 0x7f, 0xf0, 0x0, 0x0,
    0xce, 0x20, 0x0, 0x0, 0x9, 0xff, 0xf0, 0x0,
    0x64, 0xd, 0xc0, 0x0, 0x0, 0xbf, 0xff, 0xf0,
    0x0, 0x8f, 0x33, 0xf4, 0x6e, 0xff, 0xff, 0xff,
    0xf0, 0x25, 0xb, 0xc0, 0xca, 0xef, 0xff, 0xff,
    0xff, 0xf0, 0x5f, 0x34, 0xf1, 0x8d, 0xff, 0xff,
    0xff, 0xff, 0xf0, 0xd, 0x81, 0xf3, 0x6f, 0xff,
    0xff, 0xff, 0xff, 0xf0, 0x2f, 0x62, 0xf3, 0x7e,
    0xbf, 0xff, 0xff, 0xff, 0xf0, 0x5b, 0x8, 0xe0,
    0xac, 0x5, 0x66, 0xef, 0xff, 0xf0, 0x0, 0x4f,
    0x70, 0xf6, 0x0, 0x0, 0x2e, 0xff, 0xf0, 0x0,
    0xaa, 0x9, 0xe1, 0x0, 0x0, 0x1, 0xdf, 0xf0,
    0x0, 0x0, 0x6f, 0x50, 0x0, 0x0, 0x0, 0x1b,
    0xc0, 0x0, 0x0, 0xf7, 0x0, 0x0, 0x0, 0x0,
    0x0, 0x0, 0x0, 0x0, 0x0, 0x0,

    /* U+F03E "" */
    0x6, 0x88, 0x88, 0x88, 0x88, 0x88, 0x88, 0x73,
    0xa, 0xff, 0xff, 0xff, 0xff, 0xff, 0xff, 0xff,
    0xf4, 0xfa, 0x0, 0x0, 0x0, 0x0, 0x0, 0x0,
    0x1f, 0x9f, 0x90, 0x3, 0x10, 0x0, 0x0, 0x0,
    0x0, 0xf9, 0xf9, 0x9, 0xfe, 0x0, 0x0, 0x0,
    0x0, 0xf, 0x9f, 0x90, 0xdf, 0xf2, 0x0, 0x0,
    0x0, 0x0, 0xf9, 0xf9, 0x4, 0xc8, 0x0, 0x0,
    0x0, 0x0, 0xf, 0x9f, 0x90, 0x0, 0x0, 0x1,
    0xeb, 0x0, 0x0, 0xf9, 0xf9, 0x0, 0x0, 0x0,
    0xcf, 0xf8, 0x0, 0xf, 0x9f, 0x90, 0xd, 0xb0,
    0x8f, 0xff, 0xf4, 0x0, 0xf9, 0xf9, 0x9, 0xff,
    0xbf, 0xff, 0xff, 0xf2, 0xf, 0x9f, 0x94, 0xff,
    0xff, 0xff, 0xff, 0xff, 0xd0, 0xf9, 0xfa, 0xef,
    0xff, 0xff, 0xff, 0xff, 0xff, 0xaf, 0x9e, 0xff,
    0xff, 0xff, 0xff, 0xff, 0xff, 0xff, 0xf8, 0x5f,
    0xff, 0xff, 0xff, 0xff, 0xff, 0xff, 0xfd, 0x10,
    0x2, 0x22, 0x22, 0x22, 0x22, 0x22, 0x22, 0x0,

    /* U+F058 "" */
    0x0, 0x0, 0x0, 0x35, 0x65, 0x20, 0x0, 0x0,
    0x0, 0x0, 0x7, 0xef, 0xff, 0xff, 0xc4, 0x0,
    0x0, 0x0, 0x2d, 0xff, 0xff, 0xff, 0xff, 0xf8,
    0x0, 0x0, 0x1e, 0xff, 0xff, 0xff, 0xff, 0xff,
    0xf9, 0x0, 0xb, 0xff, 0xff, 0xff, 0xff, 0xff,
    0xff, 0xf5, 0x4, 0xff, 0xff, 0xff, 0xff, 0xff,
    0xff, 0xff, 0xd0, 0xaf, 0xff, 0xff, 0xff, 0xff,
    0x91, 0xef, 0xff, 0x3d, 0xff, 0xff, 0xff, 0xff,
    0x90, 0x3f, 0xff, 0xf7, 0xff, 0xff, 0xa4, 0xef,
    0x90, 0x3f, 0xff, 0xff, 0x9f, 0xff, 0xfb, 0x2,
    0x80, 0x3f, 0xff, 0xff, 0xf8, 0xdf, 0xff, 0xfa,
    0x0, 0x3f, 0xff, 0xff, 0xff, 0x68, 0xff, 0xff,
    0xfb, 0x6f, 0xff, 0xff, 0xff, 0xf2, 0x2f, 0xff,
    0xff, 0xff, 0xff, 0xff, 0xff, 0xfc, 0x0, 0x9f,
    0xff, 0xff, 0xff, 0xff, 0xff, 0xff, 0x30, 0x0,
    0xbf, 0xff, 0xff, 0xff, 0xff, 0xff, 0x50, 0x0,
    0x0, 0xaf, 0xff, 0xff, 0xff, 0xff, 0x50, 0x0,
    0x0, 0x0, 0x3b, 0xff, 0xff, 0xe8, 0x10, 0x0,
    0x0, 0x0, 0x0, 0x0, 0x22, 0x10, 0x0, 0x0,
    0x0,

    /* U+F0C4 "" */
    0x0, 0x13, 0x10, 0x0, 0x0, 0x0, 0x0, 0x0,
    0x0, 0x8f, 0xff, 0xb1, 0x0, 0x0, 0x0, 0x3,
    0x10, 0x7f, 0xfe, 0xff, 0xb0, 0x0, 0x0, 0x4e,
    0xff, 0x3e, 0xf6, 0x3, 0xff, 0x20, 0x0, 0x4f,
    0xff, 0xd1, 0xff, 0x10, 0xd, 0xf3, 0x0, 0x5f,
    0xff, 0xd1, 0xc, 0xfb, 0x48, 0xff, 0x20, 0x5f,
    0xff, 0xd1, 0x0, 0x3f, 0xff, 0xff, 0xfd, 0x7f,
    0xff, 0xd1, 0x0, 0x0, 0x3a, 0xdb, 0xff, 0xff,
    0xff, 0xc1, 0x0, 0x0, 0x0, 0x0, 0x3, 0xff,
    0xff, 0xc1, 0x0, 0x0, 0x0, 0x0, 0x0, 0x6f,
    0xff, 0xc1, 0x10, 0x0, 0x0, 0x5, 0xef, 0xef,
    0xff, 0xc1, 0xbe, 0x20, 0x0, 0x5, 0xff, 0xff,
    0xff, 0xc0, 0xaf, 0xfe, 0x20, 0x0, 0xdf, 0x80,
    0x5f, 0xf1, 0x3, 0xff, 0xfe, 0x20, 0xf, 0xf1,
    0x0, 0xdf, 0x30, 0x3, 0xff, 0xfe, 0x20, 0xdf,
    0x70, 0x3f, 0xf2, 0x0, 0x3, 0xff, 0xfe, 0x16,
    0xff, 0xff, 0xfb, 0x0, 0x0, 0x3, 0xef, 0xe2,
    0x7, 0xff, 0xfa, 0x0, 0x0, 0x0, 0x0, 0x30,
    0x0, 0x0, 0x21, 0x0, 0x0, 0x0, 0x0, 0x0,
    0x0,

    /* U+F0C5 "" */
    0x0, 0x0, 0x5, 0x78, 0x88, 0x74, 0x0, 0x0,
    0x0, 0x9, 0xff, 0xff, 0xff, 0xf6, 0x0, 0x0,
    0x0, 0xeb, 0x0, 0x0, 0x1c, 0xf6, 0x0, 0x0,
    0xe, 0xa0, 0x0, 0x0, 0x1d, 0xf4, 0x0, 0x20,
    0xea, 0x0, 0x0, 0x0, 0x1f, 0x85, 0xff, 0x1e,
    0xa0, 0x0, 0x0, 0x0, 0xf8, 0xec, 0x60, 0xea,
    0x0, 0x0, 0x0, 0xf, 0x8f, 0x90, 0xe, 0xa0,
    0x0, 0x0, 0x0, 0xf8, 0xf9, 0x0, 0xea, 0x0,
    0x0, 0x0, 0xf, 0x8f, 0x90, 0xe, 0xa0, 0x0,
    0x0, 0x0, 0xf8, 0xf9, 0x0, 0xea, 0x0, 0x0,
    0x0, 0xf, 0x8f, 0x90, 0xc, 0xe8, 0x88, 0x88,
    0x89, 0xf6, 0xf9, 0x0, 0x3d, 0xff, 0xff, 0xff,
    0xfb, 0xf, 0x90, 0x0, 0x0, 0x0, 0x10, 0x0,
    0x0, 0xf9, 0x0, 0x0, 0x0, 0x3f, 0x60, 0x0,
    0xe, 0xd8, 0x88, 0x88, 0x8b, 0xf4, 0x0, 0x0,
    0x4e, 0xff, 0xff, 0xff, 0xf9, 0x0, 0x0, 0x0,
    0x0, 0x0, 0x0, 0x0, 0x0, 0x0, 0x0,

    /* U+F0EA "" */
    0x0, 0x0, 0x46, 0x0, 0x0, 0x0, 0x0, 0x0,
    0x0, 0x22, 0x6f, 0xfc, 0x22, 0x0, 0x0, 0x0,
    0x0, 0xaf, 0xff, 0xa5, 0xff, 0xfe, 0x10, 0x0,
    0x0, 0xf, 0xff, 0xfc, 0x8f, 0xff, 0xe5, 0x0,
    0x0, 0x0, 0xff, 0xff, 0xff, 0xf5, 0x34, 0x44,
    0x41, 0x0, 0xf, 0xff, 0xff, 0xf7, 0x7f, 0xff,
    0xff, 0xf4, 0x0, 0xff, 0xff, 0xff, 0x4b, 0xff,
    0xff, 0xff, 0xf4, 0xf, 0xff, 0xff, 0xf3, 0xbf,
    0xff, 0xff, 0xff, 0xf3, 0xff, 0xff, 0xff, 0x3b,
    0xff, 0xff, 0xff, 0xff, 0x9f, 0xff, 0xff, 0xf3,
    0xbf, 0xff, 0xff, 0xff, 0xf9, 0xff, 0xff, 0xff,
    0x3b, 0xff, 0xff, 0xff, 0xff, 0x9f, 0xff, 0xff,
    0xf3, 0xbf, 0xff, 0xff, 0xff, 0xf9, 0xff, 0xff,
    0xff, 0x3b, 0xff, 0xff, 0xff, 0xff, 0x9f, 0xff,
    0xff, 0xf3, 0xbf, 0xff, 0xff, 0xff, 0xf9, 0x9f,
    0xff, 0xff, 0x3b, 0xff, 0xff, 0xff, 0xff, 0x90,
    0x11, 0x11, 0x10, 0xbf, 0xff, 0xff, 0xff, 0xf9,
    0x0, 0x0, 0x0, 0x6, 0xff, 0xff, 0xff, 0xff,
    0x40, 0x0, 0x0, 0x0, 0x2, 0x33, 0x33, 0x33,
    0x10,

    /* U+F100 "" */
    0x0, 0x0, 0x1, 0x30, 0x0, 0x0, 0x40, 0x0,
    0x0, 0x2e, 0xf2, 0x0, 0xc, 0xf6, 0x0, 0x2,
    0xef, 0xd0, 0x0, 0xcf, 0xe2, 0x0, 0x2e, 0xfd,
    0x10, 0xc, 0xfe, 0x30, 0x2, 0xef, 0xd1, 0x0,
    0xcf, 0xe3, 0x0, 0x2e, 0xfc, 0x10, 0xc, 0xfe,
    0x20, 0x0, 0xdf, 0xd1, 0x0, 0xaf, 0xe2, 0x0,
    0x0, 0xbf, 0xe3, 0x0, 0x8f, 0xf5, 0x0, 0x0,
    0xc, 0xfe, 0x30, 0x9, 0xff, 0x50, 0x0, 0x0,
    0xcf, 0xe3, 0x0, 0x9f, 0xf5, 0x0, 0x0, 0xc,
    0xfe, 0x30, 0x9, 0xff, 0x50, 0x0, 0x0, 0xcf,
    0xe1, 0x0, 0x9f, 0xf4, 0x0, 0x0, 0xc, 0xf2,
    0x0, 0x9, 0xf5, 0x0, 0x0, 0x0, 0x0, 0x0,
    0x0, 0x10,

    /* U+F101 "" */
    0x23, 0x0, 0x0, 0x14, 0x0, 0x0, 0x0, 0xef,
    0x50, 0x0, 0xbf, 0x80, 0x0, 0x0, 0x9f, 0xf5,
    0x0, 0x6f, 0xf8, 0x0, 0x0, 0x9, 0xff, 0x50,
    0x6, 0xff, 0x80, 0x0, 0x0, 0x9f, 0xf5, 0x0,
    0x6f, 0xf8, 0x0, 0x0, 0x9, 0xff, 0x50, 0x6,
    0xff, 0x80, 0x0, 0x0, 0x9f, 0xf2, 0x0, 0x6f,
    0xf5, 0x0, 0x0, 0xcf, 0xe1, 0x0, 0x9f, 0xf4,
    0x0, 0xc, 0xfe, 0x20, 0x9, 0xff, 0x50, 0x0,
    0xcf, 0xe2, 0x0, 0x9f, 0xf5, 0x0, 0xc, 0xfe,
    0x20, 0x9, 0xff, 0x50, 0x0, 0xcf, 0xe2, 0x0,
    0x8f, 0xf5, 0x0, 0x0, 0xde, 0x20, 0x0, 0x9f,
    0x50, 0x0, 0x0, 0x0, 0x0, 0x0, 0x1, 0x0,
    0x0, 0x0,

    /* U+F102 "" */
    0x0, 0x0, 0x1, 0x40, 0x0, 0x0, 0x0, 0x0,
    0x2, 0xef, 0x80, 0x0, 0x0, 0x0, 0x2, 0xef,
    0xff, 0x80, 0x0, 0x0, 0x2, 0xef, 0xc7, 0xff,
    0x80, 0x0, 0x2, 0xef, 0xc1, 0x6, 0xff, 0x80,
    0x2, 0xef, 0xc1, 0x0, 0x6, 0xff, 0x80, 0xef,
    0xc1, 0x0, 0x10, 0x6, 0xff, 0x5a, 0xb1, 0x0,
    0xcf, 0x50, 0x5, 0xd3, 0x0, 0x0, 0xcf, 0xff,
    0x50, 0x0, 0x0, 0x0, 0xcf, 0xea, 0xff, 0x50,
    0x0, 0x0, 0xcf, 0xe2, 0x9, 0xff, 0x50, 0x0,
    0xcf, 0xe2, 0x0, 0x9, 0xff, 0x50, 0xcf, 0xe2,
    0x0, 0x0, 0x9, 0xff, 0x3d, 0xe2, 0x0, 0x0,
    0x0, 0x9, 0xf5, 0x0, 0x0, 0x0, 0x0, 0x0,
    0x1, 0x0,

    /* U+F103 "" */
    0x23, 0x0, 0x0, 0x0, 0x0, 0x4, 0xe, 0xf5,
    0x0, 0x0, 0x0, 0xc, 0xf6, 0x9f, 0xf5, 0x0,
    0x0, 0xc, 0xfe, 0x20, 0x9f, 0xf5, 0x0, 0xc,
    0xfe, 0x20, 0x0, 0x9f, 0xf5, 0xc, 0xfe, 0x20,
    0x0, 0x0, 0x9f, 0xfd, 0xfe, 0x20, 0x0, 0x0,
    0x0, 0x9f, 0xfe, 0x20, 0x1, 0xd, 0xe2, 0x0,
    0x9d, 0x20, 0x9, 0xf4, 0xcf, 0xe2, 0x0, 0x0,
    0x9, 0xff, 0x30, 0xcf, 0xe2, 0x0, 0x9, 0xff,
    0x50, 0x0, 0xcf, 0xe2, 0x9, 0xff, 0x50, 0x0,
    0x0, 0xcf, 0xea, 0xff, 0x50, 0x0, 0x0, 0x0,
    0xcf, 0xff, 0x50, 0x0, 0x0, 0x0, 0x0, 0xcf,
    0x50, 0x0, 0x0, 0x0, 0x0, 0x0, 0x10, 0x0,
    0x0, 0x0,

    /* U+F11C "" */
    0x0, 0x0, 0x0, 0x0, 0x0, 0x0, 0x0, 0x0,
    0x0, 0x5e, 0xff, 0xff, 0xff, 0xff, 0xff, 0xff,
    0xff, 0xe4, 0xec, 0x77, 0x77, 0x77, 0x77, 0x77,
    0x77, 0x77, 0xce, 0xf8, 0x3, 0x30, 0x50, 0x33,
    0x5, 0x3, 0x30, 0x8f, 0xf8, 0xa, 0xb3, 0xf3,
    0xba, 0x3f, 0x3b, 0xb0, 0x8f, 0xf8, 0x0, 0x0,
    0x10, 0x0, 0x1, 0x0, 0x0, 0x8f, 0xf8, 0x8,
    0x92, 0xd2, 0x98, 0x2d, 0x29, 0x90, 0x8f, 0xf8,
    0x6, 0x61, 0x91, 0x66, 0x19, 0x16, 0x60, 0x8f,
    0xf8, 0x0, 0x1, 0x11, 0x11, 0x11, 0x10, 0x0,
    0x8f, 0xf8, 0x0, 0xf, 0xff, 0xff, 0xff, 0xf0,
    0x0, 0x8f, 0xf8, 0x0, 0x4, 0x66, 0x66, 0x66,
    0x40, 0x0, 0x8f, 0xed, 0x88, 0x88, 0x88, 0x88,
    0x88, 0x88, 0x88, 0xdd, 0x4d, 0xff, 0xff, 0xff,
    0xff, 0xff, 0xff, 0xff, 0xd3,

    /* U+F1EC "" */
    0x1, 0x33, 0x33, 0x33, 0x33, 0x20, 0x6, 0xff,
    0xff, 0xff, 0xff, 0xff, 0xa0, 0xef, 0xfe, 0xee,
    0xee, 0xef, 0xff, 0x2f, 0xf3, 0x0, 0x0, 0x0,
    0xe, 0xf3, 0xff, 0x10, 0x0, 0x0, 0x0, 0xdf,
    0x3f, 0xf6, 0x11, 0x11, 0x11, 0x3f, 0xf3, 0xff,
    0xff, 0xff, 0xff, 0xff, 0xff, 0x3f, 0xf4, 0x1f,
    0x50, 0xe7, 0x1e, 0xf3, 0xff, 0x64, 0xf8, 0x3e,
    0x83, 0xff, 0x3f, 0xff, 0xff, 0xff, 0xff, 0xff,
    0xf3, 0xff, 0x41, 0xf5, 0xe, 0x71, 0xef, 0x3f,
    0xf5, 0x2f, 0x72, 0xe8, 0x2f, 0xf3, 0xff, 0xff,
    0xff, 0xff, 0xff, 0xff, 0x3f, 0xf5, 0x0, 0x2,
    0xe8, 0x2f, 0xf3, 0xff, 0x40, 0x0, 0x1e, 0x71,
    0xef, 0x3e, 0xff, 0xff, 0xff, 0xff, 0xff, 0xf2,
    0x5f, 0xff, 0xff, 0xff, 0xff, 0xf9, 0x0, 0x2,
    0x22, 0x22, 0x22, 0x21, 0x0,

    /* U+F204 "" */
    0x0, 0x0, 0x1, 0x22, 0x22, 0x21, 0x10, 0x0,
    0x0, 0x0, 0x18, 0xef, 0xff, 0xff, 0xff, 0xfe,
    0x81, 0x0, 0x2, 0xef, 0xff, 0xee, 0xee, 0xee,
    0xff, 0xfd, 0x20, 0xd, 0xfc, 0x30, 0x0, 0x0,
    0x0, 0x3, 0xcf, 0xd0, 0x7f, 0xc1, 0xaf, 0xfa,
    0x0, 0x0, 0x0, 0xd, 0xf7, 0xdf, 0x4a, 0xff,
    0xff, 0x90, 0x0, 0x0, 0x4, 0xfc, 0xff, 0xf,
    0xff, 0xff, 0xe0, 0x0, 0x0, 0x0, 0xff, 0xff,
    0xe, 0xff, 0xff, 0xe0, 0x0, 0x0, 0x1, 0xfe,
    0xcf, 0x57, 0xff, 0xff, 0x70, 0x0, 0x0, 0x5,
    0xfc, 0x6f, 0xe1, 0x6c, 0xc6, 0x0, 0x0, 0x0,
    0x1e, 0xf6, 0xc, 0xfe, 0x61, 0x11, 0x11, 0x11,
    0x16, 0xef, 0xc0, 0x1, 0xcf, 0xff, 0xff, 0xff,
    0xff, 0xff, 0xfc, 0x10, 0x0, 0x6, 0xbe, 0xff,
    0xff, 0xff, 0xeb, 0x60, 0x0,

    /* U+F205 "" */
    0x0, 0x0, 0x0, 0x11, 0x11, 0x10, 0x0, 0x0,
    0x0, 0x0, 0x8, 0xdf, 0xff, 0xff, 0xff, 0xfd,
    0x70, 0x0, 0x2, 0xdf, 0xff, 0xff, 0xff, 0xff,
    0xff, 0xfd, 0x20, 0xd, 0xff, 0xff, 0xff, 0xff,
    0xff, 0xff, 0xff, 0xd0, 0x7f, 0xff, 0xff, 0xff,
    0xff, 0x60, 0x6, 0xff, 0xf7, 0xdf, 0xff, 0xff,
    0xff, 0xf6, 0x0, 0x0, 0x6f, 0xfc, 0xff, 0xff,
    0xff, 0xff, 0xf1, 0x0, 0x0, 0x1f, 0xff, 0xff,
    0xff, 0xff, 0xff, 0xf1, 0x0, 0x0, 0x1f, 0xfe,
    0xcf, 0xff, 0xff, 0xff, 0xf7, 0x0, 0x0, 0x8f,
    0xfc, 0x6f, 0xff, 0xff, 0xff, 0xff, 0x82, 0x28,
    0xff, 0xf6, 0xc, 0xff, 0xff, 0xff, 0xff, 0xff,
    0xff, 0xff, 0xc0, 0x1, 0xcf, 0xff, 0xff, 0xff,
    0xff, 0xff, 0xfc, 0x10, 0x0, 0x6, 0xce, 0xff,
    0xff, 0xff, 0xeb, 0x60, 0x0,

    /* U+F2D3 "" */
    0x4, 0x66, 0x66, 0x66, 0x66, 0x66, 0x51, 0x8,
    0xff, 0xff, 0xff, 0xff, 0xff, 0xff, 0xe1, 0xff,
    0xff, 0xff, 0xff, 0xff, 0xff, 0xff, 0x6f, 0xff,
    0xff, 0xff, 0xff, 0xff, 0xff, 0xf7, 0xff, 0xff,
    0xff, 0xff, 0xff, 0xff, 0xff, 0x7f, 0xff, 0xf9,
    0x2e, 0xf8, 0x2f, 0xff, 0xf7, 0xff, 0xff, 0xc0,
    0x27, 0x5, 0xff, 0xff, 0x7f, 0xff, 0xff, 0xb0,
    0x4, 0xff, 0xff, 0xf7, 0xff, 0xff, 0xf8, 0x0,
    0x2e, 0xff, 0xff, 0x7f, 0xff, 0xfa, 0x4, 0xb0,
    0x2f, 0xff, 0xf7, 0xff, 0xff, 0xb6, 0xff, 0xb6,
    0xff, 0xff, 0x7f, 0xff, 0xff, 0xff, 0xff, 0xff,
    0xff, 0xf7, 0xff, 0xff, 0xff, 0xff, 0xff, 0xff,
    0xff, 0x7e, 0xff, 0xff, 0xff, 0xff, 0xff, 0xff,
    0xf6, 0x5f, 0xff, 0xff, 0xff, 0xff, 0xff, 0xfc,
    0x0, 0x2, 0x22, 0x22, 0x22, 0x22, 0x21, 0x0,

    /* U+F2EA "" */
    0x0, 0x0, 0x0, 0x13, 0x20, 0x0, 0x0, 0x0,
    0x84, 0x0, 0x6d, 0xff, 0xff, 0xb3, 0x0, 0x0,
    0xff, 0x6c, 0xff, 0xfe, 0xef, 0xff, 0x70, 0x0,
    0xff, 0xff, 0xe6, 0x0, 0x2, 0x9f, 0xf6, 0x0,
    0xff, 0xff, 0x60, 0x0, 0x0, 0x6, 0xff, 0x20,
    0xff, 0xff, 0xf4, 0x0, 0x0, 0x0, 0xaf, 0x80,
    0xdf, 0xff, 0xf9, 0x0, 0x0, 0x0, 0x3f, 0xd0,
    0x0, 0x0, 0x0, 0x0, 0x0, 0x0, 0xf, 0xf0,
    0x0, 0x0, 0x0, 0x0, 0x0, 0x0, 0xf, 0xf0,
    0x0, 0x0, 0x0, 0x0, 0x0, 0x0, 0x4f, 0xd0,
    0x0, 0x0, 0x0, 0x0, 0x0, 0x0, 0xbf, 0x80,
    0x0, 0x3a, 0x20, 0x0, 0x0, 0x8, 0xff, 0x10,
    0x0, 0x9f, 0xf7, 0x10, 0x3, 0xbf, 0xf5, 0x0,
    0x0, 0x1b, 0xff, 0xff, 0xff, 0xff, 0x60, 0x0,
    0x0, 0x0, 0x5c, 0xff, 0xfe, 0x92, 0x0, 0x0,
    0x0, 0x0, 0x0, 0x1, 0x10, 0x0, 0x0, 0x0,

    /* U+F2F9 "" */
    0x0, 0x0, 0x0, 0x23, 0x10, 0x0, 0x0, 0x0,
    0x0, 0x2, 0xaf, 0xff, 0xfd, 0x70, 0x4, 0x90,
    0x0, 0x6f, 0xff, 0xee, 0xff, 0xfc, 0x6f, 0xf0,
    0x6, 0xff, 0xa2, 0x0, 0x6, 0xef, 0xff, 0xf0,
    0x1f, 0xf7, 0x0, 0x0, 0x0, 0x6f, 0xff, 0xf0,
    0x8f, 0xb0, 0x0, 0x0, 0x4, 0xff, 0xff, 0xf0,
    0xdf, 0x40, 0x0, 0x0, 0x8, 0xff, 0xff, 0xd0,
    0xff, 0x10, 0x0, 0x0, 0x0, 0x0, 0x0, 0x0,
    0xff, 0x10, 0x0, 0x0, 0x0, 0x0, 0x0, 0x0,
    0xdf, 0x40, 0x0, 0x0, 0x0, 0x0, 0x0, 0x0,
    0x8f, 0xc0, 0x0, 0x0, 0x0, 0x0, 0x0, 0x0,
    0x1f, 0xf8, 0x0, 0x0, 0x0, 0x2a, 0x40, 0x0,
    0x5, 0xff, 0xb3, 0x0, 0x17, 0xef, 0xa0, 0x0,
    0x0, 0x5f, 0xff, 0xff, 0xff, 0xfc, 0x10, 0x0,
    0x0, 0x2, 0x9e, 0xff, 0xfc, 0x60, 0x0, 0x0,
    0x0, 0x0, 0x0, 0x11, 0x0, 0x0, 0x0, 0x0,

    /* U+F4EE "" */
    0x0, 0x0, 0x0, 0x0, 0x0, 0x98, 0x10, 0x0,
    0x0, 0x0, 0x0, 0x0, 0x0, 0xe, 0xfe, 0x40,
    0x0, 0x0, 0x0, 0x0, 0x0, 0x0, 0xaf, 0xdf,
    0x40, 0x0, 0x0, 0x0, 0x0, 0x0, 0x9, 0xf2,
    0xdf, 0x10, 0x0, 0x0, 0x0, 0x0, 0x0, 0xbf,
    0x3, 0xf9, 0x0, 0x0, 0x0, 0x0, 0x0, 0xf,
    0xc0, 0xc, 0xe0, 0x0, 0x0, 0x0, 0x0, 0x7,
    0xf6, 0x0, 0x9f, 0x20, 0x0, 0x0, 0x0, 0x4,
    0xfc, 0x0, 0x7, 0xf3, 0x0, 0x0, 0x0, 0x8,
    0xfe, 0x10, 0x0, 0x9f, 0x20, 0xdd, 0x99, 0xbf,
    0xfc, 0x10, 0x0, 0xd, 0xf0, 0xe, 0xff, 0xff,
    0xc6, 0x0, 0x0, 0x4, 0xfb, 0x0, 0x7f, 0xc2,
    0x0, 0x0, 0x0, 0x1, 0xdf, 0x30, 0x0, 0xcf,
    0xa0, 0x0, 0x0, 0x1, 0xcf, 0x80, 0x0, 0x1,
    0xcf, 0xe7, 0x32, 0x48, 0xff, 0x90, 0x0, 0x0,
    0x0, 0x7f, 0xff, 0xff, 0xfe, 0x50, 0x0, 0x0,
    0x0, 0x0, 0x4, 0x78, 0x73, 0x0, 0x0, 0x0,

    /* U+F522 "" */
    0x0, 0x0, 0x0, 0x0, 0x0, 0x0, 0x0, 0x0,
    0x0, 0x0, 0x0, 0x0, 0x0, 0xdb, 0x0, 0x0,
    0x0, 0x0, 0x0, 0x0, 0x0, 0x0, 0xec, 0x0,
    0x0, 0x0, 0x0, 0x0, 0x39, 0x0, 0x0, 0xdb,
    0x0, 0x0, 0x93, 0x0, 0x0, 0x6f, 0xb0, 0x0,
    0x11, 0x0, 0xc, 0xf6, 0x0, 0x0, 0x9, 0xf1,
    0x5, 0x99, 0x50, 0x3f, 0x90, 0x0, 0x0, 0x0,
    0x1, 0xcf, 0xff, 0xfc, 0x11, 0x0, 0x0, 0x0,
    0x0, 0xc, 0xf9, 0x22, 0x9f, 0xc0, 0x0, 0x0,
    0x0, 0x0, 0x4f, 0xa0, 0x0, 0xa, 0xf4, 0x0,
    0x0, 0xcf, 0xf3, 0x7f, 0x40, 0x0, 0x4, 0xf7,
    0x3f, 0xfc, 0x8b, 0xb2, 0x7f, 0x40, 0x0, 0x4,
    0xf7, 0x2b, 0xb8, 0x0, 0x0, 0x3f, 0xa0, 0x0,
    0xa, 0xf3, 0x0, 0x0, 0x0, 0x0, 0xb, 0xfa,
    0x33, 0xaf, 0xb0, 0x0, 0x0, 0x0, 0x0, 0x11,
    0xcf, 0xff, 0xfc, 0x11, 0x0, 0x0, 0x0, 0xa,
    0xf2, 0x4, 0x88, 0x40, 0x2f, 0xa0, 0x0, 0x0,
    0x7f, 0x90, 0x0, 0x43, 0x0, 0x9, 0xf7, 0x0,
    0x0, 0x25, 0x0, 0x0, 0xec, 0x0, 0x0, 0x52,
    0x0, 0x0, 0x0, 0x0, 0x0, 0xec, 0x0, 0x0,
    0x0, 0x0, 0x0, 0x0, 0x0, 0x0, 0x97, 0x0,
    0x0, 0x0, 0x0,

    /* U+F01EA "󰇪" */
    0x0, 0x0, 0x1, 0x0, 0x0, 0x0, 0x0, 0x5,
    0xc0, 0x0, 0x0, 0x0, 0x1, 0xef, 0x70, 0x0,
    0x0, 0x0, 0xaf, 0xff, 0x20, 0x0, 0x0, 0x5f,
    0xff, 0xfc, 0x0, 0x0, 0x1e, 0xff, 0xff, 0xf7,
    0x0, 0xa, 0xff, 0xff, 0xff, 0xf2, 0x5, 0xff,
    0xff, 0xff, 0xff, 0xc0, 0x11, 0x11, 0x11, 0x11,
    0x11, 0x5, 0x55, 0x55, 0x55, 0x55, 0x52, 0xff,
    0xff, 0xff, 0xff, 0xff, 0x72, 0x22, 0x22, 0x22,
    0x22, 0x20,

    /* U+F0311 "󰌑" */
    0x0, 0x0, 0x17, 0x0, 0x0, 0x0, 0x0, 0x0,
    0x0, 0x1, 0xcf, 0x20, 0x0, 0x0, 0x6, 0xf1,
    0x0, 0x1c, 0xf4, 0x0, 0x0, 0x0, 0x6, 0xf1,
    0x1, 0xcf, 0x40, 0x0, 0x0, 0x0, 0x6, 0xf1,
    0xc, 0xff, 0xff, 0xff, 0xff, 0xff, 0xff, 0xf1,
    0x7, 0xff, 0x88, 0x88, 0x88, 0x88, 0x88, 0x80,
    0x0, 0x7f, 0xa0, 0x0, 0x0, 0x0, 0x0, 0x0,
    0x0, 0x7, 0xfa, 0x0, 0x0, 0x0, 0x0, 0x0,
    0x0, 0x0, 0x7e, 0x20, 0x0, 0x0, 0x0, 0x0,
    0x0, 0x0, 0x1, 0x0, 0x0, 0x0, 0x0, 0x0,

    /* U+F0312 "󰌒" */
    0x0, 0x0, 0x0, 0x0, 0x37, 0x0, 0x0, 0x7c,
    0x0, 0x0, 0x0, 0x0, 0x8f, 0x80, 0x0, 0x8e,
    0x0, 0x0, 0x0, 0x0, 0x9, 0xf8, 0x0, 0x8e,
    0x11, 0x11, 0x11, 0x11, 0x11, 0xaf, 0x80, 0x8e,
    0xdf, 0xff, 0xff, 0xff, 0xff, 0xff, 0xf6, 0x8e,
    0x56, 0x66, 0x66, 0x66, 0x66, 0xaf, 0xc0, 0x8e,
    0x0, 0x0, 0x0, 0x0, 0x4, 0xfc, 0x0, 0x8e,
    0x0, 0x0, 0x0, 0x0, 0x5f, 0xc0, 0x0, 0x8e,
    0x0, 0x0, 0x0, 0x0, 0x7c, 0x0, 0x0, 0x8e,
    0x0, 0x0, 0x0, 0x0, 0x0, 0x0, 0x0, 0x12,

    /* U+F0379 "󰍹" */
    0x28, 0x88, 0x88, 0x88, 0x88, 0x88, 0x88, 0x86,
    0xd, 0xff, 0xff, 0xff, 0xff, 0xff, 0xff, 0xff,
    0xf6, 0xf8, 0x0, 0x0, 0x0, 0x0, 0x0, 0x0,
    0xf, 0x8f, 0x80, 0x0, 0x0, 0x0, 0x0, 0x0,
    0x0, 0xf8, 0xf8, 0x0, 0x0, 0x0, 0x0, 0x0,
    0x0, 0xf, 0x8f, 0x80, 0x0, 0x0, 0x0, 0x0,
    0x0, 0x0, 0xf8, 0xf8, 0x0, 0x0, 0x0, 0x0,
    0x0, 0x0, 0xf, 0x8f, 0x80, 0x0, 0x0, 0x0,
    0x0, 0x0, 0x0, 0xf8, 0xf8, 0x0, 0x0, 0x0,
    0x0, 0x0, 0x0, 0xf, 0x8f, 0x80, 0x0, 0x0,
    0x0, 0x0, 0x0, 0x0, 0xf8, 0xf8, 0x0, 0x0,
    0x0, 0x0, 0x0, 0x0, 0xf, 0x8d, 0xff, 0xff,
    0xff, 0xff, 0xff, 0xff, 0xff, 0xf5, 0x16, 0x77,
    0x77, 0xaf, 0xfc, 0x77, 0x77, 0x75, 0x0, 0x0,
    0x0, 0x17, 0xff, 0xa1, 0x0, 0x0, 0x0, 0x0,
    0x0, 0xe, 0xff, 0xff, 0xf1, 0x0, 0x0, 0x0,
    0x0, 0x0, 0x55, 0x55, 0x55, 0x0, 0x0, 0x0,

    /* U+F0387 "󰎇" */
    0x0, 0x0, 0x7f, 0xff, 0xf0, 0x0, 0x7, 0xff,
    0xff, 0x0, 0x0, 0x7f, 0xff, 0xf0, 0x0, 0x7,
    0xf0, 0x0, 0x0, 0x0, 0x7f, 0x0, 0x0, 0x0,
    0x7, 0xf0, 0x0, 0x0, 0x0, 0x7f, 0x0, 0x0,
    0x1, 0x17, 0xf0, 0x0, 0x1b, 0xff, 0xef, 0x0,
    0xa, 0xff, 0xff, 0xf0, 0x0, 0xef, 0xff, 0xff,
    0x0, 0xe, 0xff, 0xff, 0xe0, 0x0, 0x7f, 0xff,
    0xf6, 0x0, 0x0, 0x6c, 0xb5, 0x0, 0x0,

    /* U+F03E4 "󰏤" */
    0x55, 0x50, 0x0, 0x55, 0x5f, 0xff, 0x0, 0xf,
    0xff, 0xff, 0xf0, 0x0, 0xff, 0xff, 0xff, 0x0,
    0xf, 0xff, 0xff, 0xf0, 0x0, 0xff, 0xff, 0xff,
    0x0, 0xf, 0xff, 0xff, 0xf0, 0x0, 0xff, 0xff,
    0xff, 0x0, 0xf, 0xff, 0xff, 0xf0, 0x0, 0xff,
    0xff, 0xff, 0x0, 0xf, 0xff, 0xff, 0xf0, 0x0,
    0xff, 0xf1, 0x11, 0x0, 0x1, 0x11,

    /* U+F0425 "󰐥" */
    0x0, 0x0, 0x4, 0x70, 0x0, 0x0, 0x0, 0x0,
    0x0, 0x8e, 0x0, 0x0, 0x0, 0x0, 0x60, 0x8,
    0xe0, 0x5, 0x10, 0x0, 0x9f, 0x60, 0x8e, 0x2,
    0xfd, 0x10, 0x4f, 0x80, 0x8, 0xe0, 0x2, 0xfa,
    0xb, 0xe0, 0x0, 0x8e, 0x0, 0x7, 0xf2, 0xe9,
    0x0, 0x8, 0xe0, 0x0, 0x3f, 0x5f, 0x80, 0x0,
    0x8e, 0x0, 0x2, 0xf6, 0xdb, 0x0, 0x0, 0x0,
    0x0, 0x5f, 0x37, 0xf3, 0x0, 0x0, 0x0, 0xc,
    0xd0, 0xd, 0xe3, 0x0, 0x0, 0xa, 0xf5, 0x0,
    0x2d, 0xfb, 0x76, 0x9e, 0xf6, 0x0, 0x0, 0x8,
    0xef, 0xff, 0xa3, 0x0, 0x0, 0x0, 0x0, 0x1,
    0x0, 0x0, 0x0,

    /* U+F04AD "󰒭" */
    0x70, 0x0, 0x0, 0x6, 0xdf, 0xc2, 0x0, 0x0,
    0x8f, 0xff, 0xf5, 0x0, 0x8, 0xff, 0xff, 0xfa,
    0x10, 0x8f, 0xff, 0xff, 0xfe, 0x18, 0xff, 0xff,
    0xfe, 0x40, 0x8f, 0xff, 0xfa, 0x10, 0x8, 0xff,
    0xf6, 0x0, 0x0, 0x8f, 0xc2, 0x0, 0x0, 0x8,
    0xf0, 0x0, 0x0, 0x0, 0x12,

    /* U+F04AE "󰒮" */
    0xd6, 0x0, 0x0, 0x0, 0x7f, 0x80, 0x0, 0x2,
    0xcf, 0xf8, 0x0, 0x5, 0xff, 0xff, 0x80, 0x1a,
    0xff, 0xff, 0xf8, 0x1e, 0xff, 0xff, 0xff, 0x80,
    0x4e, 0xff, 0xff, 0xf8, 0x0, 0x1a, 0xff, 0xff,
    0x80, 0x0, 0x6, 0xff, 0xf8, 0x0, 0x0, 0x2,
    0xc2, 0x10, 0x0, 0x0, 0x0,

    /* U+F04B2 "󰒲" */
    0x0, 0x0, 0x0, 0x0, 0x0, 0x0, 0x0, 0x0,
    0x0, 0x0, 0x0, 0x0, 0x0, 0x0, 0xf, 0xff,
    0xf8, 0x0, 0x0, 0x0, 0x0, 0x0, 0x0, 0x77,
    0xdf, 0x60, 0x0, 0x0, 0x0, 0x0, 0x0, 0x0,
    0x5f, 0xa0, 0x0, 0x0, 0x0, 0xff, 0xff, 0x80,
    0x3f, 0xc0, 0x0, 0x0, 0x0, 0x7, 0x7d, 0xf6,
    0xe, 0xfa, 0x84, 0x0, 0x0, 0x0, 0x5, 0xfa,
    0x0, 0xef, 0xff, 0x8f, 0xff, 0xf8, 0x3, 0xfc,
    0x0, 0x0, 0x0, 0x0, 0x77, 0xdf, 0x60, 0xef,
    0x98, 0x40, 0x0, 0x0, 0x0, 0x5f, 0x90, 0xf,
    0xff, 0xf7, 0x0, 0x0, 0x0, 0x3f, 0xb0, 0x0,
    0x0, 0x0, 0x0, 0x0, 0x0, 0xe, 0xfa, 0x94,
    0x0, 0x0, 0x0, 0x0, 0x0, 0x0, 0xff, 0xff,
    0x70, 0x0, 0x0, 0x0, 0x0, 0x0, 0x0,

    /* U+F04B3 "󰒳" */
    0xa, 0x30, 0x0, 0x0, 0x0, 0x0, 0xef, 0xff,
    0x80, 0xbf, 0x30, 0x0, 0x0, 0x0, 0x8, 0x9d,
    0xf7, 0x0, 0xbf, 0x30, 0x0, 0x0, 0x0, 0x4,
    0xfb, 0x0, 0x0, 0xbf, 0x31, 0xce, 0xe7, 0x2,
    0xed, 0x0, 0x0, 0x0, 0xbf, 0x31, 0xdf, 0x60,
    0xdf, 0x97, 0x30, 0x0, 0x0, 0xbf, 0x31, 0x80,
    0xf, 0xff, 0xf8, 0xff, 0xff, 0x70, 0xbf, 0x30,
    0x0, 0x1, 0x11, 0x9, 0x9d, 0xf6, 0xd, 0xff,
    0x30, 0x0, 0x0, 0x0, 0x4, 0xfb, 0x0, 0xff,
    0xff, 0x30, 0x0, 0x0, 0x2, 0xec, 0x0, 0x0,
    0x0, 0xbf, 0x40, 0x0, 0x0, 0xef, 0x97, 0x30,
    0x0, 0x0, 0xaf, 0x40, 0x0, 0xf, 0xff, 0xf8,
    0x0, 0x0, 0x0, 0xaf, 0x40, 0x0, 0x0, 0x0,
    0x0, 0x0, 0x0, 0x0, 0xaf, 0x10, 0x0, 0x0,
    0x0, 0x0, 0x0, 0x0, 0x0, 0x30, 0x0,

    /* U+F04DB "󰓛" */
    0xdd, 0xdd, 0xdd, 0xdd, 0xdf, 0xff, 0xff, 0xff,
    0xff, 0xff, 0xff, 0xff, 0xff, 0xff, 0xff, 0xff,
    0xff, 0xff, 0xff, 0xff, 0xff, 0xff, 0xff, 0xff,
    0xff, 0xff, 0xff, 0xff, 0xff, 0xff, 0xff, 0xff,
    0xff, 0xff, 0xff, 0xff, 0xff, 0xff, 0xff, 0xff,
    0xf2, 0x22, 0x22, 0x22, 0x22,

    /* U+F0634 "󰘴" */
    0x0, 0x0, 0x4, 0x10, 0x0, 0x0, 0x0, 0x0,
    0x4f, 0xd1, 0x0, 0x0, 0x0, 0x4, 0xfd, 0xfd,
    0x10, 0x0, 0x0, 0x4f, 0xd1, 0x4f, 0xd1, 0x0,
    0x4, 0xfd, 0x10, 0x4, 0xfd, 0x10, 0x4f, 0xd1,
    0x0, 0x0, 0x4f, 0xd1, 0xbd, 0x10, 0x0, 0x0,
    0x4, 0xf5, 0x1, 0x0, 0x0, 0x0, 0x0, 0x10,

    /* U+F0635 "󰘵" */
    0x0, 0x0, 0x0, 0x0, 0x0, 0x0, 0x0, 0x3,
    0xff, 0xff, 0xa0, 0x0, 0xef, 0xff, 0xf5, 0x17,
    0x77, 0xaf, 0x20, 0x6, 0x77, 0x77, 0x20, 0x0,
    0x1, 0xfa, 0x0, 0x0, 0x0, 0x0, 0x0, 0x0,
    0x8, 0xf3, 0x0, 0x0, 0x0, 0x0, 0x0, 0x0,
    0x1f, 0xb0, 0x0, 0x0, 0x0, 0x0, 0x0, 0x0,
    0x8f, 0x30, 0x0, 0x0, 0x0, 0x0, 0x0, 0x1,
    0xfb, 0x0, 0x0, 0x0, 0x0, 0x0, 0x0, 0x8,
    0xf3, 0x0, 0x0, 0x0, 0x0, 0x0, 0x0, 0x1f,
    0xb0, 0x0, 0x0, 0x0, 0x0, 0x0, 0x0, 0x8f,
    0x30, 0x0, 0x0, 0x0, 0x0, 0x0, 0x1, 0xfd,
    0x99, 0x92, 0x0, 0x0, 0x0, 0x0, 0x8, 0xff,
    0xff, 0x40,

    /* U+F0636 "󰘶" */
    0x0, 0x0, 0x0, 0x0, 0x0, 0x0, 0x0, 0x0,
    0x0, 0x0, 0x0, 0x4, 0xc1, 0x0, 0x0, 0x0,
    0x0, 0x0, 0x0, 0x4f, 0xfc, 0x10, 0x0, 0x0,
    0x0, 0x0, 0x3, 0xfd, 0x6f, 0xc1, 0x0, 0x0,
    0x0, 0x0, 0x3f, 0xd1, 0x4, 0xfc, 0x0, 0x0,
    0x0, 0x3, 0xfd, 0x10, 0x0, 0x4f, 0xc0, 0x0,
    0x0, 0x3f, 0xd2, 0x0, 0x0, 0x5, 0xfc, 0x0,
    0x3, 0xff, 0xff, 0x10, 0x0, 0x7f, 0xff, 0xc0,
    0x6, 0x77, 0xbf, 0x10, 0x0, 0x7f, 0x87, 0x74,
    0x0, 0x0, 0x7f, 0x10, 0x0, 0x7f, 0x10, 0x0,
    0x0, 0x0, 0x7f, 0x10, 0x0, 0x7f, 0x10, 0x0,
    0x0, 0x0, 0x7f, 0x99, 0x99, 0xcf, 0x10, 0x0,
    0x0, 0x0, 0x6f, 0xff, 0xff, 0xff, 0x10, 0x0,

    /* U+F0B5C "󰭜" */
    0x0, 0x0, 0xaf, 0xff, 0xff, 0xff, 0xff, 0xff,
    0xe7, 0x0, 0x7, 0xf9, 0x99, 0x99, 0x99, 0x99,
    0x99, 0xcf, 0x0, 0x2f, 0x90, 0x0, 0x0, 0x0,
    0x0, 0x0, 0x8f, 0x0, 0xce, 0x0, 0x9, 0x40,
    0x0, 0x49, 0x0, 0x8f, 0x7, 0xf4, 0x0, 0xc,
    0xf4, 0x4, 0xfc, 0x0, 0x8f, 0x2f, 0x90, 0x0,
    0x1, 0xcf, 0x8f, 0xc1, 0x0, 0x8f, 0xce, 0x0,
    0x0, 0x0, 0xd, 0xfd, 0x10, 0x0, 0x8f, 0x8f,
    0x30, 0x0, 0x0, 0x4f, 0xff, 0x40, 0x0, 0x8f,
    0xd, 0xd0, 0x0, 0x4, 0xfc, 0x2c, 0xf4, 0x0,
    0x8f, 0x3, 0xf8, 0x0, 0x1f, 0xc1, 0x1, 0xce,
    0x0, 0x8f, 0x0, 0x8f, 0x30, 0x3, 0x10, 0x0,
    0x13, 0x0, 0x8f, 0x0, 0xd, 0xd0, 0x0, 0x0,
    0x0, 0x0, 0x0, 0x8f, 0x0, 0x3, 0xff, 0xff,
    0xff, 0xff, 0xff, 0xff, 0xfe, 0x0, 0x0, 0x48,
    0x88, 0x88, 0x88, 0x88, 0x88, 0x82,

    /* U+F0BEA "󰯪" */
    0x0, 0x0, 0x0, 0xe, 0x90, 0x0, 0x0, 0x0,
    0x0, 0x0, 0x0, 0xe, 0x90, 0x0, 0x0, 0x0,
    0x0, 0xc9, 0x0, 0x3, 0x20, 0x0, 0xba, 0x0,
    0x0, 0x8f, 0x33, 0xbf, 0xea, 0x25, 0xf6, 0x0,
    0x0, 0x2, 0x6f, 0xe9, 0x9e, 0xf4, 0x20, 0x0,
    0x0, 0x1, 0xfb, 0x0, 0x1, 0xde, 0x0, 0x0,
    0x0, 0x6, 0xf2, 0x0, 0x0, 0x5f, 0x40, 0x0,
    0xff, 0x49, 0xf0, 0x0, 0x0, 0x1f, 0x65, 0xfe,
    0x99, 0x29, 0xe0, 0x0, 0x0, 0x1f, 0x73, 0x98,
    0x0, 0x9, 0xe0, 0x0, 0x0, 0x1f, 0x70, 0x0,
    0x0, 0x9, 0xe0, 0x0, 0x0, 0x1f, 0x70, 0x0,
    0x0, 0x9, 0xe0, 0x0, 0x0, 0x1f, 0x70, 0x0,
    0x0, 0x9, 0xfe, 0xee, 0xee, 0xef, 0x70, 0x0,
    0x0, 0x5, 0xaa, 0xaa, 0xaa, 0xaa, 0x40, 0x0,
    0x0, 0x38, 0x88, 0x88, 0x88, 0x88, 0x82, 0x0,
    0x0, 0xef, 0xff, 0xff, 0xff, 0xff, 0xfd, 0x0,

    /* U+F1050 "󱁐" */
    0x73, 0x0, 0x0, 0x0, 0x0, 0x0, 0x73, 0xf8,
    0x0, 0x0, 0x0, 0x0, 0x0, 0xf8, 0xf8, 0x0,
    0x0, 0x0, 0x0, 0x0, 0xf8, 0xfb, 0x77, 0x77,
    0x77, 0x77, 0x77, 0xf7, 0x9f, 0xff, 0xff, 0xff,
    0xff, 0xff, 0xe2, 0x0, 0x0, 0x0, 0x0, 0x0,
    0x0, 0x0,

    /* U+F1356 "󱍖" */
    0x0, 0x0, 0x0, 0x97, 0x0, 0x3a, 0x0, 0x0,
    0x0, 0x5, 0x90, 0x0, 0xea, 0x0, 0x4f, 0x10,
    0x9, 0x50, 0x8, 0xf7, 0x0, 0x85, 0x0, 0x28,
    0x0, 0x7f, 0x80, 0x0, 0x61, 0x0, 0x0, 0x0,
    0x0, 0x0, 0x16, 0x0, 0x0, 0x0, 0xaf, 0xff,
    0xff, 0xff, 0xfa, 0x0, 0x0, 0x77, 0x13, 0xfa,
    0x88, 0x88, 0x88, 0xaf, 0x31, 0x77, 0xff, 0x43,
    0xf3, 0x0, 0x0, 0x0, 0x3f, 0x33, 0xff, 0x0,
    0x3, 0xf3, 0x0, 0x0, 0x0, 0x3f, 0x30, 0x0,
    0x0, 0x3, 0xf3, 0x0, 0x0, 0x0, 0x3f, 0x30,
    0x0, 0xbb, 0x23, 0xf3, 0x0, 0x0, 0x0, 0x3f,
    0x32, 0xbb, 0xff, 0x33, 0xf4, 0x0, 0x0, 0x0,
    0x4f, 0x33, 0xff, 0x0, 0x1, 0xff, 0xff, 0xff,
    0xff, 0xff, 0x10, 0x0, 0x0, 0x0, 0x37, 0x7f,
    0xff, 0xfa, 0x73, 0x0, 0x0, 0x2, 0xd6, 0x0,
    0x1f, 0xff, 0xf6, 0x0, 0x6d, 0x20, 0xa, 0xe3,
    0x0, 0x0, 0x0, 0x0, 0x0, 0x3e, 0xa0, 0x0,
    0x20, 0x0, 0x0, 0x0, 0x0, 0x0, 0x2, 0x0
};


/*---------------------
 *  GLYPH DESCRIPTION
 *--------------------*/

static const lv_font_fmt_txt_glyph_dsc_t glyph_dsc[] = {
    {.bitmap_index = 0, .adv_w = 0, .box_w = 0, .box_h = 0, .ofs_x = 0, .ofs_y = 0} /* id = 0 reserved */,
    {.bitmap_index = 0, .adv_w = 144, .box_w = 0, .box_h = 0, .ofs_x = 0, .ofs_y = 0},
    {.bitmap_index = 0, .adv_w = 144, .box_w = 3, .box_h = 14, .ofs_x = 3, .ofs_y = 0},
    {.bitmap_index = 21, .adv_w = 144, .box_w = 7, .box_h = 7, .ofs_x = 1, .ofs_y = 8},
    {.bitmap_index = 46, .adv_w = 144, .box_w = 9, .box_h = 14, .ofs_x = 0, .ofs_y = 0},
    {.bitmap_index = 109, .adv_w = 144, .box_w = 8, .box_h = 18, .ofs_x = 0, .ofs_y = -2},
    {.bitmap_index = 181, .adv_w = 144, .box_w = 9, .box_h = 14, .ofs_x = 0, .ofs_y = 0},
    {.bitmap_index = 244, .adv_w = 144, .box_w = 8, .box_h = 14, .ofs_x = 1, .ofs_y = 0},
    {.bitmap_index = 300, .adv_w = 144, .box_w = 3, .box_h = 7, .ofs_x = 3, .ofs_y = 8},
    {.bitmap_index = 311, .adv_w = 144, .box_w = 6, .box_h = 20, .ofs_x = 2, .ofs_y = -4},
    {.bitmap_index = 371, .adv_w = 144, .box_w = 6, .box_h = 20, .ofs_x = 1, .ofs_y = -4},
    {.bitmap_index = 431, .adv_w = 144, .box_w = 9, .box_h = 8, .ofs_x = 0, .ofs_y = 7},
    {.bitmap_index = 467, .adv_w = 144, .box_w = 7, .box_h = 8, .ofs_x = 1, .ofs_y = 2},
    {.bitmap_index = 495, .adv_w = 144, .box_w = 4, .box_h = 7, .ofs_x = 2, .ofs_y = -4},
    {.bitmap_index = 509, .adv_w = 144, .box_w = 7, .box_h = 3, .ofs_x = 1, .ofs_y = 5},
    {.bitmap_index = 520, .adv_w = 144, .box_w = 3, .box_h = 3, .ofs_x = 3, .ofs_y = 0},
    {.bitmap_index = 525, .adv_w = 144, .box_w = 7, .box_h = 19, .ofs_x = 1, .ofs_y = -3},
    {.bitmap_index = 592, .adv_w = 144, .box_w = 7, .box_h = 14, .ofs_x = 1, .ofs_y = 0},
    {.bitmap_index = 641, .adv_w = 144, .box_w = 5, .box_h = 14, .ofs_x = 1, .ofs_y = 0},
    {.bitmap_index = 676, .adv_w = 144, .box_w = 7, .box_h = 14, .ofs_x = 1, .ofs_y = 0},
    {.bitmap_index = 725, .adv_w = 144, .box_w = 9, .box_h = 14, .ofs_x = 0, .ofs_y = 0},
    {.bitmap_index = 788, .adv_w = 144, .box_w = 7, .box_h = 14, .ofs_x = 1, .ofs_y = 0},
    {.bitmap_index = 837, .adv_w = 144, .box_w = 7, .box_h = 14, .ofs_x = 1, .ofs_y = 0},
    {.bitmap_index = 886, .adv_w = 144, .box_w = 7, .box_h = 14, .ofs_x = 1, .ofs_y = 0},
    {.bitmap_index = 935, .adv_w = 144, .box_w = 7, .box_h = 14, .ofs_x = 1, .ofs_y = 0},
    {.bitmap_index = 984, .adv_w = 144, .box_w = 7, .box_h = 14, .ofs_x = 1, .ofs_y = 0},
    {.bitmap_index = 1033, .adv_w = 144, .box_w = 7, .box_h = 14, .ofs_x = 1, .ofs_y = 0},
    {.bitmap_index = 1082, .adv_w = 144, .box_w = 3, .box_h = 10, .ofs_x = 3, .ofs_y = 0},
    {.bitmap_index = 1097, .adv_w = 144, .box_w = 4, .box_h = 14, .ofs_x = 2, .ofs_y = -4},
    {.bitmap_index = 1125, .adv_w = 144, .box_w = 8, .box_h = 11, .ofs_x = 1, .ofs_y = 1},
    {.bitmap_index = 1169, .adv_w = 144, .box_w = 7, .box_h = 6, .ofs_x = 1, .ofs_y = 3},
    {.bitmap_index = 1190, .adv_w = 144, .box_w = 8, .box_h = 11, .ofs_x = 0, .ofs_y = 1},
    {.bitmap_index = 1234, .adv_w = 144, .box_w = 7, .box_h = 14, .ofs_x = 1, .ofs_y = 0},
    {.bitmap_index = 1283, .adv_w = 144, .box_w = 7, .box_h = 17, .ofs_x = 1, .ofs_y = -3},
    {.bitmap_index = 1343, .adv_w = 144, .box_w = 9, .box_h = 14, .ofs_x = 0, .ofs_y = 0},
    {.bitmap_index = 1406, .adv_w = 144, .box_w = 8, .box_h = 14, .ofs_x = 1, .ofs_y = 0},
    {.bitmap_index = 1462, .adv_w = 144, .box_w = 7, .box_h = 14, .ofs_x = 1, .ofs_y = 0},
    {.bitmap_index = 1511, .adv_w = 144, .box_w = 7, .box_h = 14, .ofs_x = 1, .ofs_y = 0},
    {.bitmap_index = 1560, .adv_w = 144, .box_w = 7, .box_h = 14, .ofs_x = 1, .ofs_y = 0},
    {.bitmap_index = 1609, .adv_w = 144, .box_w = 7, .box_h = 14, .ofs_x = 1, .ofs_y = 0},
    {.bitmap_index = 1658, .adv_w = 144, .box_w = 7, .box_h = 14, .ofs_x = 1, .ofs_y = 0},
    {.bitmap_index = 1707, .adv_w = 144, .box_w = 7, .box_h = 14, .ofs_x = 1, .ofs_y = 0},
    {.bitmap_index = 1756, .adv_w = 144, .box_w = 7, .box_h = 14, .ofs_x = 1, .ofs_y = 0},
    {.bitmap_index = 1805, .adv_w = 144, .box_w = 8, .box_h = 14, .ofs_x = 0, .ofs_y = 0},
    {.bitmap_index = 1861, .adv_w = 144, .box_w = 8, .box_h = 14, .ofs_x = 1, .ofs_y = 0},
    {.bitmap_index = 1917, .adv_w = 144, .box_w = 7, .box_h = 14, .ofs_x = 1, .ofs_y = 0},
    {.bitmap_index = 1966, .adv_w = 144, .box_w = 9, .box_h = 14, .ofs_x = 0, .ofs_y = 0},
    {.bitmap_index = 2029, .adv_w = 144, .box_w = 7, .box_h = 14, .ofs_x = 1, .ofs_y = 0},
    {.bitmap_index = 2078, .adv_w = 144, .box_w = 7, .box_h = 14, .ofs_x = 1, .ofs_y = 0},
    {.bitmap_index = 2127, .adv_w = 144, .box_w = 8, .box_h = 14, .ofs_x = 1, .ofs_y = 0},
    {.bitmap_index = 2183, .adv_w = 144, .box_w = 7, .box_h = 18, .ofs_x = 1, .ofs_y = -4},
    {.bitmap_index = 2246, .adv_w = 144, .box_w = 8, .box_h = 14, .ofs_x = 1, .ofs_y = 0},
    {.bitmap_index = 2302, .adv_w = 144, .box_w = 8, .box_h = 14, .ofs_x = 0, .ofs_y = 0},
    {.bitmap_index = 2358, .adv_w = 144, .box_w = 7, .box_h = 14, .ofs_x = 1, .ofs_y = 0},
    {.bitmap_index = 2407, .adv_w = 144, .box_w = 7, .box_h = 14, .ofs_x = 1, .ofs_y = 0},
    {.bitmap_index = 2456, .adv_w = 144, .box_w = 9, .box_h = 14, .ofs_x = 0, .ofs_y = 0},
    {.bitmap_index = 2519, .adv_w = 144, .box_w = 9, .box_h = 14, .ofs_x = 0, .ofs_y = 0},
    {.bitmap_index = 2582, .adv_w = 144, .box_w = 9, .box_h = 14, .ofs_x = 0, .ofs_y = 0},
    {.bitmap_index = 2645, .adv_w = 144, .box_w = 9, .box_h = 14, .ofs_x = 0, .ofs_y = 0},
    {.bitmap_index = 2708, .adv_w = 144, .box_w = 7, .box_h = 14, .ofs_x = 1, .ofs_y = 0},
    {.bitmap_index = 2757, .adv_w = 144, .box_w = 6, .box_h = 20, .ofs_x = 2, .ofs_y = -3},
    {.bitmap_index = 2817, .adv_w = 144, .box_w = 7, .box_h = 19, .ofs_x = 1, .ofs_y = -3},
    {.bitmap_index = 2884, .adv_w = 144, .box_w = 6, .box_h = 20, .ofs_x = 1, .ofs_y = -3},
    {.bitmap_index = 2944, .adv_w = 144, .box_w = 9, .box_h = 6, .ofs_x = 0, .ofs_y = 8},
    {.bitmap_index = 2971, .adv_w = 144, .box_w = 7, .box_h = 3, .ofs_x = 1, .ofs_y = -2},
    {.bitmap_index = 2982, .adv_w = 144, .box_w = 5, .box_h = 6, .ofs_x = 1, .ofs_y = 10},
    {.bitmap_index = 2997, .adv_w = 144, .box_w = 7, .box_h = 10, .ofs_x = 1, .ofs_y = 0},
    {.bitmap_index = 3032, .adv_w = 144, .box_w = 7, .box_h = 14, .ofs_x = 1, .ofs_y = 0},
    {.bitmap_index = 3081, .adv_w = 144, .box_w = 7, .box_h = 10, .ofs_x = 1, .ofs_y = 0},
    {.bitmap_index = 3116, .adv_w = 144, .box_w = 7, .box_h = 14, .ofs_x = 1, .ofs_y = 0},
    {.bitmap_index = 3165, .adv_w = 144, .box_w = 7, .box_h = 10, .ofs_x = 1, .ofs_y = 0},
    {.bitmap_index = 3200, .adv_w = 144, .box_w = 8, .box_h = 14, .ofs_x = 1, .ofs_y = 0},
    {.bitmap_index = 3256, .adv_w = 144, .box_w = 7, .box_h = 14, .ofs_x = 1, .ofs_y = -4},
    {.bitmap_index = 3305, .adv_w = 144, .box_w = 7, .box_h = 14, .ofs_x = 1, .ofs_y = 0},
    {.bitmap_index = 3354, .adv_w = 144, .box_w = 7, .box_h = 14, .ofs_x = 1, .ofs_y = 0},
    {.bitmap_index = 3403, .adv_w = 144, .box_w = 7, .box_h = 18, .ofs_x = 0, .ofs_y = -4},
    {.bitmap_index = 3466, .adv_w = 144, .box_w = 7, .box_h = 14, .ofs_x = 1, .ofs_y = 0},
    {.bitmap_index = 3515, .adv_w = 144, .box_w = 7, .box_h = 14, .ofs_x = 1, .ofs_y = 0},
    {.bitmap_index = 3564, .adv_w = 144, .box_w = 9, .box_h = 10, .ofs_x = 0, .ofs_y = 0},
    {.bitmap_index = 3609, .adv_w = 144, .box_w = 7, .box_h = 10, .ofs_x = 1, .ofs_y = 0},
    {.bitmap_index = 3644, .adv_w = 144, .box_w = 7, .box_h = 10, .ofs_x = 1, .ofs_y = 0},
    {.bitmap_index = 3679, .adv_w = 144, .box_w = 7, .box_h = 14, .ofs_x = 1, .ofs_y = -4},
    {.bitmap_index = 3728, .adv_w = 144, .box_w = 7, .box_h = 14, .ofs_x = 1, .ofs_y = -4},
    {.bitmap_index = 3777, .adv_w = 144, .box_w = 7, .box_h = 10, .ofs_x = 2, .ofs_y = 0},
    {.bitmap_index = 3812, .adv_w = 144, .box_w = 7, .box_h = 10, .ofs_x = 1, .ofs_y = 0},
    {.bitmap_index = 3847, .adv_w = 144, .box_w = 8, .box_h = 14, .ofs_x = 1, .ofs_y = 0},
    {.bitmap_index = 3903, .adv_w = 144, .box_w = 7, .box_h = 10, .ofs_x = 1, .ofs_y = 0},
    {.bitmap_index = 3938, .adv_w = 144, .box_w = 9, .box_h = 10, .ofs_x = 0, .ofs_y = 0},
    {.bitmap_index = 3983, .adv_w = 144, .box_w = 9, .box_h = 10, .ofs_x = 0, .ofs_y = 0},
    {.bitmap_index = 4028, .adv_w = 144, .box_w = 9, .box_h = 10, .ofs_x = 0, .ofs_y = 0},
    {.bitmap_index = 4073, .adv_w = 144, .box_w = 9, .box_h = 14, .ofs_x = 0, .ofs_y = -4},
    {.bitmap_index = 4136, .adv_w = 144, .box_w = 7, .box_h = 10, .ofs_x = 1, .ofs_y = 0},
    {.bitmap_index = 4171, .adv_w = 144, .box_w = 7, .box_h = 20, .ofs_x = 1, .ofs_y = -4},
    {.bitmap_index = 4241, .adv_w = 144, .box_w = 3, .box_h = 19, .ofs_x = 3, .ofs_y = -3},
    {.bitmap_index = 4270, .adv_w = 144, .box_w = 7, .box_h = 20, .ofs_x = 1, .ofs_y = -4},
    {.bitmap_index = 4340, .adv_w = 144, .box_w = 9, .box_h = 5, .ofs_x = 0, .ofs_y = 3},
    {.bitmap_index = 4363, .adv_w = 144, .box_w = 5, .box_h = 6, .ofs_x = 2, .ofs_y = 9},
    {.bitmap_index = 4378, .adv_w = 144, .box_w = 9, .box_h = 9, .ofs_x = 0, .ofs_y = 2},
    {.bitmap_index = 4419, .adv_w = 144, .box_w = 7, .box_h = 10, .ofs_x = 1, .ofs_y = 2},
    {.bitmap_index = 4454, .adv_w = 144, .box_w = 9, .box_h = 14, .ofs_x = 0, .ofs_y = 0},
    {.bitmap_index = 4517, .adv_w = 144, .box_w = 7, .box_h = 14, .ofs_x = 1, .ofs_y = 0},
    {.bitmap_index = 4566, .adv_w = 144, .box_w = 8, .box_h = 14, .ofs_x = 1, .ofs_y = 0},
    {.bitmap_index = 4622, .adv_w = 144, .box_w = 7, .box_h = 14, .ofs_x = 1, .ofs_y = 0},
    {.bitmap_index = 4671, .adv_w = 144, .box_w = 9, .box_h = 17, .ofs_x = 0, .ofs_y = -3},
    {.bitmap_index = 4748, .adv_w = 144, .box_w = 7, .box_h = 14, .ofs_x = 1, .ofs_y = 0},
    {.bitmap_index = 4797, .adv_w = 144, .box_w = 9, .box_h = 14, .ofs_x = 0, .ofs_y = 0},
    {.bitmap_index = 4860, .adv_w = 144, .box_w = 9, .box_h = 14, .ofs_x = 0, .ofs_y = 0},
    {.bitmap_index = 4923, .adv_w = 144, .box_w = 7, .box_h = 14, .ofs_x = 1, .ofs_y = 0},
    {.bitmap_index = 4972, .adv_w = 144, .box_w = 7, .box_h = 18, .ofs_x = 1, .ofs_y = 0},
    {.bitmap_index = 5035, .adv_w = 144, .box_w = 8, .box_h = 14, .ofs_x = 1, .ofs_y = 0},
    {.bitmap_index = 5091, .adv_w = 144, .box_w = 8, .box_h = 14, .ofs_x = 0, .ofs_y = 0},
    {.bitmap_index = 5147, .adv_w = 144, .box_w = 9, .box_h = 14, .ofs_x = 0, .ofs_y = 0},
    {.bitmap_index = 5210, .adv_w = 144, .box_w = 7, .box_h = 14, .ofs_x = 1, .ofs_y = 0},
    {.bitmap_index = 5259, .adv_w = 144, .box_w = 7, .box_h = 14, .ofs_x = 1, .ofs_y = 0},
    {.bitmap_index = 5308, .adv_w = 144, .box_w = 7, .box_h = 14, .ofs_x = 1, .ofs_y = 0},
    {.bitmap_index = 5357, .adv_w = 144, .box_w = 8, .box_h = 14, .ofs_x = 1, .ofs_y = 0},
    {.bitmap_index = 5413, .adv_w = 144, .box_w = 7, .box_h = 14, .ofs_x = 1, .ofs_y = 0},
    {.bitmap_index = 5462, .adv_w = 144, .box_w = 7, .box_h = 14, .ofs_x = 1, .ofs_y = 0},
    {.bitmap_index = 5511, .adv_w = 144, .box_w = 9, .box_h = 14, .ofs_x = 0, .ofs_y = 0},
    {.bitmap_index = 5574, .adv_w = 144, .box_w = 9, .box_h = 14, .ofs_x = 0, .ofs_y = 0},
    {.bitmap_index = 5637, .adv_w = 144, .box_w = 9, .box_h = 14, .ofs_x = 0, .ofs_y = 0},
    {.bitmap_index = 5700, .adv_w = 144, .box_w = 8, .box_h = 17, .ofs_x = 1, .ofs_y = -3},
    {.bitmap_index = 5768, .adv_w = 144, .box_w = 7, .box_h = 14, .ofs_x = 1, .ofs_y = 0},
    {.bitmap_index = 5817, .adv_w = 144, .box_w = 9, .box_h = 14, .ofs_x = 0, .ofs_y = 0},
    {.bitmap_index = 5880, .adv_w = 144, .box_w = 9, .box_h = 17, .ofs_x = 0, .ofs_y = -3},
    {.bitmap_index = 5957, .adv_w = 144, .box_w = 8, .box_h = 14, .ofs_x = 0, .ofs_y = 0},
    {.bitmap_index = 6013, .adv_w = 144, .box_w = 9, .box_h = 14, .ofs_x = 0, .ofs_y = 0},
    {.bitmap_index = 6076, .adv_w = 144, .box_w = 7, .box_h = 14, .ofs_x = 1, .ofs_y = 0},
    {.bitmap_index = 6125, .adv_w = 144, .box_w = 7, .box_h = 14, .ofs_x = 1, .ofs_y = 0},
    {.bitmap_index = 6174, .adv_w = 144, .box_w = 9, .box_h = 14, .ofs_x = 0, .ofs_y = 0},
    {.bitmap_index = 6237, .adv_w = 144, .box_w = 8, .box_h = 14, .ofs_x = 0, .ofs_y = 0},
    {.bitmap_index = 6293, .adv_w = 144, .box_w = 7, .box_h = 10, .ofs_x = 1, .ofs_y = 0},
    {.bitmap_index = 6328, .adv_w = 144, .box_w = 8, .box_h = 15, .ofs_x = 0, .ofs_y = 0},
    {.bitmap_index = 6388, .adv_w = 144, .box_w = 8, .box_h = 10, .ofs_x = 1, .ofs_y = 0},
    {.bitmap_index = 6428, .adv_w = 144, .box_w = 7, .box_h = 10, .ofs_x = 1, .ofs_y = 0},
    {.bitmap_index = 6463, .adv_w = 144, .box_w = 9, .box_h = 13, .ofs_x = 0, .ofs_y = -3},
    {.bitmap_index = 6522, .adv_w = 144, .box_w = 7, .box_h = 10, .ofs_x = 1, .ofs_y = 0},
    {.bitmap_index = 6557, .adv_w = 144, .box_w = 9, .box_h = 10, .ofs_x = 0, .ofs_y = 0},
    {.bitmap_index = 6602, .adv_w = 144, .box_w = 9, .box_h = 10, .ofs_x = 0, .ofs_y = 0},
    {.bitmap_index = 6647, .adv_w = 144, .box_w = 7, .box_h = 10, .ofs_x = 1, .ofs_y = 0},
    {.bitmap_index = 6682, .adv_w = 144, .box_w = 7, .box_h = 14, .ofs_x = 1, .ofs_y = 0},
    {.bitmap_index = 6731, .adv_w = 144, .box_w = 7, .box_h = 10, .ofs_x = 1, .ofs_y = 0},
    {.bitmap_index = 6766, .adv_w = 144, .box_w = 8, .box_h = 10, .ofs_x = 0, .ofs_y = 0},
    {.bitmap_index = 6806, .adv_w = 144, .box_w = 9, .box_h = 10, .ofs_x = 0, .ofs_y = 0},
    {.bitmap_index = 6851, .adv_w = 144, .box_w = 7, .box_h = 10, .ofs_x = 1, .ofs_y = 0},
    {.bitmap_index = 6886, .adv_w = 144, .box_w = 7, .box_h = 10, .ofs_x = 1, .ofs_y = 0},
    {.bitmap_index = 6921, .adv_w = 144, .box_w = 7, .box_h = 10, .ofs_x = 1, .ofs_y = 0},
    {.bitmap_index = 6956, .adv_w = 144, .box_w = 7, .box_h = 14, .ofs_x = 1, .ofs_y = -4},
    {.bitmap_index = 7005, .adv_w = 144, .box_w = 7, .box_h = 10, .ofs_x = 1, .ofs_y = 0},
    {.bitmap_index = 7040, .adv_w = 144, .box_w = 7, .box_h = 10, .ofs_x = 1, .ofs_y = 0},
    {.bitmap_index = 7075, .adv_w = 144, .box_w = 9, .box_h = 14, .ofs_x = 0, .ofs_y = -4},
    {.bitmap_index = 7138, .adv_w = 144, .box_w = 9, .box_h = 18, .ofs_x = 0, .ofs_y = -4},
    {.bitmap_index = 7219, .adv_w = 144, .box_w = 9, .box_h = 10, .ofs_x = 0, .ofs_y = 0},
    {.bitmap_index = 7264, .adv_w = 144, .box_w = 8, .box_h = 13, .ofs_x = 1, .ofs_y = -3},
    {.bitmap_index = 7316, .adv_w = 144, .box_w = 7, .box_h = 10, .ofs_x = 1, .ofs_y = 0},
    {.bitmap_index = 7351, .adv_w = 144, .box_w = 9, .box_h = 10, .ofs_x = 0, .ofs_y = 0},
    {.bitmap_index = 7396, .adv_w = 144, .box_w = 9, .box_h = 13, .ofs_x = 0, .ofs_y = -3},
    {.bitmap_index = 7455, .adv_w = 144, .box_w = 8, .box_h = 10, .ofs_x = 0, .ofs_y = 0},
    {.bitmap_index = 7495, .adv_w = 144, .box_w = 9, .box_h = 10, .ofs_x = 0, .ofs_y = 0},
    {.bitmap_index = 7540, .adv_w = 144, .box_w = 7, .box_h = 10, .ofs_x = 1, .ofs_y = 0},
    {.bitmap_index = 7575, .adv_w = 144, .box_w = 7, .box_h = 10, .ofs_x = 1, .ofs_y = 0},
    {.bitmap_index = 7610, .adv_w = 144, .box_w = 9, .box_h = 10, .ofs_x = 0, .ofs_y = 0},
    {.bitmap_index = 7655, .adv_w = 144, .box_w = 8, .box_h = 10, .ofs_x = 0, .ofs_y = 0},
    {.bitmap_index = 7695, .adv_w = 144, .box_w = 7, .box_h = 14, .ofs_x = 1, .ofs_y = 0},
    {.bitmap_index = 7744, .adv_w = 144, .box_w = 7, .box_h = 6, .ofs_x = 1, .ofs_y = 4},
    {.bitmap_index = 7765, .adv_w = 144, .box_w = 7, .box_h = 2, .ofs_x = 1, .ofs_y = 5},
    {.bitmap_index = 7772, .adv_w = 274, .box_w = 18, .box_h = 14, .ofs_x = 0, .ofs_y = -1},
    {.bitmap_index = 7898, .adv_w = 251, .box_w = 16, .box_h = 16, .ofs_x = 0, .ofs_y = -2},
    {.bitmap_index = 8026, .adv_w = 224, .box_w = 14, .box_h = 15, .ofs_x = 0, .ofs_y = -1},
    {.bitmap_index = 8131, .adv_w = 182, .box_w = 12, .box_h = 15, .ofs_x = 0, .ofs_y = -1},
    {.bitmap_index = 8221, .adv_w = 270, .box_w = 18, .box_h = 19, .ofs_x = 0, .ofs_y = -3},
    {.bitmap_index = 8392, .adv_w = 248, .box_w = 17, .box_h = 16, .ofs_x = -1, .ofs_y = -2},
    {.bitmap_index = 8528, .adv_w = 288, .box_w = 13, .box_h = 14, .ofs_x = 3, .ofs_y = -1},
    {.bitmap_index = 8619, .adv_w = 288, .box_w = 14, .box_h = 13, .ofs_x = 2, .ofs_y = -1},
    {.bitmap_index = 8710, .adv_w = 288, .box_w = 14, .box_h = 13, .ofs_x = 2, .ofs_y = -1},
    {.bitmap_index = 8801, .adv_w = 288, .box_w = 13, .box_h = 14, .ofs_x = 3, .ofs_y = -1},
    {.bitmap_index = 8892, .adv_w = 234, .box_w = 15, .box_h = 16, .ofs_x = 0, .ofs_y = -2},
    {.bitmap_index = 9012, .adv_w = 252, .box_w = 16, .box_h = 15, .ofs_x = 0, .ofs_y = -1},
    {.bitmap_index = 9132, .adv_w = 242, .box_w = 16, .box_h = 15, .ofs_x = 0, .ofs_y = -1},
    {.bitmap_index = 9252, .adv_w = 252, .box_w = 16, .box_h = 12, .ofs_x = 0, .ofs_y = 0},
    {.bitmap_index = 9348, .adv_w = 288, .box_w = 18, .box_h = 16, .ofs_x = 0, .ofs_y = -2},
    {.bitmap_index = 9492, .adv_w = 199, .box_w = 13, .box_h = 18, .ofs_x = 0, .ofs_y = -3},
    {.bitmap_index = 9609, .adv_w = 249, .box_w = 16, .box_h = 16, .ofs_x = 0, .ofs_y = -2},
    {.bitmap_index = 9737, .adv_w = 201, .box_w = 13, .box_h = 14, .ofs_x = 0, .ofs_y = -1},
    {.bitmap_index = 9828, .adv_w = 288, .box_w = 18, .box_h = 14, .ofs_x = 0, .ofs_y = -1},
    {.bitmap_index = 9954, .adv_w = 266, .box_w = 17, .box_h = 16, .ofs_x = 0, .ofs_y = -2},
    {.bitmap_index = 10090, .adv_w = 266, .box_w = 17, .box_h = 18, .ofs_x = 0, .ofs_y = -3},
    {.bitmap_index = 10243, .adv_w = 262, .box_w = 17, .box_h = 18, .ofs_x = 0, .ofs_y = -3},
    {.bitmap_index = 10396, .adv_w = 233, .box_w = 15, .box_h = 18, .ofs_x = 0, .ofs_y = -3},
    {.bitmap_index = 10531, .adv_w = 266, .box_w = 17, .box_h = 18, .ofs_x = 0, .ofs_y = -3},
    {.bitmap_index = 10684, .adv_w = 216, .box_w = 14, .box_h = 14, .ofs_x = 0, .ofs_y = -1},
    {.bitmap_index = 10782, .adv_w = 216, .box_w = 14, .box_h = 14, .ofs_x = 0, .ofs_y = -1},
    {.bitmap_index = 10880, .adv_w = 200, .box_w = 13, .box_h = 15, .ofs_x = 0, .ofs_y = -1},
    {.bitmap_index = 10978, .adv_w = 200, .box_w = 13, .box_h = 15, .ofs_x = 0, .ofs_y = -2},
    {.bitmap_index = 11076, .adv_w = 288, .box_w = 18, .box_h = 13, .ofs_x = 0, .ofs_y = 0},
    {.bitmap_index = 11193, .adv_w = 199, .box_w = 13, .box_h = 18, .ofs_x = 0, .ofs_y = -3},
    {.bitmap_index = 11310, .adv_w = 288, .box_w = 18, .box_h = 13, .ofs_x = 0, .ofs_y = 0},
    {.bitmap_index = 11427, .adv_w = 288, .box_w = 18, .box_h = 13, .ofs_x = 0, .ofs_y = 0},
    {.bitmap_index = 11544, .adv_w = 233, .box_w = 15, .box_h = 16, .ofs_x = 0, .ofs_y = -2},
    {.bitmap_index = 11664, .adv_w = 241, .box_w = 16, .box_h = 16, .ofs_x = 0, .ofs_y = -2},
    {.bitmap_index = 11792, .adv_w = 241, .box_w = 16, .box_h = 16, .ofs_x = 0, .ofs_y = -2},
    {.bitmap_index = 11920, .adv_w = 245, .box_w = 17, .box_h = 16, .ofs_x = -1, .ofs_y = -2},
    {.bitmap_index = 12056, .adv_w = 288, .box_w = 18, .box_h = 19, .ofs_x = 0, .ofs_y = -3},
    {.bitmap_index = 12227, .adv_w = 168, .box_w = 11, .box_h = 12, .ofs_x = 0, .ofs_y = 0},
    {.bitmap_index = 12293, .adv_w = 228, .box_w = 16, .box_h = 10, .ofs_x = -1, .ofs_y = 1},
    {.bitmap_index = 12373, .adv_w = 252, .box_w = 16, .box_h = 10, .ofs_x = 0, .ofs_y = 1},
    {.bitmap_index = 12453, .adv_w = 264, .box_w = 17, .box_h = 16, .ofs_x = 0, .ofs_y = -2},
    {.bitmap_index = 12589, .adv_w = 144, .box_w = 9, .box_h = 14, .ofs_x = 0, .ofs_y = -1},
    {.bitmap_index = 12652, .adv_w = 144, .box_w = 9, .box_h = 12, .ofs_x = 0, .ofs_y = 0},
    {.bitmap_index = 12706, .adv_w = 192, .box_w = 13, .box_h = 14, .ofs_x = 0, .ofs_y = -1},
    {.bitmap_index = 12797, .adv_w = 144, .box_w = 9, .box_h = 10, .ofs_x = 0, .ofs_y = 1},
    {.bitmap_index = 12842, .adv_w = 144, .box_w = 9, .box_h = 10, .ofs_x = 0, .ofs_y = 1},
    {.bitmap_index = 12887, .adv_w = 264, .box_w = 17, .box_h = 13, .ofs_x = 0, .ofs_y = 0},
    {.bitmap_index = 12998, .adv_w = 264, .box_w = 17, .box_h = 14, .ofs_x = 0, .ofs_y = -1},
    {.bitmap_index = 13117, .adv_w = 144, .box_w = 9, .box_h = 10, .ofs_x = 0, .ofs_y = 1},
    {.bitmap_index = 13162, .adv_w = 187, .box_w = 12, .box_h = 8, .ofs_x = 0, .ofs_y = 2},
    {.bitmap_index = 13210, .adv_w = 216, .box_w = 15, .box_h = 13, .ofs_x = -1, .ofs_y = 0},
    {.bitmap_index = 13308, .adv_w = 240, .box_w = 16, .box_h = 13, .ofs_x = -1, .ofs_y = 0},
    {.bitmap_index = 13412, .adv_w = 288, .box_w = 18, .box_h = 14, .ofs_x = 0, .ofs_y = -1},
    {.bitmap_index = 13538, .adv_w = 252, .box_w = 16, .box_h = 16, .ofs_x = 0, .ofs_y = -2},
    {.bitmap_index = 13666, .adv_w = 216, .box_w = 14, .box_h = 6, .ofs_x = 0, .ofs_y = 3},
    {.bitmap_index = 13708, .adv_w = 288, .box_w = 18, .box_h = 16, .ofs_x = 0, .ofs_y = -2}
};

/*---------------------
 *  CHARACTER MAPPING
 *--------------------*/

static const uint16_t unicode_list_1[] = {
    0x0, 0x27, 0x47
};

static const uint16_t unicode_list_3[] = {
    0x0, 0x1bd1, 0x1dc1, 0xde06, 0xe23f, 0xe2be, 0xe2c0, 0xe61c,
    0xe623, 0xe649, 0xe64a, 0xe64b, 0xe650, 0xe6b0, 0xe6b4, 0xe6b5,
    0xe6cb, 0xea97, 0xeb69, 0xebd0, 0xebd6, 0xebd7, 0xebed, 0xec07,
    0xec73, 0xec74, 0xec99, 0xecaf, 0xecb0, 0xecb1, 0xecb2, 0xeccb,
    0xed9b, 0xedb3, 0xedb4, 0xee82, 0xee99, 0xeea8, 0xf09d, 0xf0d1
};

static const uint16_t unicode_list_4[] = {
    0x0, 0x127, 0x128, 0x18f, 0x19d, 0x1fa, 0x23b, 0x2c3,
    0x2c4, 0x2c8, 0x2c9, 0x2f1, 0x44a, 0x44b, 0x44c, 0x972,
    0xa00, 0xe66, 0x116c
};

/*Collect the unicode lists and glyph_id offsets*/
static const lv_font_fmt_txt_cmap_t cmaps[] =
{
    {
        .range_start = 32, .range_length = 95, .glyph_id_start = 1,
        .unicode_list = NULL, .glyph_id_ofs_list = NULL, .list_length = 0, .type = LV_FONT_FMT_TXT_CMAP_FORMAT0_TINY
    },
    {
        .range_start = 176, .range_length = 72, .glyph_id_start = 96,
        .unicode_list = unicode_list_1, .glyph_id_ofs_list = NULL, .list_length = 3, .type = LV_FONT_FMT_TXT_CMAP_SPARSE_TINY
    },
    {
        .range_start = 1040, .range_length = 64, .glyph_id_start = 99,
        .unicode_list = NULL, .glyph_id_ofs_list = NULL, .list_length = 0, .type = LV_FONT_FMT_TXT_CMAP_FORMAT0_TINY
    },
    {
        .range_start = 1105, .range_length = 61650, .glyph_id_start = 163,
        .unicode_list = unicode_list_3, .glyph_id_ofs_list = NULL, .list_length = 40, .type = LV_FONT_FMT_TXT_CMAP_SPARSE_TINY
    },
    {
        .range_start = 983530, .range_length = 4461, .glyph_id_start = 203,
        .unicode_list = unicode_list_4, .glyph_id_ofs_list = NULL, .list_length = 19, .type = LV_FONT_FMT_TXT_CMAP_SPARSE_TINY
    }
};



/*--------------------
 *  ALL CUSTOM DATA
 *--------------------*/

#if LVGL_VERSION_MAJOR == 8
/*Store all the custom data of the font*/
static  lv_font_fmt_txt_glyph_cache_t cache;
#endif

#if LVGL_VERSION_MAJOR >= 8
static const lv_font_fmt_txt_dsc_t font_dsc = {
#else
static lv_font_fmt_txt_dsc_t font_dsc = {
#endif
    .glyph_bitmap = glyph_bitmap,
    .glyph_dsc = glyph_dsc,
    .cmaps = cmaps,
    .kern_dsc = NULL,
    .kern_scale = 0,
    .cmap_num = 5,
    .bpp = 4,
    .kern_classes = 0,
    .bitmap_format = 0,
#if LVGL_VERSION_MAJOR == 8
    .cache = &cache
#endif

};



/*-----------------
 *  PUBLIC FONT
 *----------------*/

/*Initialize a public general font descriptor*/
#if LVGL_VERSION_MAJOR >= 8
const lv_font_t ergohaven_symbols_18 = {
#else
lv_font_t ergohaven_symbols_18 = {
#endif
    .get_glyph_dsc = lv_font_get_glyph_dsc_fmt_txt,    /*Function pointer to get glyph's data*/
    .get_glyph_bitmap = lv_font_get_bitmap_fmt_txt,    /*Function pointer to get glyph's bitmap*/
    .line_height = 22,          /*The maximum line height required by the font*/
    .base_line = 4,             /*Baseline measured from the bottom of the line*/
#if !(LVGL_VERSION_MAJOR == 6 && LVGL_VERSION_MINOR == 0)
    .subpx = LV_FONT_SUBPX_NONE,
#endif
#if LV_VERSION_CHECK(7, 4, 0) || LVGL_VERSION_MAJOR >= 8
    .underline_position = -1,
    .underline_thickness = 1,
#endif
    .dsc = &font_dsc,          /*The custom font data. Will be accessed by `get_glyph_bitmap/dsc` */
#if LV_VERSION_CHECK(8, 2, 0) || LVGL_VERSION_MAJOR >= 9
    .fallback = NULL,
#endif
    .user_data = NULL,
};



#endif /*#if ERGOHAVEN_SYMBOLS_18*/
