/*******************************************************************************
 * Size: 16 px
 * Bpp: 4
 * Opts: --bpp 4 --size 16 --no-compress --stride 1 --align 1 --font IosevkaNerdFontPropo-Regular.ttf --symbols ÷×−+󰍹󰘶󰘴󰘵󱁐󰌒󰭜󰌑󰐥󰒭󰒮󰓛󰏤󰎇󰇪󰒲󰒳󰯪󱍖 --range 32-127,176,8226,1040-1103,1105 --format lvgl -o ergohaven_symbols_16.c
 ******************************************************************************/

#ifdef __has_include
    #if __has_include("lvgl.h")
        #ifndef LV_LVGL_H_INCLUDE_SIMPLE
            #define LV_LVGL_H_INCLUDE_SIMPLE
        #endif
    #endif
#endif

#ifdef LV_LVGL_H_INCLUDE_SIMPLE
    #include "lvgl.h"
#else
    #include "lvgl/lvgl.h"
#endif



#ifndef ERGOHAVEN_SYMBOLS_16
#define ERGOHAVEN_SYMBOLS_16 1
#endif

#if ERGOHAVEN_SYMBOLS_16

/*-----------------
 *    BITMAPS
 *----------------*/

/*Store the image of the glyphs*/
static LV_ATTRIBUTE_LARGE_CONST const uint8_t glyph_bitmap[] = {
    /* U+0020 " " */

    /* U+0021 "!" */
    0xa, 0xa0, 0xa, 0xa0, 0xa, 0xa0, 0xa, 0xa0,
    0xa, 0xa0, 0xa, 0xa0, 0xa, 0xa0, 0xa, 0xa0,
    0x0, 0x0, 0x0, 0x0, 0x3, 0x30, 0x1f, 0xf1,
    0xd, 0xd0,

    /* U+0022 "\"" */
    0x2a, 0x0, 0xa2, 0x4f, 0x11, 0xf4, 0x4f, 0x11,
    0xf4, 0x4f, 0x1, 0xf3, 0x3f, 0x0, 0xf3, 0x3f,
    0x0, 0xf3,

    /* U+0023 "#" */
    0x1, 0xf1, 0x1f, 0x10, 0x1, 0xf1, 0x1f, 0x10,
    0x1, 0xf1, 0x1f, 0x10, 0x1, 0xf1, 0x1f, 0x10,
    0x8f, 0xff, 0xff, 0xf8, 0x14, 0xf4, 0x4f, 0x41,
    0x1, 0xf1, 0x1f, 0x10, 0x1, 0xf1, 0x1f, 0x10,
    0x1, 0xf1, 0x1f, 0x10, 0x8f, 0xff, 0xff, 0xf8,
    0x14, 0xf4, 0x4f, 0x41, 0x1, 0xf1, 0x1f, 0x10,
    0x1, 0xf1, 0x1f, 0x10,

    /* U+0024 "$" */
    0x0, 0x9, 0x90, 0x0, 0x0, 0x9, 0x90, 0x0,
    0x0, 0x4d, 0xd4, 0x0, 0x6, 0xfd, 0xdf, 0x60,
    0xd, 0x68, 0x87, 0xd0, 0xe, 0x58, 0x82, 0x70,
    0xa, 0xc9, 0x80, 0x0, 0x1, 0xdf, 0xb0, 0x0,
    0x0, 0xa, 0xfd, 0x20, 0x0, 0x8, 0x9b, 0xb0,
    0x8, 0x18, 0x83, 0xf0, 0xf, 0x58, 0x85, 0xf0,
    0x8, 0xfd, 0xdf, 0x80, 0x0, 0x5d, 0xd5, 0x0,
    0x0, 0x9, 0x90, 0x0, 0x0, 0x9, 0x90, 0x0,

    /* U+0025 "%" */
    0x2d, 0xf7, 0x0, 0xe5, 0x8a, 0x2f, 0x3, 0xf1,
    0x97, 0xf, 0x27, 0xc0, 0x97, 0xf, 0x2c, 0x70,
    0x97, 0xf, 0x2f, 0x20, 0x89, 0x1f, 0x5c, 0x0,
    0x3e, 0xf9, 0x7e, 0xc1, 0x0, 0xb4, 0xf3, 0xa8,
    0x2, 0xf3, 0xf0, 0x79, 0x7, 0xc2, 0xf0, 0x79,
    0xb, 0x82, 0xf0, 0x79, 0xf, 0x30, 0xf2, 0xa8,
    0x5e, 0x0, 0x8f, 0xd2,

    /* U+0026 "&" */
    0x0, 0xaf, 0xc2, 0x0, 0x7, 0xd3, 0x9c, 0x0,
    0xa, 0x80, 0x3f, 0x0, 0x9, 0xa0, 0x5e, 0x0,
    0x3, 0xf3, 0xd9, 0x0, 0x0, 0xbf, 0xd0, 0x0,
    0x0, 0xbf, 0x40, 0x0, 0x8, 0xda, 0xc0, 0x34,
    0xe, 0x51, 0xf5, 0xd5, 0x1f, 0x10, 0x7e, 0xf0,
    0xf, 0x30, 0xe, 0xa0, 0xa, 0xc3, 0x6f, 0xe0,
    0x1, 0xbf, 0xd3, 0xd7,

    /* U+0027 "'" */
    0x66, 0xaa, 0xaa, 0xaa, 0xaa, 0x99,

    /* U+0028 "(" */
    0x0, 0x0, 0x10, 0x0, 0x3, 0xe5, 0x0, 0x2e,
    0x90, 0x0, 0xca, 0x0, 0x4, 0xf1, 0x0, 0xa,
    0xa0, 0x0, 0xe, 0x60, 0x0, 0xf, 0x30, 0x0,
    0x2f, 0x20, 0x0, 0x2f, 0x10, 0x0, 0x1f, 0x20,
    0x0, 0xf, 0x40, 0x0, 0xc, 0x80, 0x0, 0x7,
    0xd0, 0x0, 0x1, 0xe6, 0x0, 0x0, 0x6f, 0x30,
    0x0, 0x9, 0xf4, 0x0, 0x0, 0x62,

    /* U+0029 ")" */
    0x1, 0x0, 0x0, 0x5e, 0x30, 0x0, 0x9, 0xe2,
    0x0, 0x0, 0xbc, 0x0, 0x0, 0x1f, 0x40, 0x0,
    0xa, 0xa0, 0x0, 0x6, 0xe0, 0x0, 0x3, 0xf0,
    0x0, 0x2, 0xf1, 0x0, 0x1, 0xf2, 0x0, 0x3,
    0xf1, 0x0, 0x4, 0xf0, 0x0, 0x8, 0xc0, 0x0,
    0xd, 0x60, 0x0, 0x6e, 0x10, 0x3, 0xf6, 0x0,
    0x4f, 0x90, 0x0, 0x26, 0x0, 0x0,

    /* U+002A "*" */
    0x0, 0x9, 0x90, 0x0, 0x0, 0x9, 0x90, 0x0,
    0x3e, 0x8a, 0xa8, 0xe3, 0x5, 0xaf, 0xfa, 0x50,
    0x0, 0x4e, 0xe4, 0x0, 0x1, 0xe5, 0x5e, 0x10,
    0x2, 0x80, 0x8, 0x20,

    /* U+002B "+" */
    0x0, 0x99, 0x0, 0x0, 0x99, 0x0, 0x0, 0x99,
    0x0, 0xff, 0xff, 0xff, 0x22, 0xaa, 0x22, 0x0,
    0x99, 0x0, 0x0, 0x55, 0x0,

    /* U+002C "," */
    0x8, 0x80, 0x3f, 0xf3, 0x1d, 0xf2, 0x2, 0xe0,
    0x9, 0x90, 0x4f, 0x20, 0x3, 0x0,

    /* U+002D "-" */
    0xff, 0xff, 0xff, 0x23, 0x33, 0x32,

    /* U+002E "." */
    0x8, 0x80, 0x3f, 0xf3, 0x1d, 0xd1,

    /* U+002F "/" */
    0x0, 0x0, 0x2, 0x70, 0x0, 0x0, 0x8, 0xc0,
    0x0, 0x0, 0xc, 0x70, 0x0, 0x0, 0x1f, 0x20,
    0x0, 0x0, 0x6e, 0x0, 0x0, 0x0, 0xb9, 0x0,
    0x0, 0x0, 0xf4, 0x0, 0x0, 0x4, 0xf0, 0x0,
    0x0, 0x9, 0xb0, 0x0, 0x0, 0xd, 0x60, 0x0,
    0x0, 0x2f, 0x20, 0x0, 0x0, 0x7d, 0x0, 0x0,
    0x0, 0xb8, 0x0, 0x0, 0x0, 0xf3, 0x0, 0x0,
    0x5, 0xe0, 0x0, 0x0, 0x9, 0xa0, 0x0, 0x0,
    0xe, 0x50, 0x0, 0x0,

    /* U+0030 "0" */
    0x0, 0x9f, 0xf9, 0x0, 0xa, 0xd4, 0x4d, 0x90,
    0xf, 0x40, 0x5, 0xf0, 0x1f, 0x20, 0x2, 0xf1,
    0x1f, 0x20, 0x8, 0xf1, 0x1f, 0x20, 0xae, 0xf1,
    0x1f, 0x3c, 0xb3, 0xf1, 0x1f, 0xe9, 0x2, 0xf1,
    0x1f, 0x80, 0x2, 0xf1, 0x1f, 0x20, 0x2, 0xf1,
    0xf, 0x40, 0x5, 0xf0, 0xa, 0xd4, 0x4d, 0x90,
    0x0, 0x9f, 0xf9, 0x0,

    /* U+0031 "1" */
    0x0, 0xa, 0xf1, 0x1, 0xcd, 0xf1, 0xd, 0xa2,
    0xf1, 0x2, 0x2, 0xf1, 0x0, 0x2, 0xf1, 0x0,
    0x2, 0xf1, 0x0, 0x2, 0xf1, 0x0, 0x2, 0xf1,
    0x0, 0x2, 0xf1, 0x0, 0x2, 0xf1, 0x0, 0x2,
    0xf1, 0x0, 0x2, 0xf1, 0x0, 0x2, 0xf1,

    /* U+0032 "2" */
    0x0, 0xaf, 0xf9, 0x0, 0x9, 0xe5, 0x4e, 0x90,
    0xe, 0x50, 0x6, 0xe0, 0x3, 0x0, 0x3, 0xf0,
    0x0, 0x0, 0x6, 0xe0, 0x0, 0x0, 0xd, 0x90,
    0x0, 0x1, 0xcd, 0x10, 0x0, 0x1d, 0xc1, 0x0,
    0x0, 0xdc, 0x0, 0x0, 0x6, 0xf1, 0x0, 0x0,
    0xb, 0x90, 0x0, 0x0, 0xe, 0x73, 0x33, 0x20,
    0xf, 0xff, 0xff, 0xf0,

    /* U+0033 "3" */
    0x0, 0x9e, 0xf9, 0x0, 0x7, 0xe5, 0x5e, 0x80,
    0xc, 0x80, 0x6, 0xd0, 0x4, 0x20, 0x4, 0xf0,
    0x0, 0x0, 0x7, 0xc0, 0x0, 0x0, 0x3e, 0x60,
    0x0, 0x9, 0xfa, 0x0, 0x0, 0x1, 0x5e, 0x70,
    0x0, 0x0, 0x4, 0xf0, 0x1, 0x0, 0x0, 0xf3,
    0x1f, 0x30, 0x2, 0xf1, 0xb, 0xd4, 0x4c, 0xc0,
    0x1, 0xaf, 0xfa, 0x10,

    /* U+0034 "4" */
    0x0, 0x0, 0x9b, 0x0, 0x0, 0x1f, 0x30, 0x0,
    0x8, 0xc0, 0x0, 0x0, 0xf4, 0x0, 0x0, 0x7d,
    0x0, 0x0, 0xe, 0x52, 0x80, 0x6, 0xd0, 0x4f,
    0x0, 0xd6, 0x4, 0xf0, 0x1f, 0xff, 0xff, 0xf0,
    0x33, 0x36, 0xf2, 0x0, 0x0, 0x4f, 0x0, 0x0,
    0x4, 0xf0, 0x0, 0x0, 0x4f, 0x0,

    /* U+0035 "5" */
    0xd, 0xff, 0xff, 0xa0, 0xd, 0x83, 0x33, 0x20,
    0xd, 0x60, 0x0, 0x0, 0xd, 0x60, 0x0, 0x0,
    0xd, 0x60, 0x0, 0x0, 0xd, 0xde, 0xf9, 0x0,
    0xd, 0xd4, 0x4e, 0x80, 0x7, 0x40, 0x5, 0xe0,
    0x0, 0x0, 0x2, 0xf1, 0x0, 0x0, 0x2, 0xf1,
    0xe, 0x50, 0x6, 0xe0, 0x9, 0xd4, 0x5e, 0x80,
    0x0, 0xaf, 0xe9, 0x0,

    /* U+0036 "6" */
    0x0, 0x4, 0xf1, 0x0, 0x0, 0xb, 0xa0, 0x0,
    0x0, 0x2f, 0x20, 0x0, 0x0, 0xaa, 0x0, 0x0,
    0x1, 0xf3, 0x0, 0x0, 0x7, 0xfd, 0xfd, 0x10,
    0xb, 0xd3, 0x3d, 0xa0, 0xf, 0x50, 0x5, 0xf0,
    0x1f, 0x20, 0x2, 0xf1, 0x1f, 0x20, 0x2, 0xf1,
    0xe, 0x60, 0x6, 0xe0, 0x8, 0xe5, 0x5e, 0x80,
    0x0, 0x9f, 0xe9, 0x0,

    /* U+0037 "7" */
    0xff, 0xff, 0xff, 0x23, 0x33, 0x8d, 0x0, 0x0,
    0xa9, 0x0, 0x0, 0xf4, 0x0, 0x4, 0xf0, 0x0,
    0x8, 0xb0, 0x0, 0xd, 0x70, 0x0, 0x1f, 0x20,
    0x0, 0x6e, 0x0, 0x0, 0xa9, 0x0, 0x0, 0xe5,
    0x0, 0x3, 0xf0, 0x0, 0x8, 0xc0, 0x0,

    /* U+0038 "8" */
    0x0, 0x9f, 0xf9, 0x0, 0x8, 0xe4, 0x4e, 0x80,
    0xd, 0x70, 0x7, 0xc0, 0xc, 0x80, 0x8, 0xc0,
    0x7, 0xe1, 0x1e, 0x60, 0x0, 0xcd, 0xdc, 0x0,
    0x0, 0x4f, 0xf4, 0x0, 0x2, 0xf8, 0x8f, 0x20,
    0xb, 0xa0, 0xa, 0xb0, 0xf, 0x30, 0x3, 0xf0,
    0xf, 0x30, 0x4, 0xf0, 0xb, 0xc4, 0x4d, 0xb0,
    0x1, 0xaf, 0xfa, 0x10,

    /* U+0039 "9" */
    0x0, 0x9e, 0xe9, 0x0, 0x8, 0xe5, 0x5e, 0x80,
    0xe, 0x60, 0x6, 0xe0, 0x1f, 0x20, 0x2, 0xf1,
    0x1f, 0x20, 0x2, 0xf1, 0xf, 0x50, 0x5, 0xf0,
    0xa, 0xd3, 0x3d, 0xb0, 0x1, 0xdf, 0xdf, 0x70,
    0x0, 0x1, 0x3f, 0x10, 0x0, 0x0, 0xb9, 0x0,
    0x0, 0x2, 0xf2, 0x0, 0x0, 0xa, 0xb0, 0x0,
    0x0, 0x1f, 0x40, 0x0,

    /* U+003A ":" */
    0x1d, 0xd0, 0x3f, 0xf3, 0x8, 0x80, 0x0, 0x0,
    0x0, 0x0, 0x0, 0x0, 0x8, 0x80, 0x3f, 0xf3,
    0x1d, 0xd1,

    /* U+003B ";" */
    0x1d, 0xd0, 0x3f, 0xf3, 0x8, 0x80, 0x0, 0x0,
    0x0, 0x0, 0x0, 0x0, 0x8, 0x80, 0x3f, 0xf3,
    0x1d, 0xf2, 0x2, 0xe0, 0x9, 0x90, 0x4f, 0x20,
    0x3, 0x0,

    /* U+003C "<" */
    0x0, 0x0, 0x0, 0x0, 0x0, 0x6, 0xe1, 0x0,
    0x2b, 0xe4, 0x0, 0x6f, 0x90, 0x0, 0xbd, 0x40,
    0x0, 0xf, 0x80, 0x0, 0x0, 0x3d, 0xd3, 0x0,
    0x0, 0x8, 0xf8, 0x0, 0x0, 0x2, 0xcd, 0x10,
    0x0, 0x0, 0x50,

    /* U+003D "=" */
    0xff, 0xff, 0xff, 0x22, 0x22, 0x22, 0x0, 0x0,
    0x0, 0xff, 0xff, 0xff, 0x22, 0x22, 0x22,

    /* U+003E ">" */
    0x0, 0x0, 0x0, 0x1, 0xe6, 0x0, 0x0, 0x4,
    0xeb, 0x20, 0x0, 0x0, 0x9f, 0x60, 0x0, 0x0,
    0x4d, 0xb0, 0x0, 0x0, 0x8f, 0x0, 0x3, 0xdd,
    0x30, 0x8, 0xf8, 0x0, 0x1d, 0xc2, 0x0, 0x0,
    0x50, 0x0, 0x0,

    /* U+003F "?" */
    0x1, 0xaf, 0xfa, 0x0, 0xad, 0x44, 0xd9, 0xf,
    0x50, 0x6, 0xe0, 0x40, 0x0, 0x5e, 0x0, 0x0,
    0xb, 0xa0, 0x0, 0x6, 0xf3, 0x0, 0x1, 0xf8,
    0x0, 0x0, 0x7e, 0x0, 0x0, 0x9, 0xa0, 0x0,
    0x0, 0x0, 0x0, 0x0, 0x3, 0x30, 0x0, 0x1,
    0xff, 0x10, 0x0, 0xd, 0xd0, 0x0,

    /* U+0040 "@" */
    0x9, 0xee, 0x90, 0x7d, 0x44, 0xe7, 0xd5, 0x0,
    0x6d, 0xf2, 0x0, 0x2f, 0xf2, 0x1c, 0xff, 0xf2,
    0x8b, 0x3f, 0xf2, 0x98, 0x2f, 0xf2, 0xa8, 0x2f,
    0xf2, 0xa8, 0x2f, 0xf2, 0x98, 0x2f, 0xf2, 0x8a,
    0x4d, 0xf2, 0x2e, 0xf6, 0xe4, 0x0, 0x0, 0x9c,
    0x10, 0x0, 0x1c, 0xff, 0xf6, 0x0, 0x23, 0x31,

    /* U+0041 "A" */
    0x0, 0xd, 0xd0, 0x0, 0x0, 0xf, 0xf0, 0x0,
    0x0, 0x3f, 0xf3, 0x0, 0x0, 0x6c, 0xc6, 0x0,
    0x0, 0x99, 0x99, 0x0, 0x0, 0xd6, 0x6c, 0x0,
    0x0, 0xf4, 0x4f, 0x0, 0x3, 0xf1, 0x1f, 0x30,
    0x6, 0xe0, 0xe, 0x60, 0x9, 0xff, 0xff, 0x90,
    0xc, 0x93, 0x39, 0xc0, 0xf, 0x50, 0x5, 0xf0,
    0x3f, 0x10, 0x1, 0xf3,

    /* U+0042 "B" */
    0xff, 0xfe, 0x70, 0xf, 0x63, 0x6f, 0x50, 0xf4,
    0x0, 0xaa, 0xf, 0x40, 0x7, 0xc0, 0xf4, 0x0,
    0x9b, 0xf, 0x40, 0x3e, 0x50, 0xff, 0xff, 0xb0,
    0xf, 0x63, 0x5d, 0x90, 0xf4, 0x0, 0x3f, 0x1f,
    0x40, 0x0, 0xf3, 0xf4, 0x0, 0x3f, 0x1f, 0x63,
    0x4d, 0xb0, 0xff, 0xfe, 0x91, 0x0,

    /* U+0043 "C" */
    0x0, 0xaf, 0xf9, 0x0, 0xa, 0xd4, 0x4d, 0x90,
    0xf, 0x40, 0x5, 0xe0, 0x1f, 0x20, 0x0, 0x30,
    0x1f, 0x20, 0x0, 0x0, 0x1f, 0x20, 0x0, 0x0,
    0x1f, 0x20, 0x0, 0x0, 0x1f, 0x20, 0x0, 0x0,
    0x1f, 0x20, 0x0, 0x0, 0x1f, 0x20, 0x0, 0x30,
    0xf, 0x40, 0x6, 0xf0, 0xa, 0xd4, 0x5e, 0x90,
    0x0, 0xaf, 0xfa, 0x0,

    /* U+0044 "D" */
    0xff, 0xfd, 0x70, 0xf, 0x63, 0x6f, 0x70, 0xf4,
    0x0, 0x6e, 0xf, 0x40, 0x2, 0xf1, 0xf4, 0x0,
    0x2f, 0x1f, 0x40, 0x2, 0xf1, 0xf4, 0x0, 0x2f,
    0x1f, 0x40, 0x2, 0xf1, 0xf4, 0x0, 0x2f, 0x1f,
    0x40, 0x2, 0xf1, 0xf4, 0x0, 0x6e, 0xf, 0x63,
    0x6e, 0x70, 0xff, 0xfe, 0x70, 0x0,

    /* U+0045 "E" */
    0xdf, 0xff, 0xff, 0xd8, 0x33, 0x32, 0xd6, 0x0,
    0x0, 0xd6, 0x0, 0x0, 0xd6, 0x0, 0x0, 0xd6,
    0x0, 0x0, 0xdf, 0xff, 0xf1, 0xd8, 0x33, 0x30,
    0xd6, 0x0, 0x0, 0xd6, 0x0, 0x0, 0xd6, 0x0,
    0x0, 0xd8, 0x33, 0x32, 0xdf, 0xff, 0xff,

    /* U+0046 "F" */
    0x7f, 0xff, 0xff, 0x7d, 0x33, 0x32, 0x7c, 0x0,
    0x0, 0x7c, 0x0, 0x0, 0x7c, 0x0, 0x0, 0x7c,
    0x0, 0x0, 0x7f, 0xff, 0xf1, 0x7d, 0x33, 0x30,
    0x7c, 0x0, 0x0, 0x7c, 0x0, 0x0, 0x7c, 0x0,
    0x0, 0x7c, 0x0, 0x0, 0x7c, 0x0, 0x0,

    /* U+0047 "G" */
    0x0, 0xaf, 0xe9, 0x0, 0xa, 0xd4, 0x4e, 0x90,
    0xf, 0x40, 0x6, 0xe0, 0x1f, 0x20, 0x1, 0x40,
    0x1f, 0x20, 0x0, 0x0, 0x1f, 0x20, 0x0, 0x0,
    0x1f, 0x20, 0xff, 0xf0, 0x1f, 0x20, 0x36, 0xf0,
    0x1f, 0x20, 0x4, 0xf0, 0x1f, 0x20, 0x4, 0xf0,
    0xf, 0x40, 0x6, 0xf0, 0xb, 0xd4, 0x5a, 0xf0,
    0x2, 0xcf, 0xb3, 0xf0,

    /* U+0048 "H" */
    0xf4, 0x0, 0x4f, 0xf4, 0x0, 0x4f, 0xf4, 0x0,
    0x4f, 0xf4, 0x0, 0x4f, 0xf4, 0x0, 0x4f, 0xf4,
    0x0, 0x4f, 0xff, 0xff, 0xff, 0xf6, 0x33, 0x6f,
    0xf4, 0x0, 0x4f, 0xf4, 0x0, 0x4f, 0xf4, 0x0,
    0x4f, 0xf4, 0x0, 0x4f, 0xf4, 0x0, 0x4f,

    /* U+0049 "I" */
    0xcf, 0xff, 0xfc, 0x23, 0xbb, 0x32, 0x0, 0xaa,
    0x0, 0x0, 0xaa, 0x0, 0x0, 0xaa, 0x0, 0x0,
    0xaa, 0x0, 0x0, 0xaa, 0x0, 0x0, 0xaa, 0x0,
    0x0, 0xaa, 0x0, 0x0, 0xaa, 0x0, 0x0, 0xaa,
    0x0, 0x23, 0xbb, 0x32, 0xcf, 0xff, 0xfc,

    /* U+004A "J" */
    0x0, 0xd, 0xff, 0x90, 0x0, 0x23, 0xb9, 0x0,
    0x0, 0xa, 0x90, 0x0, 0x0, 0xa9, 0x0, 0x0,
    0xa, 0x90, 0x0, 0x0, 0xa9, 0x0, 0x0, 0xa,
    0x90, 0x0, 0x0, 0xa9, 0x0, 0x0, 0xa, 0x91,
    0x40, 0x0, 0xa9, 0x3f, 0x10, 0xc, 0x70, 0xdb,
    0x47, 0xf2, 0x2, 0xcf, 0xd5, 0x0,

    /* U+004B "K" */
    0xb8, 0x0, 0x8d, 0xb, 0x80, 0x1f, 0x50, 0xb8,
    0x9, 0xc0, 0xb, 0x81, 0xf3, 0x0, 0xb8, 0x9b,
    0x0, 0xb, 0xaf, 0x20, 0x0, 0xbf, 0xf3, 0x0,
    0xb, 0xfb, 0xa0, 0x0, 0xb9, 0x2f, 0x20, 0xb,
    0x80, 0xb9, 0x0, 0xb8, 0x4, 0xf0, 0xb, 0x80,
    0xd, 0x70, 0xb8, 0x0, 0x6e, 0x0,

    /* U+004C "L" */
    0x7c, 0x0, 0x0, 0x7, 0xc0, 0x0, 0x0, 0x7c,
    0x0, 0x0, 0x7, 0xc0, 0x0, 0x0, 0x7c, 0x0,
    0x0, 0x7, 0xc0, 0x0, 0x0, 0x7c, 0x0, 0x0,
    0x7, 0xc0, 0x0, 0x0, 0x7c, 0x0, 0x0, 0x7,
    0xc0, 0x0, 0x0, 0x7c, 0x0, 0x0, 0x7, 0xd3,
    0x33, 0x30, 0x7f, 0xff, 0xff, 0x10,

    /* U+004D "M" */
    0x3f, 0x70, 0x7, 0xf3, 0x3f, 0xb0, 0xb, 0xf3,
    0x3f, 0xe0, 0xe, 0xf3, 0x3e, 0xd2, 0x2d, 0xe3,
    0x3e, 0x96, 0x69, 0xe3, 0x3f, 0x5a, 0xa5, 0xf3,
    0x3f, 0x1e, 0xe1, 0xf3, 0x3f, 0xe, 0xe0, 0xf3,
    0x3f, 0xa, 0xa0, 0xf3, 0x3f, 0x0, 0x0, 0xf3,
    0x3f, 0x0, 0x0, 0xf3, 0x3f, 0x0, 0x0, 0xf3,
    0x3f, 0x0, 0x0, 0xf3,

    /* U+004E "N" */
    0xfa, 0x0, 0x4f, 0xff, 0x0, 0x4f, 0xfe, 0x40,
    0x4f, 0xfa, 0x90, 0x4f, 0xf5, 0xe0, 0x4f, 0xf3,
    0xd3, 0x4f, 0xf3, 0x88, 0x3f, 0xf4, 0x3d, 0x3f,
    0xf4, 0xe, 0x5f, 0xf4, 0x9, 0xaf, 0xf4, 0x4,
    0xef, 0xf4, 0x0, 0xff, 0xf4, 0x0, 0xbf,

    /* U+004F "O" */
    0x0, 0xaf, 0xfa, 0x0, 0xa, 0xd4, 0x4d, 0xa0,
    0xf, 0x40, 0x4, 0xf0, 0x1f, 0x20, 0x2, 0xf1,
    0x1f, 0x20, 0x2, 0xf1, 0x1f, 0x20, 0x2, 0xf1,
    0x1f, 0x20, 0x2, 0xf1, 0x1f, 0x20, 0x2, 0xf1,
    0x1f, 0x20, 0x2, 0xf1, 0x1f, 0x20, 0x2, 0xf1,
    0xf, 0x40, 0x4, 0xf0, 0xa, 0xd4, 0x4d, 0xa0,
    0x0, 0xaf, 0xfa, 0x0,

    /* U+0050 "P" */
    0xbf, 0xff, 0xa0, 0xb, 0x93, 0x4d, 0xa0, 0xb8,
    0x0, 0x4f, 0xb, 0x80, 0x0, 0xf3, 0xb8, 0x0,
    0xf, 0x3b, 0x80, 0x3, 0xf1, 0xb8, 0x1, 0xbb,
    0xb, 0xff, 0xfd, 0x10, 0xb9, 0x32, 0x0, 0xb,
    0x80, 0x0, 0x0, 0xb8, 0x0, 0x0, 0xb, 0x80,
    0x0, 0x0, 0xb8, 0x0, 0x0, 0x0,

    /* U+0051 "Q" */
    0x0, 0xaf, 0xfa, 0x0, 0x9, 0xd4, 0x4d, 0x90,
    0xf, 0x40, 0x4, 0xf0, 0x1f, 0x20, 0x2, 0xf1,
    0x1f, 0x20, 0x2, 0xf1, 0x1f, 0x20, 0x2, 0xf1,
    0x1f, 0x20, 0x2, 0xf1, 0x1f, 0x20, 0x2, 0xf1,
    0x1f, 0x20, 0x2, 0xf1, 0x1f, 0x20, 0x2, 0xf1,
    0xf, 0x40, 0x4, 0xf0, 0xb, 0xc2, 0x2c, 0xb0,
    0x1, 0xcf, 0xfd, 0x20, 0x0, 0x8, 0xc0, 0x0,
    0x0, 0x4, 0xf4, 0x0, 0x0, 0x0, 0x9f, 0xb0,
    0x0, 0x0, 0x1, 0x20,

    /* U+0052 "R" */
    0xff, 0xff, 0x90, 0xf, 0x63, 0x4e, 0x80, 0xf4,
    0x0, 0x6e, 0xf, 0x40, 0x2, 0xf1, 0xf4, 0x0,
    0x2f, 0x1f, 0x40, 0x5, 0xf0, 0xf4, 0x1, 0xca,
    0xf, 0xff, 0xfc, 0x10, 0xf6, 0x5f, 0x20, 0xf,
    0x40, 0xba, 0x0, 0xf4, 0x3, 0xf2, 0xf, 0x40,
    0xb, 0x90, 0xf4, 0x0, 0x3f, 0x20,

    /* U+0053 "S" */
    0x0, 0x9f, 0xfa, 0x0, 0x8, 0xe5, 0x4e, 0x90,
    0xe, 0x60, 0x5, 0xe0, 0xe, 0x40, 0x0, 0x30,
    0xb, 0xa0, 0x0, 0x0, 0x3, 0xfa, 0x10, 0x0,
    0x0, 0x4e, 0xf5, 0x0, 0x0, 0x0, 0x9f, 0x50,
    0x0, 0x0, 0x8, 0xd0, 0x4, 0x0, 0x3, 0xf1,
    0x1f, 0x30, 0x4, 0xf0, 0xb, 0xd4, 0x4d, 0xa0,
    0x1, 0xaf, 0xfa, 0x0,

    /* U+0054 "T" */
    0x1f, 0xff, 0xff, 0xf1, 0x3, 0x3b, 0xb3, 0x30,
    0x0, 0xa, 0xa0, 0x0, 0x0, 0xa, 0xa0, 0x0,
    0x0, 0xa, 0xa0, 0x0, 0x0, 0xa, 0xa0, 0x0,
    0x0, 0xa, 0xa0, 0x0, 0x0, 0xa, 0xa0, 0x0,
    0x0, 0xa, 0xa0, 0x0, 0x0, 0xa, 0xa0, 0x0,
    0x0, 0xa, 0xa0, 0x0, 0x0, 0xa, 0xa0, 0x0,
    0x0, 0xa, 0xa0, 0x0,

    /* U+0055 "U" */
    0xf4, 0x0, 0x4f, 0xf4, 0x0, 0x4f, 0xf4, 0x0,
    0x4f, 0xf4, 0x0, 0x4f, 0xf4, 0x0, 0x4f, 0xf4,
    0x0, 0x4f, 0xf4, 0x0, 0x4f, 0xf4, 0x0, 0x4f,
    0xf4, 0x0, 0x4f, 0xf4, 0x0, 0x4f, 0xd6, 0x0,
    0x6d, 0x8e, 0x44, 0xe8, 0x9, 0xff, 0x90,

    /* U+0056 "V" */
    0x3f, 0x10, 0x1, 0xf3, 0xf, 0x40, 0x4, 0xf0,
    0xc, 0x70, 0x7, 0xc0, 0x9, 0xa0, 0xa, 0x90,
    0x6, 0xc0, 0xd, 0x60, 0x3, 0xf0, 0xf, 0x30,
    0x0, 0xf2, 0x2f, 0x0, 0x0, 0xc5, 0x5c, 0x0,
    0x0, 0x98, 0x89, 0x0, 0x0, 0x6b, 0xb6, 0x0,
    0x0, 0x3e, 0xe3, 0x0, 0x0, 0xf, 0xf0, 0x0,
    0x0, 0xd, 0xd0, 0x0,

    /* U+0057 "W" */
    0x6c, 0x0, 0x0, 0xc6, 0x4e, 0x0, 0x0, 0xe4,
    0x2f, 0x0, 0x0, 0xf2, 0x1f, 0x0, 0x0, 0xf1,
    0xf, 0x1a, 0xa1, 0xf0, 0xd, 0x2c, 0xc2, 0xd0,
    0xc, 0x3d, 0xd4, 0xc0, 0xa, 0x5c, 0xc6, 0xa0,
    0x8, 0x9a, 0xa9, 0x80, 0x7, 0xc8, 0x8c, 0x70,
    0x5, 0xf6, 0x6f, 0x50, 0x3, 0xf3, 0x3f, 0x30,
    0x2, 0xf1, 0x1f, 0x20,

    /* U+0058 "X" */
    0x1f, 0x50, 0x5, 0xf1, 0xa, 0xb0, 0xb, 0xa0,
    0x3, 0xf1, 0x1f, 0x30, 0x0, 0xd7, 0x7d, 0x0,
    0x0, 0x6d, 0xd6, 0x0, 0x0, 0xf, 0xf0, 0x0,
    0x0, 0xb, 0xb0, 0x0, 0x0, 0x1f, 0xf1, 0x0,
    0x0, 0x6d, 0xd6, 0x0, 0x0, 0xd7, 0x7d, 0x0,
    0x3, 0xf1, 0x1f, 0x30, 0xa, 0xb0, 0xb, 0xa0,
    0x1f, 0x50, 0x5, 0xf1,

    /* U+0059 "Y" */
    0x1f, 0x30, 0x3, 0xf1, 0xc, 0x80, 0x8, 0xc0,
    0x6, 0xd0, 0xd, 0x60, 0x1, 0xf3, 0x3f, 0x10,
    0x0, 0xb8, 0x8b, 0x0, 0x0, 0x6d, 0xd6, 0x0,
    0x0, 0x1f, 0xf1, 0x0, 0x0, 0xb, 0xb0, 0x0,
    0x0, 0xa, 0xa0, 0x0, 0x0, 0xa, 0xa0, 0x0,
    0x0, 0xa, 0xa0, 0x0, 0x0, 0xa, 0xa0, 0x0,
    0x0, 0xa, 0xa0, 0x0,

    /* U+005A "Z" */
    0xff, 0xff, 0xff, 0x23, 0x33, 0xbd, 0x0, 0x0,
    0xf6, 0x0, 0x7, 0xf0, 0x0, 0xd, 0x80, 0x0,
    0x4f, 0x20, 0x0, 0xbb, 0x0, 0x2, 0xf4, 0x0,
    0x9, 0xd0, 0x0, 0xf, 0x60, 0x0, 0x6f, 0x0,
    0x0, 0xdb, 0x33, 0x32, 0xff, 0xff, 0xff,

    /* U+005B "[" */
    0xf, 0xff, 0xf6, 0xf, 0x53, 0x31, 0xf, 0x30,
    0x0, 0xf, 0x30, 0x0, 0xf, 0x30, 0x0, 0xf,
    0x30, 0x0, 0xf, 0x30, 0x0, 0xf, 0x30, 0x0,
    0xf, 0x30, 0x0, 0xf, 0x30, 0x0, 0xf, 0x30,
    0x0, 0xf, 0x30, 0x0, 0xf, 0x30, 0x0, 0xf,
    0x30, 0x0, 0xf, 0x30, 0x0, 0xf, 0xff, 0xf6,
    0x3, 0x33, 0x31,

    /* U+005C "\\" */
    0x7, 0x20, 0x0, 0x0, 0xc, 0x80, 0x0, 0x0,
    0x7, 0xc0, 0x0, 0x0, 0x2, 0xf1, 0x0, 0x0,
    0x0, 0xe6, 0x0, 0x0, 0x0, 0x9a, 0x0, 0x0,
    0x0, 0x4f, 0x0, 0x0, 0x0, 0xf, 0x40, 0x0,
    0x0, 0xb, 0x90, 0x0, 0x0, 0x6, 0xd0, 0x0,
    0x0, 0x2, 0xf2, 0x0, 0x0, 0x0, 0xd7, 0x0,
    0x0, 0x0, 0x8b, 0x0, 0x0, 0x0, 0x3f, 0x0,
    0x0, 0x0, 0xe, 0x50, 0x0, 0x0, 0xa, 0x90,
    0x0, 0x0, 0x5, 0xe0,

    /* U+005D "]" */
    0x6f, 0xff, 0xf0, 0x13, 0x35, 0xf0, 0x0, 0x3,
    0xf0, 0x0, 0x3, 0xf0, 0x0, 0x3, 0xf0, 0x0,
    0x3, 0xf0, 0x0, 0x3, 0xf0, 0x0, 0x3, 0xf0,
    0x0, 0x3, 0xf0, 0x0, 0x3, 0xf0, 0x0, 0x3,
    0xf0, 0x0, 0x3, 0xf0, 0x0, 0x3, 0xf0, 0x0,
    0x3, 0xf0, 0x0, 0x3, 0xf0, 0x6f, 0xff, 0xf0,
    0x13, 0x33, 0x30,

    /* U+005E "^" */
    0x0, 0x1e, 0xe1, 0x0, 0x0, 0xbb, 0xbb, 0x0,
    0x6, 0xf2, 0x2f, 0x60, 0x1f, 0x70, 0x7, 0xf1,
    0x6, 0x0, 0x0, 0x60,

    /* U+005F "_" */
    0xff, 0xff, 0xff, 0x23, 0x33, 0x32,

    /* U+0060 "`" */
    0x6, 0x0, 0x3, 0xf5, 0x0, 0x7, 0xf2, 0x0,
    0xa, 0xc0, 0x0, 0x8, 0x0,

    /* U+0061 "a" */
    0x1, 0xaf, 0xfa, 0x10, 0xbd, 0x45, 0xea, 0xb,
    0x30, 0x6, 0xe0, 0x0, 0x0, 0x4f, 0x2, 0xae,
    0xff, 0xf0, 0xdb, 0x43, 0x6f, 0x1f, 0x30, 0x5,
    0xf0, 0xeb, 0x35, 0xcf, 0x4, 0xdf, 0xc5, 0xf0,

    /* U+0062 "b" */
    0xf4, 0x0, 0x0, 0xf, 0x40, 0x0, 0x0, 0xf4,
    0x0, 0x0, 0xf, 0x40, 0x0, 0x0, 0xf5, 0xbf,
    0xc2, 0xf, 0xc5, 0x4d, 0xb0, 0xf6, 0x0, 0x4f,
    0xf, 0x40, 0x2, 0xf1, 0xf4, 0x0, 0x2f, 0x1f,
    0x40, 0x2, 0xf1, 0xf6, 0x0, 0x4f, 0xf, 0xc5,
    0x4d, 0xb0, 0xf5, 0xbf, 0xc2, 0x0,

    /* U+0063 "c" */
    0x0, 0xaf, 0xf9, 0x0, 0xa, 0xd4, 0x5d, 0x90,
    0xf, 0x40, 0x5, 0xe0, 0x1f, 0x20, 0x0, 0x20,
    0x1f, 0x20, 0x0, 0x0, 0x1f, 0x20, 0x0, 0x20,
    0xf, 0x40, 0x5, 0xf0, 0xa, 0xd4, 0x5d, 0xa0,
    0x0, 0xaf, 0xfa, 0x0,

    /* U+0064 "d" */
    0x0, 0x0, 0x4, 0xf0, 0x0, 0x0, 0x4f, 0x0,
    0x0, 0x4, 0xf0, 0x0, 0x0, 0x4f, 0x2, 0xcf,
    0xb5, 0xf0, 0xbd, 0x45, 0xcf, 0xf, 0x40, 0x6,
    0xf1, 0xf2, 0x0, 0x4f, 0x1f, 0x20, 0x4, 0xf1,
    0xf2, 0x0, 0x4f, 0xf, 0x40, 0x6, 0xf0, 0xbd,
    0x45, 0xcf, 0x2, 0xcf, 0xb5, 0xf0,

    /* U+0065 "e" */
    0x0, 0xaf, 0xf9, 0x0, 0xa, 0xd4, 0x4d, 0xa0,
    0xf, 0x40, 0x5, 0xf0, 0x1f, 0x20, 0x2, 0xf1,
    0x1f, 0xff, 0xff, 0xf1, 0x1f, 0x43, 0x33, 0x30,
    0xf, 0x40, 0x2, 0x80, 0xa, 0xd4, 0x4b, 0xc0,
    0x0, 0xaf, 0xfb, 0x20,

    /* U+0066 "f" */
    0x0, 0x4e, 0xe5, 0x0, 0xe, 0x87, 0xf1, 0x2,
    0xf1, 0x9, 0x10, 0x3f, 0x0, 0x0, 0x3, 0xf0,
    0x0, 0xf, 0xff, 0xff, 0xa0, 0x25, 0xf3, 0x32,
    0x0, 0x3f, 0x0, 0x0, 0x3, 0xf0, 0x0, 0x0,
    0x3f, 0x0, 0x0, 0x3, 0xf0, 0x0, 0x0, 0x3f,
    0x0, 0x0, 0x3, 0xf0, 0x0, 0x0,

    /* U+0067 "g" */
    0x2, 0xcf, 0xb5, 0xf0, 0xbd, 0x45, 0xcf, 0xf,
    0x40, 0x6, 0xf1, 0xf2, 0x0, 0x4f, 0x1f, 0x20,
    0x4, 0xf1, 0xf2, 0x0, 0x4f, 0xf, 0x40, 0x6,
    0xf0, 0xbd, 0x45, 0xcf, 0x2, 0xcf, 0xb5, 0xf0,
    0x0, 0x0, 0x4f, 0x9, 0x30, 0x7, 0xd0, 0xbc,
    0x45, 0xe7, 0x1, 0xbf, 0xe9, 0x0,

    /* U+0068 "h" */
    0xf4, 0x0, 0x0, 0xf4, 0x0, 0x0, 0xf4, 0x0,
    0x0, 0xf4, 0x0, 0x0, 0xf5, 0xbf, 0xb1, 0xfc,
    0x55, 0xe9, 0xf6, 0x0, 0x6d, 0xf4, 0x0, 0x4f,
    0xf4, 0x0, 0x4f, 0xf4, 0x0, 0x4f, 0xf4, 0x0,
    0x4f, 0xf4, 0x0, 0x4f, 0xf4, 0x0, 0x4f,

    /* U+0069 "i" */
    0x0, 0xbd, 0x0, 0x0, 0xce, 0x0, 0x0, 0x0,
    0x0, 0x0, 0x0, 0x0, 0x9f, 0xfb, 0x0, 0x13,
    0x9b, 0x0, 0x0, 0x8b, 0x0, 0x0, 0x8b, 0x0,
    0x0, 0x8b, 0x0, 0x0, 0x8b, 0x0, 0x0, 0x8b,
    0x0, 0x23, 0x9c, 0x32, 0xcf, 0xff, 0xfc,

    /* U+006A "j" */
    0x0, 0x0, 0xda, 0x0, 0x0, 0xfc, 0x0, 0x0,
    0x0, 0x0, 0x0, 0x0, 0x0, 0xcf, 0xfa, 0x0,
    0x23, 0xaa, 0x0, 0x0, 0x9a, 0x0, 0x0, 0x9a,
    0x0, 0x0, 0x9a, 0x0, 0x0, 0x9a, 0x0, 0x0,
    0x9a, 0x0, 0x0, 0x9a, 0x0, 0x0, 0x9a, 0x0,
    0x0, 0x99, 0x77, 0x0, 0xb8, 0x6e, 0x46, 0xf3,
    0x9, 0xfe, 0x70,

    /* U+006B "k" */
    0xb8, 0x0, 0x0, 0xb, 0x80, 0x0, 0x0, 0xb8,
    0x0, 0x0, 0xb, 0x80, 0x0, 0x0, 0xb8, 0x0,
    0xcb, 0xb, 0x80, 0x7e, 0x10, 0xb8, 0x3f, 0x40,
    0xb, 0x8d, 0x80, 0x0, 0xbf, 0xf5, 0x0, 0xb,
    0xf8, 0xe0, 0x0, 0xb8, 0xd, 0x80, 0xb, 0x80,
    0x3f, 0x20, 0xb8, 0x0, 0xac, 0x0,

    /* U+006C "l" */
    0x9f, 0xfb, 0x0, 0x13, 0x9b, 0x0, 0x0, 0x8b,
    0x0, 0x0, 0x8b, 0x0, 0x0, 0x8b, 0x0, 0x0,
    0x8b, 0x0, 0x0, 0x8b, 0x0, 0x0, 0x8b, 0x0,
    0x0, 0x8b, 0x0, 0x0, 0x8b, 0x0, 0x0, 0x8b,
    0x0, 0x23, 0x9c, 0x32, 0xcf, 0xff, 0xfc,

    /* U+006D "m" */
    0x3f, 0xce, 0x5e, 0xa0, 0x3f, 0x2b, 0xb2, 0xf1,
    0x3f, 0x9, 0x90, 0xf2, 0x3f, 0x9, 0x90, 0xf3,
    0x3f, 0x9, 0x90, 0xf3, 0x3f, 0x9, 0x90, 0xf3,
    0x3f, 0x9, 0x90, 0xf3, 0x3f, 0x9, 0x90, 0xf3,
    0x3f, 0x9, 0x90, 0xf3,

    /* U+006E "n" */
    0xf5, 0xcf, 0xb1, 0xfb, 0x22, 0xd9, 0xf6, 0x0,
    0x6d, 0xf4, 0x0, 0x4f, 0xf4, 0x0, 0x4f, 0xf4,
    0x0, 0x4f, 0xf4, 0x0, 0x4f, 0xf4, 0x0, 0x4f,
    0xf4, 0x0, 0x4f,

    /* U+006F "o" */
    0x0, 0xaf, 0xfa, 0x0, 0xa, 0xd4, 0x4d, 0xa0,
    0xf, 0x40, 0x4, 0xf0, 0x1f, 0x20, 0x2, 0xf1,
    0x1f, 0x20, 0x2, 0xf1, 0x1f, 0x20, 0x2, 0xf1,
    0xf, 0x40, 0x4, 0xf0, 0xa, 0xd4, 0x4d, 0xa0,
    0x0, 0xaf, 0xfa, 0x0,

    /* U+0070 "p" */
    0xf5, 0xbf, 0xc2, 0xf, 0xc2, 0x2c, 0xb0, 0xf6,
    0x0, 0x4f, 0xf, 0x40, 0x2, 0xf1, 0xf4, 0x0,
    0x2f, 0x1f, 0x40, 0x2, 0xf1, 0xf6, 0x0, 0x4f,
    0xf, 0xc5, 0x4d, 0xb0, 0xf5, 0xbf, 0xc2, 0xf,
    0x40, 0x0, 0x0, 0xf4, 0x0, 0x0, 0xf, 0x40,
    0x0, 0x0, 0xf4, 0x0, 0x0, 0x0,

    /* U+0071 "q" */
    0x2, 0xcf, 0xb5, 0xf0, 0xbd, 0x45, 0xcf, 0xf,
    0x40, 0x6, 0xf1, 0xf2, 0x0, 0x4f, 0x1f, 0x20,
    0x4, 0xf1, 0xf2, 0x0, 0x4f, 0xf, 0x40, 0x6,
    0xf0, 0xbd, 0x45, 0xcf, 0x2, 0xcf, 0xb5, 0xf0,
    0x0, 0x0, 0x4f, 0x0, 0x0, 0x4, 0xf0, 0x0,
    0x0, 0x4f, 0x0, 0x0, 0x4, 0xf0,

    /* U+0072 "r" */
    0xf, 0x5c, 0xf7, 0x0, 0xfb, 0x35, 0xf1, 0xf,
    0x70, 0x8, 0x10, 0xf4, 0x0, 0x0, 0xf, 0x30,
    0x0, 0x0, 0xf3, 0x0, 0x0, 0xf, 0x30, 0x0,
    0x0, 0xf3, 0x0, 0x0, 0xf, 0x30, 0x0, 0x0,

    /* U+0073 "s" */
    0x1, 0xaf, 0xfa, 0x10, 0xad, 0x44, 0xda, 0xd,
    0x70, 0x2, 0x50, 0x8e, 0x60, 0x0, 0x0, 0x8f,
    0xf9, 0x0, 0x0, 0x5, 0xe9, 0x5, 0x10, 0x5,
    0xe0, 0xcb, 0x44, 0xcb, 0x2, 0xbf, 0xfb, 0x10,

    /* U+0074 "t" */
    0x5, 0xe0, 0x0, 0x0, 0x5e, 0x0, 0x0, 0x5,
    0xe0, 0x0, 0x0, 0x5e, 0x0, 0x0, 0xef, 0xff,
    0xfb, 0x2, 0x7e, 0x33, 0x20, 0x5, 0xe0, 0x0,
    0x0, 0x5e, 0x0, 0x0, 0x5, 0xe0, 0x0, 0x0,
    0x5e, 0x0, 0x21, 0x4, 0xf0, 0xd, 0x60, 0x1f,
    0x76, 0xf2, 0x0, 0x5e, 0xe7, 0x0,

    /* U+0075 "u" */
    0xf4, 0x0, 0x4f, 0xf4, 0x0, 0x4f, 0xf4, 0x0,
    0x4f, 0xf4, 0x0, 0x4f, 0xf4, 0x0, 0x4f, 0xf4,
    0x0, 0x4f, 0xe6, 0x0, 0x6f, 0x9e, 0x44, 0xcf,
    0x1b, 0xfb, 0x5f,

    /* U+0076 "v" */
    0x2f, 0x20, 0x2, 0xf2, 0xd, 0x60, 0x6, 0xd0,
    0x9, 0xa0, 0xa, 0x90, 0x4, 0xe0, 0xe, 0x40,
    0x0, 0xf3, 0x3f, 0x0, 0x0, 0xb7, 0x7b, 0x0,
    0x0, 0x7b, 0xb6, 0x0, 0x0, 0x2f, 0xf2, 0x0,
    0x0, 0xd, 0xd0, 0x0,

    /* U+0077 "w" */
    0x5d, 0x0, 0x0, 0xd5, 0x3e, 0x0, 0x0, 0xe3,
    0xf, 0x4, 0x40, 0xf0, 0xe, 0x2c, 0xb2, 0xe0,
    0xc, 0x4d, 0xd4, 0xc0, 0x9, 0x7b, 0xb7, 0x90,
    0x7, 0xc8, 0x8c, 0x70, 0x4, 0xf5, 0x5f, 0x40,
    0x2, 0xf2, 0x2f, 0x20,

    /* U+0078 "x" */
    0xd, 0x80, 0x9, 0xd0, 0x5, 0xf1, 0x1f, 0x50,
    0x0, 0xc9, 0x9c, 0x0, 0x0, 0x3f, 0xf3, 0x0,
    0x0, 0xc, 0xc0, 0x0, 0x0, 0x3f, 0xf3, 0x0,
    0x0, 0xc9, 0x9c, 0x0, 0x5, 0xf1, 0x1f, 0x50,
    0xd, 0x80, 0x8, 0xd0,

    /* U+0079 "y" */
    0x1f, 0x30, 0x3, 0xf1, 0xc, 0x70, 0x7, 0xc0,
    0x8, 0xb0, 0xb, 0x80, 0x3, 0xf0, 0xf, 0x40,
    0x0, 0xf3, 0x3f, 0x0, 0x0, 0xb7, 0x7b, 0x0,
    0x0, 0x7b, 0xb7, 0x0, 0x0, 0x2f, 0xf2, 0x0,
    0x0, 0xe, 0xe0, 0x0, 0x0, 0xb, 0xa0, 0x0,
    0x0, 0xe, 0x60, 0x0, 0x0, 0x2f, 0x10, 0x0,
    0x0, 0x7d, 0x0, 0x0,

    /* U+007A "z" */
    0xff, 0xff, 0xff, 0x23, 0x33, 0xbb, 0x0, 0x4,
    0xf1, 0x0, 0x1e, 0x50, 0x0, 0xaa, 0x0, 0x5,
    0xe1, 0x0, 0x1f, 0x40, 0x0, 0xbb, 0x33, 0x32,
    0xff, 0xff, 0xff,

    /* U+007B "{" */
    0x0, 0x19, 0xe6, 0x0, 0xcc, 0x41, 0x3, 0xf1,
    0x0, 0x3, 0xf0, 0x0, 0x0, 0xf5, 0x0, 0x0,
    0xaa, 0x0, 0x0, 0x9a, 0x0, 0x4, 0xe5, 0x0,
    0xaf, 0x80, 0x0, 0x27, 0xf3, 0x0, 0x0, 0xaa,
    0x0, 0x0, 0x9a, 0x0, 0x0, 0xe7, 0x0, 0x3,
    0xf1, 0x0, 0x3, 0xf0, 0x0, 0x0, 0xea, 0x10,
    0x0, 0x3c, 0xf6, 0x0, 0x0, 0x11,

    /* U+007C "|" */
    0x55, 0xaa, 0xaa, 0xaa, 0xaa, 0xaa, 0xaa, 0xaa,
    0xaa, 0xaa, 0xaa, 0xaa, 0xaa, 0xaa, 0xaa, 0xaa,
    0xaa,

    /* U+007D "}" */
    0x6e, 0x91, 0x0, 0x14, 0xcc, 0x0, 0x0, 0x1f,
    0x30, 0x0, 0xf, 0x30, 0x0, 0x6f, 0x0, 0x0,
    0xaa, 0x0, 0x0, 0xa9, 0x0, 0x0, 0x5e, 0x40,
    0x0, 0x8, 0xfa, 0x0, 0x3f, 0x72, 0x0, 0xa9,
    0x0, 0x0, 0xa9, 0x0, 0x0, 0x7e, 0x0, 0x0,
    0x1f, 0x30, 0x0, 0xf, 0x30, 0x2, 0xae, 0x0,
    0x6f, 0xc2, 0x0, 0x11, 0x0, 0x0,

    /* U+007E "~" */
    0x2, 0xeb, 0x0, 0xa4, 0xb, 0xbe, 0x62, 0xf2,
    0x2f, 0x27, 0xeb, 0xb0, 0x4a, 0x0, 0xbe, 0x20,

    /* U+00B0 "°" */
    0x3d, 0xd3, 0xb7, 0x7b, 0xc5, 0x5c, 0x5f, 0xf5,
    0x0, 0x0,

    /* U+00D7 "×" */
    0x14, 0x0, 0x0, 0x41, 0x4f, 0x40, 0x4, 0xf4,
    0x6, 0xf3, 0x3f, 0x60, 0x0, 0x7f, 0xf7, 0x0,
    0x0, 0x2f, 0xf2, 0x0, 0x1, 0xe9, 0x9e, 0x10,
    0x1d, 0xa0, 0xa, 0xd1, 0x5a, 0x0, 0x0, 0xa5,
    0x0, 0x0, 0x0, 0x0,

    /* U+00F7 "÷" */
    0x0, 0x22, 0x0, 0x0, 0xff, 0x0, 0x0, 0xdd,
    0x0, 0x0, 0x0, 0x0, 0xff, 0xff, 0xff, 0x22,
    0x22, 0x22, 0x0, 0x22, 0x0, 0x0, 0xff, 0x0,
    0x0, 0xdd, 0x0,

    /* U+0410 "А" */
    0x0, 0xd, 0xd0, 0x0, 0x0, 0xf, 0xf0, 0x0,
    0x0, 0x3f, 0xf3, 0x0, 0x0, 0x6c, 0xc6, 0x0,
    0x0, 0x99, 0x99, 0x0, 0x0, 0xd6, 0x6c, 0x0,
    0x0, 0xf4, 0x4f, 0x0, 0x3, 0xf1, 0x1f, 0x30,
    0x6, 0xe0, 0xe, 0x60, 0x9, 0xff, 0xff, 0x90,
    0xc, 0x93, 0x39, 0xc0, 0xf, 0x50, 0x5, 0xf0,
    0x3f, 0x10, 0x1, 0xf3,

    /* U+0411 "Б" */
    0xff, 0xff, 0xf6, 0xf, 0x63, 0x33, 0x10, 0xf4,
    0x0, 0x0, 0xf, 0x40, 0x0, 0x0, 0xf4, 0x0,
    0x0, 0xf, 0x40, 0x0, 0x0, 0xff, 0xff, 0xa0,
    0xf, 0x63, 0x4d, 0xa0, 0xf4, 0x0, 0x4f, 0xf,
    0x40, 0x2, 0xf1, 0xf4, 0x0, 0x4f, 0xf, 0x63,
    0x4d, 0xa0, 0xff, 0xff, 0xa0, 0x0,

    /* U+0412 "В" */
    0xff, 0xfe, 0x70, 0xf, 0x63, 0x6f, 0x50, 0xf4,
    0x0, 0xaa, 0xf, 0x40, 0x7, 0xc0, 0xf4, 0x0,
    0x9b, 0xf, 0x40, 0x3e, 0x50, 0xff, 0xff, 0xb0,
    0xf, 0x63, 0x5d, 0x90, 0xf4, 0x0, 0x3f, 0x1f,
    0x40, 0x0, 0xf3, 0xf4, 0x0, 0x3f, 0x1f, 0x63,
    0x4d, 0xb0, 0xff, 0xfe, 0x91, 0x0,

    /* U+0413 "Г" */
    0x7f, 0xff, 0xff, 0x17, 0xd3, 0x33, 0x30, 0x7c,
    0x0, 0x0, 0x7, 0xc0, 0x0, 0x0, 0x7c, 0x0,
    0x0, 0x7, 0xc0, 0x0, 0x0, 0x7c, 0x0, 0x0,
    0x7, 0xc0, 0x0, 0x0, 0x7c, 0x0, 0x0, 0x7,
    0xc0, 0x0, 0x0, 0x7c, 0x0, 0x0, 0x7, 0xc0,
    0x0, 0x0, 0x7c, 0x0, 0x0, 0x0,

    /* U+0414 "Д" */
    0x4, 0xff, 0xff, 0xb0, 0x4, 0xe3, 0x39, 0xb0,
    0x4, 0xe0, 0x7, 0xb0, 0x4, 0xe0, 0x7, 0xb0,
    0x4, 0xe0, 0x7, 0xb0, 0x4, 0xe0, 0x7, 0xb0,
    0x4, 0xe0, 0x7, 0xb0, 0x5, 0xd0, 0x7, 0xb0,
    0x6, 0xc0, 0x7, 0xb0, 0x8, 0xa0, 0x7, 0xb0,
    0xb, 0x80, 0x7, 0xb0, 0x1e, 0x73, 0x39, 0xc1,
    0x6f, 0xff, 0xff, 0xf6, 0x6d, 0x0, 0x0, 0xd6,
    0x6d, 0x0, 0x0, 0xd6, 0x48, 0x0, 0x0, 0x84,

    /* U+0415 "Е" */
    0xdf, 0xff, 0xff, 0xd8, 0x33, 0x32, 0xd6, 0x0,
    0x0, 0xd6, 0x0, 0x0, 0xd6, 0x0, 0x0, 0xd6,
    0x0, 0x0, 0xdf, 0xff, 0xf1, 0xd8, 0x33, 0x30,
    0xd6, 0x0, 0x0, 0xd6, 0x0, 0x0, 0xd6, 0x0,
    0x0, 0xd8, 0x33, 0x32, 0xdf, 0xff, 0xff,

    /* U+0416 "Ж" */
    0x7b, 0x9, 0x90, 0xb7, 0x3e, 0x9, 0x90, 0xe3,
    0xf, 0x29, 0x92, 0xf0, 0xc, 0x69, 0x96, 0xc0,
    0x8, 0x99, 0x99, 0x80, 0x4, 0xd9, 0x9d, 0x40,
    0x1, 0xff, 0xff, 0x10, 0x4, 0xe9, 0x9e, 0x40,
    0x7, 0xa9, 0x9a, 0x70, 0xb, 0x69, 0x96, 0xb0,
    0xf, 0x29, 0x92, 0xf0, 0x3e, 0x9, 0x90, 0xe3,
    0x7b, 0x9, 0x90, 0xb7,

    /* U+0417 "З" */
    0x0, 0x8e, 0xf9, 0x0, 0x7, 0xe5, 0x5e, 0x70,
    0xc, 0x80, 0x7, 0xd0, 0x5, 0x20, 0x4, 0xf0,
    0x0, 0x0, 0x6, 0xe0, 0x0, 0x0, 0x2d, 0x80,
    0x0, 0xe, 0xfd, 0x0, 0x0, 0x2, 0x4c, 0xa0,
    0x0, 0x0, 0x2, 0xf1, 0x1, 0x0, 0x0, 0xf3,
    0x1f, 0x30, 0x3, 0xf1, 0xb, 0xd4, 0x4c, 0xb0,
    0x1, 0xaf, 0xfa, 0x10,

    /* U+0418 "И" */
    0xf4, 0x0, 0xbf, 0xf4, 0x0, 0xff, 0xf4, 0x4,
    0xef, 0xf4, 0x9, 0xaf, 0xf4, 0xe, 0x5f, 0xf4,
    0x3d, 0x3f, 0xf3, 0x88, 0x3f, 0xf3, 0xd3, 0x4f,
    0xf5, 0xe0, 0x4f, 0xfa, 0x90, 0x4f, 0xfe, 0x40,
    0x4f, 0xff, 0x0, 0x4f, 0xfa, 0x0, 0x4f,

    /* U+0419 "Й" */
    0x35, 0x0, 0x53, 0x4e, 0x11, 0xe4, 0xa, 0xff,
    0xa0, 0x0, 0x0, 0x0, 0xf4, 0x0, 0xbf, 0xf4,
    0x0, 0xff, 0xf4, 0x4, 0xef, 0xf4, 0x9, 0xaf,
    0xf4, 0xe, 0x5f, 0xf4, 0x3d, 0x3f, 0xf3, 0x88,
    0x3f, 0xf3, 0xd3, 0x4f, 0xf5, 0xe0, 0x4f, 0xfa,
    0x90, 0x4f, 0xfe, 0x40, 0x4f, 0xff, 0x0, 0x4f,
    0xfa, 0x0, 0x4f,

    /* U+041A "К" */
    0xb8, 0x0, 0x6e, 0xb, 0x80, 0xd, 0x70, 0xb8,
    0x4, 0xf1, 0xb, 0x80, 0xb9, 0x0, 0xb8, 0x1f,
    0x20, 0xb, 0x88, 0xb0, 0x0, 0xbf, 0xf6, 0x0,
    0xb, 0x9a, 0xb0, 0x0, 0xb8, 0x2f, 0x20, 0xb,
    0x80, 0xb9, 0x0, 0xb8, 0x4, 0xf1, 0xb, 0x80,
    0xd, 0x70, 0xb8, 0x0, 0x6e, 0x0,

    /* U+041B "Л" */
    0x8, 0xff, 0xff, 0xf0, 0x8c, 0x33, 0x6f, 0x8,
    0xb0, 0x4, 0xf0, 0x8b, 0x0, 0x4f, 0x8, 0xb0,
    0x4, 0xf0, 0x8b, 0x0, 0x4f, 0x8, 0xb0, 0x4,
    0xf0, 0x8b, 0x0, 0x4f, 0x8, 0xb0, 0x4, 0xf0,
    0x9a, 0x0, 0x4f, 0xb, 0x80, 0x4, 0xf3, 0xf4,
    0x0, 0x4f, 0xb9, 0x0, 0x4, 0xf0,

    /* U+041C "М" */
    0x3f, 0x70, 0x7, 0xf3, 0x3f, 0xb0, 0xb, 0xf3,
    0x3f, 0xe0, 0xe, 0xf3, 0x3e, 0xd2, 0x2d, 0xe3,
    0x3e, 0x96, 0x69, 0xe3, 0x3f, 0x5a, 0xa5, 0xf3,
    0x3f, 0x1e, 0xe1, 0xf3, 0x3f, 0xe, 0xe0, 0xf3,
    0x3f, 0xa, 0xa0, 0xf3, 0x3f, 0x0, 0x0, 0xf3,
    0x3f, 0x0, 0x0, 0xf3, 0x3f, 0x0, 0x0, 0xf3,
    0x3f, 0x0, 0x0, 0xf3,

    /* U+041D "Н" */
    0xf4, 0x0, 0x4f, 0xf4, 0x0, 0x4f, 0xf4, 0x0,
    0x4f, 0xf4, 0x0, 0x4f, 0xf4, 0x0, 0x4f, 0xf4,
    0x0, 0x4f, 0xff, 0xff, 0xff, 0xf6, 0x33, 0x6f,
    0xf4, 0x0, 0x4f, 0xf4, 0x0, 0x4f, 0xf4, 0x0,
    0x4f, 0xf4, 0x0, 0x4f, 0xf4, 0x0, 0x4f,

    /* U+041E "О" */
    0x0, 0xaf, 0xfa, 0x0, 0xa, 0xd4, 0x4d, 0xa0,
    0xf, 0x40, 0x4, 0xf0, 0x1f, 0x20, 0x2, 0xf1,
    0x1f, 0x20, 0x2, 0xf1, 0x1f, 0x20, 0x2, 0xf1,
    0x1f, 0x20, 0x2, 0xf1, 0x1f, 0x20, 0x2, 0xf1,
    0x1f, 0x20, 0x2, 0xf1, 0x1f, 0x20, 0x2, 0xf1,
    0xf, 0x40, 0x4, 0xf0, 0xa, 0xd4, 0x4d, 0xa0,
    0x0, 0xaf, 0xfa, 0x0,

    /* U+041F "П" */
    0xff, 0xff, 0xff, 0xf6, 0x33, 0x6f, 0xf4, 0x0,
    0x4f, 0xf4, 0x0, 0x4f, 0xf4, 0x0, 0x4f, 0xf4,
    0x0, 0x4f, 0xf4, 0x0, 0x4f, 0xf4, 0x0, 0x4f,
    0xf4, 0x0, 0x4f, 0xf4, 0x0, 0x4f, 0xf4, 0x0,
    0x4f, 0xf4, 0x0, 0x4f, 0xf4, 0x0, 0x4f,

    /* U+0420 "Р" */
    0xbf, 0xff, 0xa0, 0xb, 0x93, 0x4d, 0xa0, 0xb8,
    0x0, 0x4f, 0xb, 0x80, 0x0, 0xf3, 0xb8, 0x0,
    0xf, 0x3b, 0x80, 0x3, 0xf1, 0xb8, 0x1, 0xbb,
    0xb, 0xff, 0xfd, 0x10, 0xb9, 0x32, 0x0, 0xb,
    0x80, 0x0, 0x0, 0xb8, 0x0, 0x0, 0xb, 0x80,
    0x0, 0x0, 0xb8, 0x0, 0x0, 0x0,

    /* U+0421 "С" */
    0x0, 0xaf, 0xf9, 0x0, 0xa, 0xd4, 0x4d, 0x90,
    0xf, 0x40, 0x5, 0xe0, 0x1f, 0x20, 0x0, 0x30,
    0x1f, 0x20, 0x0, 0x0, 0x1f, 0x20, 0x0, 0x0,
    0x1f, 0x20, 0x0, 0x0, 0x1f, 0x20, 0x0, 0x0,
    0x1f, 0x20, 0x0, 0x0, 0x1f, 0x20, 0x0, 0x30,
    0xf, 0x40, 0x6, 0xf0, 0xa, 0xd4, 0x5e, 0x90,
    0x0, 0xaf, 0xfa, 0x0,

    /* U+0422 "Т" */
    0x1f, 0xff, 0xff, 0xf1, 0x3, 0x3b, 0xb3, 0x30,
    0x0, 0xa, 0xa0, 0x0, 0x0, 0xa, 0xa0, 0x0,
    0x0, 0xa, 0xa0, 0x0, 0x0, 0xa, 0xa0, 0x0,
    0x0, 0xa, 0xa0, 0x0, 0x0, 0xa, 0xa0, 0x0,
    0x0, 0xa, 0xa0, 0x0, 0x0, 0xa, 0xa0, 0x0,
    0x0, 0xa, 0xa0, 0x0, 0x0, 0xa, 0xa0, 0x0,
    0x0, 0xa, 0xa0, 0x0,

    /* U+0423 "У" */
    0x1f, 0x30, 0x3, 0xf1, 0xc, 0x70, 0x7, 0xc0,
    0x8, 0xb0, 0xb, 0x80, 0x3, 0xf0, 0xf, 0x40,
    0x0, 0xf3, 0x3f, 0x0, 0x0, 0xb7, 0x7b, 0x0,
    0x0, 0x7b, 0xb7, 0x0, 0x0, 0x2f, 0xf2, 0x0,
    0x0, 0xe, 0xe0, 0x0, 0x0, 0xb, 0xa0, 0x0,
    0x0, 0xe, 0x60, 0x0, 0x0, 0x2f, 0x10, 0x0,
    0x0, 0x7d, 0x0, 0x0,

    /* U+0424 "Ф" */
    0x0, 0xa, 0xa0, 0x0, 0x0, 0xa, 0xa0, 0x0,
    0x4, 0xdf, 0xfd, 0x40, 0xe, 0x7a, 0xa7, 0xe0,
    0x4e, 0x9, 0x90, 0xe3, 0x4d, 0x9, 0x90, 0xd4,
    0x5d, 0x9, 0x90, 0xd5, 0x4d, 0x9, 0x90, 0xd4,
    0x4e, 0x9, 0x90, 0xe4, 0x1f, 0x49, 0x94, 0xf1,
    0x6, 0xff, 0xff, 0x60, 0x0, 0xa, 0xa0, 0x0,
    0x0, 0xa, 0xa0, 0x0,

    /* U+0425 "Х" */
    0x1f, 0x50, 0x5, 0xf1, 0xa, 0xb0, 0xb, 0xa0,
    0x3, 0xf1, 0x1f, 0x30, 0x0, 0xd7, 0x7d, 0x0,
    0x0, 0x6d, 0xd6, 0x0, 0x0, 0xf, 0xf0, 0x0,
    0x0, 0xb, 0xb0, 0x0, 0x0, 0x1f, 0xf1, 0x0,
    0x0, 0x6d, 0xd6, 0x0, 0x0, 0xd7, 0x7d, 0x0,
    0x3, 0xf1, 0x1f, 0x30, 0xa, 0xb0, 0xb, 0xa0,
    0x1f, 0x50, 0x5, 0xf1,

    /* U+0426 "Ц" */
    0xf4, 0x0, 0x4f, 0xf, 0x40, 0x4, 0xf0, 0xf4,
    0x0, 0x4f, 0xf, 0x40, 0x4, 0xf0, 0xf4, 0x0,
    0x4f, 0xf, 0x40, 0x4, 0xf0, 0xf4, 0x0, 0x4f,
    0xf, 0x40, 0x4, 0xf0, 0xf4, 0x0, 0x4f, 0xf,
    0x40, 0x4, 0xf0, 0xf4, 0x0, 0x4f, 0xf, 0x63,
    0x36, 0xf2, 0xff, 0xff, 0xff, 0xb0, 0x0, 0x0,
    0x6b, 0x0, 0x0, 0x6, 0xb0, 0x0, 0x0, 0x47,

    /* U+0427 "Ч" */
    0xf4, 0x0, 0x4f, 0xf4, 0x0, 0x4f, 0xf4, 0x0,
    0x4f, 0xf4, 0x0, 0x4f, 0xf4, 0x0, 0x4f, 0xf4,
    0x0, 0x4f, 0xe5, 0x0, 0x4f, 0xad, 0x20, 0x8f,
    0x1c, 0xff, 0xff, 0x0, 0x12, 0x4f, 0x0, 0x0,
    0x4f, 0x0, 0x0, 0x4f, 0x0, 0x0, 0x4f,

    /* U+0428 "Ш" */
    0x3f, 0x9, 0x90, 0xf3, 0x3f, 0x9, 0x90, 0xf3,
    0x3f, 0x9, 0x90, 0xf3, 0x3f, 0x9, 0x90, 0xf3,
    0x3f, 0x9, 0x90, 0xf3, 0x3f, 0x9, 0x90, 0xf3,
    0x3f, 0x9, 0x90, 0xf3, 0x3f, 0x9, 0x90, 0xf3,
    0x3f, 0x9, 0x90, 0xf3, 0x3f, 0x9, 0x90, 0xf3,
    0x3f, 0x9, 0x90, 0xf3, 0x3f, 0x3a, 0xa3, 0xf3,
    0x3f, 0xff, 0xff, 0xf3,

    /* U+0429 "Щ" */
    0x3f, 0x9, 0x90, 0xf3, 0x3f, 0x9, 0x90, 0xf3,
    0x3f, 0x9, 0x90, 0xf3, 0x3f, 0x9, 0x90, 0xf3,
    0x3f, 0x9, 0x90, 0xf3, 0x3f, 0x9, 0x90, 0xf3,
    0x3f, 0x9, 0x90, 0xf3, 0x3f, 0x9, 0x90, 0xf3,
    0x3f, 0x9, 0x90, 0xf3, 0x3f, 0x9, 0x90, 0xf3,
    0x3f, 0x9, 0x90, 0xf3, 0x3f, 0x3a, 0xa3, 0xf5,
    0x3f, 0xff, 0xff, 0xff, 0x0, 0x0, 0x0, 0x2f,
    0x0, 0x0, 0x0, 0x2f, 0x0, 0x0, 0x0, 0x1a,

    /* U+042A "Ъ" */
    0x9f, 0xf2, 0x0, 0x0, 0x14, 0xf2, 0x0, 0x0,
    0x1, 0xf2, 0x0, 0x0, 0x1, 0xf2, 0x0, 0x0,
    0x1, 0xf2, 0x0, 0x0, 0x1, 0xf2, 0x0, 0x0,
    0x1, 0xff, 0xfb, 0x10, 0x1, 0xf5, 0x3c, 0xa0,
    0x1, 0xf2, 0x4, 0xf0, 0x1, 0xf2, 0x2, 0xf1,
    0x1, 0xf2, 0x4, 0xf0, 0x1, 0xf5, 0x3c, 0xa0,
    0x1, 0xff, 0xfb, 0x10,

    /* U+042B "Ы" */
    0x3f, 0x0, 0x0, 0xf3, 0x3f, 0x0, 0x0, 0xf3,
    0x3f, 0x0, 0x0, 0xf3, 0x3f, 0x0, 0x0, 0xf3,
    0x3f, 0x0, 0x0, 0xf3, 0x3f, 0x0, 0x0, 0xf3,
    0x3f, 0xeb, 0x10, 0xf3, 0x3f, 0x2b, 0xa0, 0xf3,
    0x3f, 0x3, 0xf0, 0xf3, 0x3f, 0x1, 0xf1, 0xf3,
    0x3f, 0x3, 0xf0, 0xf3, 0x3f, 0x2a, 0xb0, 0xf3,
    0x3f, 0xfc, 0x10, 0xf3,

    /* U+042C "Ь" */
    0xf4, 0x0, 0x0, 0xf, 0x40, 0x0, 0x0, 0xf4,
    0x0, 0x0, 0xf, 0x40, 0x0, 0x0, 0xf4, 0x0,
    0x0, 0xf, 0x40, 0x0, 0x0, 0xff, 0xff, 0xa0,
    0xf, 0x63, 0x4d, 0xa0, 0xf4, 0x0, 0x4f, 0xf,
    0x40, 0x2, 0xf1, 0xf4, 0x0, 0x4f, 0xf, 0x63,
    0x4d, 0xa0, 0xff, 0xff, 0xa0, 0x0,

    /* U+042D "Э" */
    0x0, 0x9e, 0xfa, 0x0, 0x9, 0xe5, 0x4d, 0xa0,
    0xe, 0x50, 0x5, 0xf0, 0x4, 0x10, 0x2, 0xf1,
    0x0, 0x0, 0x2, 0xf1, 0x0, 0x0, 0x2, 0xf1,
    0x0, 0xe, 0xff, 0xf1, 0x0, 0x2, 0x34, 0xf1,
    0x0, 0x0, 0x2, 0xf1, 0x3, 0x0, 0x2, 0xf1,
    0xf, 0x50, 0x4, 0xf0, 0x9, 0xd4, 0x4d, 0xa0,
    0x0, 0xaf, 0xfa, 0x0,

    /* U+042E "Ю" */
    0x3f, 0x4, 0xee, 0x60, 0x3f, 0xd, 0x53, 0xf0,
    0x3f, 0xf, 0x20, 0xf2, 0x3f, 0xf, 0x20, 0xf3,
    0x3f, 0xf, 0x20, 0xf3, 0x3f, 0xf, 0x20, 0xf3,
    0x3f, 0xff, 0x20, 0xf3, 0x3f, 0x2f, 0x20, 0xf3,
    0x3f, 0xf, 0x20, 0xf3, 0x3f, 0xf, 0x20, 0xf3,
    0x3f, 0xf, 0x20, 0xf2, 0x3f, 0xe, 0x75, 0xf0,
    0x3f, 0x4, 0xef, 0x60,

    /* U+042F "Я" */
    0x0, 0x9f, 0xff, 0xf0, 0x8e, 0x43, 0x6f, 0xe,
    0x60, 0x4, 0xf1, 0xf2, 0x0, 0x4f, 0x1f, 0x20,
    0x4, 0xf0, 0xf5, 0x0, 0x4f, 0xa, 0xc1, 0x4,
    0xf0, 0x1c, 0xff, 0xff, 0x0, 0x2f, 0x56, 0xf0,
    0xa, 0xb0, 0x4f, 0x2, 0xf3, 0x4, 0xf0, 0xab,
    0x0, 0x4f, 0x2f, 0x30, 0x4, 0xf0,

    /* U+0430 "а" */
    0x1, 0xaf, 0xfa, 0x10, 0xbd, 0x45, 0xea, 0xb,
    0x30, 0x6, 0xe0, 0x0, 0x0, 0x4f, 0x2, 0xae,
    0xff, 0xf0, 0xdb, 0x43, 0x6f, 0x1f, 0x30, 0x5,
    0xf0, 0xeb, 0x35, 0xcf, 0x4, 0xdf, 0xc5, 0xf0,

    /* U+0431 "б" */
    0x0, 0x0, 0x36, 0x90, 0x0, 0x8f, 0xfc, 0x70,
    0x8, 0xe4, 0x0, 0x0, 0xe, 0x50, 0x0, 0x0,
    0x1f, 0x3c, 0xfc, 0x10, 0x1f, 0xa4, 0x4d, 0xb0,
    0x1f, 0x40, 0x4, 0xf0, 0x1f, 0x20, 0x2, 0xf1,
    0x1f, 0x20, 0x2, 0xf1, 0x1f, 0x20, 0x2, 0xf1,
    0xf, 0x40, 0x4, 0xf0, 0xa, 0xd4, 0x4d, 0xa0,
    0x0, 0xaf, 0xfa, 0x0,

    /* U+0432 "в" */
    0xff, 0xff, 0xa1, 0xf, 0x63, 0x4d, 0x90, 0xf4,
    0x0, 0x7c, 0xf, 0x40, 0x1c, 0xa0, 0xff, 0xff,
    0xf2, 0xf, 0x63, 0x39, 0xe0, 0xf4, 0x0, 0xf,
    0x3f, 0x63, 0x39, 0xf0, 0xff, 0xff, 0xc4, 0x0,

    /* U+0433 "г" */
    0x7f, 0xff, 0xff, 0x17, 0xd3, 0x33, 0x30, 0x7c,
    0x0, 0x0, 0x7, 0xc0, 0x0, 0x0, 0x7c, 0x0,
    0x0, 0x7, 0xc0, 0x0, 0x0, 0x7c, 0x0, 0x0,
    0x7, 0xc0, 0x0, 0x0, 0x7c, 0x0, 0x0, 0x0,

    /* U+0434 "д" */
    0x4, 0xff, 0xff, 0xb0, 0x4, 0xe3, 0x39, 0xb0,
    0x4, 0xe0, 0x7, 0xb0, 0x4, 0xe0, 0x7, 0xb0,
    0x4, 0xe0, 0x7, 0xb0, 0x5, 0xd0, 0x7, 0xb0,
    0x8, 0xa0, 0x7, 0xb0, 0x1d, 0x83, 0x39, 0xc1,
    0x6f, 0xff, 0xff, 0xf6, 0x6d, 0x0, 0x0, 0xd6,
    0x6d, 0x0, 0x0, 0xd6, 0x48, 0x0, 0x0, 0x84,

    /* U+0435 "е" */
    0x0, 0xaf, 0xf9, 0x0, 0xa, 0xd4, 0x4d, 0xa0,
    0xf, 0x40, 0x5, 0xf0, 0x1f, 0x20, 0x2, 0xf1,
    0x1f, 0xff, 0xff, 0xf1, 0x1f, 0x43, 0x33, 0x30,
    0xf, 0x40, 0x2, 0x80, 0xa, 0xd4, 0x4b, 0xc0,
    0x0, 0xaf, 0xfb, 0x20,

    /* U+0436 "ж" */
    0x6c, 0x9, 0x90, 0xc6, 0x1f, 0x19, 0x91, 0xf1,
    0xc, 0x69, 0x96, 0xc0, 0x7, 0xb9, 0x9b, 0x70,
    0x3, 0xff, 0xff, 0x30, 0x6, 0xc9, 0x9c, 0x60,
    0xb, 0x69, 0x96, 0xb0, 0x1f, 0x19, 0x91, 0xf1,
    0x6c, 0x9, 0x90, 0xc6,

    /* U+0437 "з" */
    0x1, 0xaf, 0xfb, 0x10, 0xa, 0xd4, 0x4c, 0xb0,
    0x7, 0x30, 0x5, 0xe0, 0x0, 0x0, 0xa, 0xc0,
    0x0, 0xe, 0xff, 0x30, 0x0, 0x2, 0x39, 0xe0,
    0x4, 0x0, 0x1, 0xf3, 0xe, 0x93, 0x3a, 0xf0,
    0x3, 0xcf, 0xfc, 0x30,

    /* U+0438 "и" */
    0xf4, 0x0, 0xcf, 0xf4, 0x3, 0xff, 0xf4, 0xa,
    0xaf, 0xf4, 0x2f, 0x4f, 0xf3, 0x99, 0x3f, 0xf4,
    0xf2, 0x4f, 0xfa, 0xa0, 0x4f, 0xff, 0x30, 0x4f,
    0xfc, 0x0, 0x4f,

    /* U+0439 "й" */
    0x6b, 0x0, 0xb6, 0x3f, 0x12, 0xf3, 0x8, 0xff,
    0x80, 0x0, 0x0, 0x0, 0xf4, 0x0, 0xcf, 0xf4,
    0x3, 0xff, 0xf4, 0xa, 0xaf, 0xf4, 0x2f, 0x4f,
    0xf3, 0x99, 0x3f, 0xf4, 0xf2, 0x4f, 0xfa, 0xa0,
    0x4f, 0xff, 0x30, 0x4f, 0xfc, 0x0, 0x4f,

    /* U+043A "к" */
    0xb8, 0x0, 0xac, 0xb, 0x80, 0x3f, 0x30, 0xb8,
    0xc, 0xa0, 0xb, 0x85, 0xf1, 0x0, 0xbf, 0xf9,
    0x0, 0xb, 0x97, 0xe1, 0x0, 0xb8, 0xc, 0x90,
    0xb, 0x80, 0x3f, 0x30, 0xb8, 0x0, 0xac, 0x0,

    /* U+043B "л" */
    0x8, 0xff, 0xff, 0xf0, 0x8c, 0x33, 0x6f, 0x8,
    0xb0, 0x4, 0xf0, 0x8b, 0x0, 0x4f, 0x8, 0xb0,
    0x4, 0xf0, 0x8b, 0x0, 0x4f, 0xa, 0x90, 0x4,
    0xf3, 0xf5, 0x0, 0x4f, 0xba, 0x0, 0x4, 0xf0,

    /* U+043C "м" */
    0x3f, 0xb0, 0xb, 0xf3, 0x3f, 0xe0, 0xe, 0xf3,
    0x3e, 0xd2, 0x2d, 0xe3, 0x3e, 0xa5, 0x5a, 0xe3,
    0x3f, 0x78, 0x87, 0xf3, 0x3f, 0x3c, 0xc3, 0xf3,
    0x3f, 0xf, 0xf0, 0xf3, 0x3f, 0xd, 0xd0, 0xf3,
    0x3f, 0x9, 0x90, 0xf3,

    /* U+043D "н" */
    0xf4, 0x0, 0x4f, 0xf4, 0x0, 0x4f, 0xf4, 0x0,
    0x4f, 0xf4, 0x0, 0x4f, 0xff, 0xff, 0xff, 0xf6,
    0x33, 0x6f, 0xf4, 0x0, 0x4f, 0xf4, 0x0, 0x4f,
    0xf4, 0x0, 0x4f,

    /* U+043E "о" */
    0x0, 0xaf, 0xfa, 0x0, 0xa, 0xd4, 0x4d, 0xa0,
    0xf, 0x40, 0x4, 0xf0, 0x1f, 0x20, 0x2, 0xf1,
    0x1f, 0x20, 0x2, 0xf1, 0x1f, 0x20, 0x2, 0xf1,
    0xf, 0x40, 0x4, 0xf0, 0xa, 0xd4, 0x4d, 0xa0,
    0x0, 0xaf, 0xfa, 0x0,

    /* U+043F "п" */
    0xff, 0xff, 0xff, 0xf6, 0x33, 0x6f, 0xf4, 0x0,
    0x4f, 0xf4, 0x0, 0x4f, 0xf4, 0x0, 0x4f, 0xf4,
    0x0, 0x4f, 0xf4, 0x0, 0x4f, 0xf4, 0x0, 0x4f,
    0xf4, 0x0, 0x4f,

    /* U+0440 "р" */
    0xf5, 0xbf, 0xc2, 0xf, 0xc2, 0x2c, 0xb0, 0xf6,
    0x0, 0x4f, 0xf, 0x40, 0x2, 0xf1, 0xf4, 0x0,
    0x2f, 0x1f, 0x40, 0x2, 0xf1, 0xf6, 0x0, 0x4f,
    0xf, 0xc5, 0x4d, 0xb0, 0xf5, 0xbf, 0xc2, 0xf,
    0x40, 0x0, 0x0, 0xf4, 0x0, 0x0, 0xf, 0x40,
    0x0, 0x0, 0xf4, 0x0, 0x0, 0x0,

    /* U+0441 "с" */
    0x0, 0xaf, 0xf9, 0x0, 0xa, 0xd4, 0x5d, 0x90,
    0xf, 0x40, 0x5, 0xe0, 0x1f, 0x20, 0x0, 0x20,
    0x1f, 0x20, 0x0, 0x0, 0x1f, 0x20, 0x0, 0x20,
    0xf, 0x40, 0x5, 0xf0, 0xa, 0xd4, 0x5d, 0xa0,
    0x0, 0xaf, 0xfa, 0x0,

    /* U+0442 "т" */
    0x1f, 0xff, 0xff, 0xf1, 0x3, 0x3b, 0xb3, 0x30,
    0x0, 0xa, 0xa0, 0x0, 0x0, 0xa, 0xa0, 0x0,
    0x0, 0xa, 0xa0, 0x0, 0x0, 0xa, 0xa0, 0x0,
    0x0, 0xa, 0xa0, 0x0, 0x0, 0xa, 0xa0, 0x0,
    0x0, 0xa, 0xa0, 0x0,

    /* U+0443 "у" */
    0x1f, 0x30, 0x3, 0xf1, 0xc, 0x70, 0x7, 0xc0,
    0x8, 0xb0, 0xb, 0x80, 0x3, 0xf0, 0xf, 0x40,
    0x0, 0xf3, 0x3f, 0x0, 0x0, 0xb7, 0x7b, 0x0,
    0x0, 0x7b, 0xb7, 0x0, 0x0, 0x2f, 0xf2, 0x0,
    0x0, 0xe, 0xe0, 0x0, 0x0, 0xb, 0xa0, 0x0,
    0x0, 0xe, 0x60, 0x0, 0x0, 0x2f, 0x10, 0x0,
    0x0, 0x7d, 0x0, 0x0,

    /* U+0444 "ф" */
    0x0, 0xa, 0xa0, 0x0, 0x0, 0xa, 0xa0, 0x0,
    0x0, 0xa, 0xa0, 0x0, 0x0, 0xa, 0xa0, 0x0,
    0x4, 0xdf, 0xfd, 0x40, 0xe, 0x7a, 0xa7, 0xe0,
    0x3e, 0x9, 0x90, 0xf3, 0x4d, 0x9, 0x90, 0xd4,
    0x5d, 0x9, 0x90, 0xd5, 0x4d, 0x9, 0x90, 0xd4,
    0x3e, 0x9, 0x90, 0xf3, 0xe, 0x7a, 0xa7, 0xe0,
    0x4, 0xdf, 0xfd, 0x40, 0x0, 0xa, 0xa0, 0x0,
    0x0, 0xa, 0xa0, 0x0, 0x0, 0xa, 0xa0, 0x0,
    0x0, 0xa, 0xa0, 0x0,

    /* U+0445 "х" */
    0xd, 0x80, 0x9, 0xd0, 0x5, 0xf1, 0x1f, 0x50,
    0x0, 0xc9, 0x9c, 0x0, 0x0, 0x3f, 0xf3, 0x0,
    0x0, 0xc, 0xc0, 0x0, 0x0, 0x3f, 0xf3, 0x0,
    0x0, 0xc9, 0x9c, 0x0, 0x5, 0xf1, 0x1f, 0x50,
    0xd, 0x80, 0x8, 0xd0,

    /* U+0446 "ц" */
    0xf4, 0x0, 0x4f, 0xf, 0x40, 0x4, 0xf0, 0xf4,
    0x0, 0x4f, 0xf, 0x40, 0x4, 0xf0, 0xf4, 0x0,
    0x4f, 0xf, 0x40, 0x4, 0xf0, 0xf4, 0x0, 0x4f,
    0xf, 0x63, 0x36, 0xf2, 0xff, 0xff, 0xff, 0xb0,
    0x0, 0x0, 0x6b, 0x0, 0x0, 0x6, 0xb0, 0x0,
    0x0, 0x47,

    /* U+0447 "ч" */
    0xf4, 0x0, 0x4f, 0xf4, 0x0, 0x4f, 0xf4, 0x0,
    0x4f, 0xe5, 0x0, 0x4f, 0xad, 0x20, 0x8f, 0x1c,
    0xff, 0xff, 0x0, 0x12, 0x4f, 0x0, 0x0, 0x4f,
    0x0, 0x0, 0x4f,

    /* U+0448 "ш" */
    0x3f, 0x9, 0x90, 0xf3, 0x3f, 0x9, 0x90, 0xf3,
    0x3f, 0x9, 0x90, 0xf3, 0x3f, 0x9, 0x90, 0xf3,
    0x3f, 0x9, 0x90, 0xf3, 0x3f, 0x9, 0x90, 0xf3,
    0x3f, 0x9, 0x90, 0xf3, 0x3f, 0x3a, 0xa3, 0xf3,
    0x3f, 0xff, 0xff, 0xf3,

    /* U+0449 "щ" */
    0x3f, 0x9, 0x90, 0xf3, 0x3f, 0x9, 0x90, 0xf3,
    0x3f, 0x9, 0x90, 0xf3, 0x3f, 0x9, 0x90, 0xf3,
    0x3f, 0x9, 0x90, 0xf3, 0x3f, 0x9, 0x90, 0xf3,
    0x3f, 0x9, 0x90, 0xf3, 0x3f, 0x3a, 0xa3, 0xf5,
    0x3f, 0xff, 0xff, 0xff, 0x0, 0x0, 0x0, 0x2f,
    0x0, 0x0, 0x0, 0x2f, 0x0, 0x0, 0x0, 0x1a,

    /* U+044A "ъ" */
    0x9f, 0xf2, 0x0, 0x0, 0x14, 0xf2, 0x0, 0x0,
    0x1, 0xf2, 0x0, 0x0, 0x1, 0xf2, 0x0, 0x0,
    0x1, 0xff, 0xfd, 0x40, 0x1, 0xf5, 0x39, 0xe0,
    0x1, 0xf2, 0x2, 0xf1, 0x1, 0xf5, 0x39, 0xe0,
    0x1, 0xff, 0xfd, 0x40,

    /* U+044B "ы" */
    0x3f, 0x0, 0x0, 0xf3, 0x3f, 0x0, 0x0, 0xf3,
    0x3f, 0x0, 0x0, 0xf3, 0x3f, 0x0, 0x0, 0xf3,
    0x3f, 0xfd, 0x40, 0xf3, 0x3f, 0x28, 0xe0, 0xf3,
    0x3f, 0x1, 0xf0, 0xf3, 0x3f, 0x17, 0xe0, 0xf3,
    0x3f, 0xfe, 0x40, 0xf3,

    /* U+044C "ь" */
    0xf4, 0x0, 0x0, 0xf, 0x40, 0x0, 0x0, 0xf4,
    0x0, 0x0, 0xf, 0x40, 0x0, 0x0, 0xff, 0xff,
    0xd3, 0xf, 0x63, 0x3a, 0xe0, 0xf4, 0x0, 0x2f,
    0x1f, 0x63, 0x3a, 0xe0, 0xff, 0xff, 0xd3, 0x0,

    /* U+044D "э" */
    0x0, 0xaf, 0xfa, 0x0, 0x9, 0xe5, 0x4d, 0xa0,
    0xe, 0x50, 0x5, 0xf0, 0x3, 0x0, 0x2, 0xf1,
    0x0, 0xe, 0xff, 0xf1, 0x0, 0x2, 0x34, 0xf1,
    0xf, 0x50, 0x4, 0xf0, 0xa, 0xd4, 0x4d, 0xa0,
    0x0, 0xaf, 0xfa, 0x0,

    /* U+044E "ю" */
    0x3f, 0x4, 0xee, 0x60, 0x3f, 0xd, 0x63, 0xf0,
    0x3f, 0xf, 0x20, 0xf2, 0x3f, 0xf, 0x20, 0xf3,
    0x3f, 0xff, 0x20, 0xf3, 0x3f, 0x2f, 0x20, 0xf3,
    0x3f, 0xf, 0x20, 0xf2, 0x3f, 0xe, 0x75, 0xf0,
    0x3f, 0x4, 0xee, 0x60,

    /* U+044F "я" */
    0x3, 0xdf, 0xff, 0xf0, 0xea, 0x33, 0x6f, 0x1f,
    0x20, 0x4, 0xf0, 0xe7, 0x0, 0x4f, 0x5, 0xff,
    0xff, 0xf0, 0x6, 0xf3, 0x6f, 0x0, 0xe7, 0x4,
    0xf0, 0x8e, 0x0, 0x4f, 0x1f, 0x50, 0x4, 0xf0,

    /* U+0451 "ё" */
    0x6, 0xf3, 0x3f, 0x60, 0x7, 0xf4, 0x4f, 0x70,
    0x0, 0x10, 0x1, 0x0, 0x0, 0x0, 0x0, 0x0,
    0x0, 0xaf, 0xf9, 0x0, 0xa, 0xd4, 0x4d, 0xa0,
    0xf, 0x40, 0x5, 0xf0, 0x1f, 0x20, 0x2, 0xf1,
    0x1f, 0xff, 0xff, 0xf1, 0x1f, 0x43, 0x33, 0x30,
    0xf, 0x40, 0x2, 0x80, 0xa, 0xd4, 0x4b, 0xc0,
    0x0, 0xaf, 0xfb, 0x20,

    /* U+2022 "•" */
    0x0, 0x0, 0x0, 0x9, 0xff, 0x90, 0x4f, 0xff,
    0xf3, 0x6f, 0xff, 0xf6, 0x3f, 0xff, 0xf3, 0x7,
    0xee, 0x70,

    /* U+2212 "−" */
    0xff, 0xff, 0xff, 0x11, 0x11, 0x11,

    /* U+E257 "" */
    0x0, 0x0, 0x0, 0x4, 0x0, 0x0, 0x0, 0x0,
    0x0, 0x0, 0x18, 0xef, 0xf9, 0x20, 0x0, 0x0,
    0x0, 0x3a, 0xff, 0xff, 0xff, 0xfb, 0x50, 0x0,
    0x6d, 0xff, 0xff, 0xff, 0xff, 0xff, 0xfe, 0x70,
    0x29, 0xff, 0xff, 0xff, 0xff, 0xff, 0xfa, 0x30,
    0x0, 0x6, 0xdf, 0xff, 0xff, 0xe8, 0x10, 0x0,
    0x8c, 0x60, 0x4, 0xaf, 0xc5, 0x0, 0x4b, 0xa0,
    0x6, 0xce, 0x82, 0x0, 0x1, 0x7e, 0xd7, 0x10,
    0x13, 0x3, 0xaf, 0xb8, 0xaf, 0xb4, 0x2, 0x20,
    0x7e, 0xd6, 0x1, 0x7c, 0x82, 0x5, 0xbf, 0x90,
    0x0, 0x5c, 0xf9, 0x20, 0x17, 0xed, 0x71, 0x0,
    0x0, 0x0, 0x3a, 0xfe, 0xfb, 0x40, 0x0, 0x0,
    0x0, 0x0, 0x0, 0x16, 0x20, 0x0, 0x0, 0x0,

    /* U+E690 "" */
    0x0, 0x4, 0x10, 0x0, 0x0, 0x0, 0x0, 0x0,
    0xbf, 0xe1, 0x0, 0x0, 0x0, 0x0, 0xc7, 0xff,
    0xf6, 0xdd, 0xdd, 0xdd, 0xdb, 0x95, 0xff, 0xf6,
    0xaa, 0xaa, 0xaa, 0xa8, 0x0, 0x9f, 0xd0, 0x0,
    0x0, 0x0, 0x0, 0x0, 0x1, 0x0, 0x0, 0x5,
    0x92, 0x0, 0x12, 0x22, 0x22, 0x22, 0x3f, 0xfd,
    0x11, 0xff, 0xff, 0xff, 0xff, 0x7f, 0xff, 0x9e,
    0x46, 0x66, 0x66, 0x66, 0x5f, 0xfe, 0x34, 0x0,
    0x0, 0x0, 0x0, 0x9, 0xc5, 0x0, 0x0, 0x0,
    0x1d, 0xf6, 0x0, 0x0, 0x0, 0x79, 0x99, 0x7f,
    0xfd, 0x69, 0x99, 0x97, 0xdf, 0xff, 0x8f, 0xfd,
    0xaf, 0xff, 0xfd, 0x0, 0x0, 0x3f, 0xfa, 0x0,
    0x0, 0x0, 0x0, 0x0, 0x3, 0x50, 0x0, 0x0,
    0x0,

    /* U+E70F "" */
    0x0, 0x0, 0x0, 0x0, 0x13, 0x68, 0x40, 0x14,
    0x68, 0x3c, 0xff, 0xff, 0xf7, 0xff, 0xff, 0xf5,
    0xff, 0xff, 0xff, 0x7f, 0xff, 0xff, 0x5f, 0xff,
    0xff, 0xf7, 0xff, 0xff, 0xf5, 0xff, 0xff, 0xff,
    0x7f, 0xff, 0xff, 0x5f, 0xff, 0xff, 0xf7, 0x88,
    0x77, 0x72, 0x66, 0x55, 0x55, 0x2f, 0xff, 0xff,
    0x6f, 0xff, 0xff, 0xf7, 0xff, 0xff, 0xf6, 0xff,
    0xff, 0xff, 0x7f, 0xff, 0xff, 0x6f, 0xff, 0xff,
    0xf7, 0xff, 0xff, 0xf6, 0xff, 0xff, 0xff, 0x72,
    0x46, 0x9b, 0x5f, 0xff, 0xff, 0xf7, 0x0, 0x0,
    0x0, 0x1, 0x36, 0x8a, 0x50,

    /* U+E711 "" */
    0x0, 0x0, 0x0, 0x33, 0x0, 0x0, 0x0, 0x0,
    0x5f, 0x50, 0x0, 0x0, 0x0, 0xd, 0xb0, 0x0,
    0x0, 0x16, 0x72, 0x26, 0x85, 0x0, 0x2e, 0xff,
    0xff, 0xff, 0xf7, 0xa, 0xff, 0xff, 0xff, 0xfe,
    0x10, 0xef, 0xff, 0xff, 0xff, 0x80, 0xf, 0xff,
    0xff, 0xff, 0xf8, 0x0, 0xdf, 0xff, 0xff, 0xff,
    0xd0, 0x9, 0xff, 0xff, 0xff, 0xff, 0xc0, 0x2f,
    0xff, 0xff, 0xff, 0xfa, 0x0, 0x8f, 0xff, 0xff,
    0xff, 0x20, 0x0, 0x9c, 0x86, 0xac, 0x40, 0x0,

    /* U+EA6D "" */
    0x0, 0x0, 0x0, 0x0, 0x2, 0x0, 0x0, 0x0,
    0x0, 0x0, 0x0, 0x3b, 0xfd, 0xfc, 0x30, 0x0,
    0x0, 0x0, 0x6, 0xd5, 0x0, 0x5, 0xe5, 0x0,
    0x0, 0x0, 0x3e, 0x10, 0x0, 0x0, 0x2e, 0x20,
    0x0, 0x0, 0xa6, 0x0, 0x0, 0x0, 0x7, 0x90,
    0x0, 0x0, 0xe1, 0x0, 0x0, 0x0, 0x2, 0xe0,
    0x0, 0x0, 0xf0, 0x0, 0x0, 0x0, 0x0, 0xf0,
    0x0, 0x0, 0xd2, 0x0, 0x0, 0x0, 0x3, 0xd0,
    0x0, 0x0, 0x88, 0x0, 0x0, 0x0, 0x9, 0x70,
    0x0, 0x0, 0x1e, 0x50, 0x0, 0x0, 0x6d, 0x0,
    0x0, 0x0, 0x2e, 0xea, 0x53, 0x4a, 0xd1, 0x0,
    0x0, 0x1, 0xe5, 0x6, 0xbc, 0xb6, 0x0, 0x0,
    0x0, 0xd, 0x70, 0x0, 0x0, 0x0, 0x0, 0x0,
    0x0, 0xb9, 0x0, 0x0, 0x0, 0x0, 0x0, 0x0,
    0x9, 0xa0, 0x0, 0x0, 0x0, 0x0, 0x0, 0x0,
    0x7c, 0x0, 0x0, 0x0, 0x0, 0x0, 0x0, 0x0,
    0x71, 0x0, 0x0, 0x0, 0x0, 0x0, 0x0, 0x0,

    /* U+EA74 "" */
    0x0, 0x0, 0x0, 0x13, 0x20, 0x0, 0x0, 0x0,
    0x0, 0x4, 0xbc, 0xaa, 0xda, 0x20, 0x0, 0x0,
    0x8, 0xb2, 0x0, 0x0, 0x3c, 0x60, 0x0, 0x8,
    0x90, 0x0, 0x0, 0x0, 0xc, 0x40, 0x2, 0xd0,
    0x0, 0x1, 0x20, 0x0, 0x1e, 0x0, 0x96, 0x0,
    0x0, 0x4a, 0x0, 0x0, 0x96, 0xd, 0x10, 0x0,
    0x1, 0x30, 0x0, 0x5, 0xa0, 0xf0, 0x0, 0x0,
    0x6d, 0x0, 0x0, 0x3c, 0xf, 0x10, 0x0, 0x6,
    0xd0, 0x0, 0x4, 0xb0, 0xc5, 0x0, 0x0, 0x6d,
    0x0, 0x0, 0x98, 0x7, 0xc0, 0x0, 0x5, 0xa0,
    0x0, 0x1e, 0x30, 0xe, 0x70, 0x0, 0x0, 0x0,
    0xb, 0xb0, 0x0, 0x3f, 0x90, 0x0, 0x0, 0x1b,
    0xd1, 0x0, 0x0, 0x3d, 0xea, 0x77, 0xaf, 0xb1,
    0x0, 0x0, 0x0, 0x5, 0x9b, 0xb9, 0x30, 0x0,
    0x0,

    /* U+EA9A "" */
    0x0, 0x0, 0x3, 0x0, 0x0, 0x0, 0x0, 0x0,
    0xf0, 0x0, 0x0, 0x0, 0x0, 0xf, 0x0, 0x0,
    0x0, 0x0, 0x0, 0xf0, 0x0, 0x0, 0x0, 0x0,
    0xf, 0x0, 0x0, 0x0, 0x0, 0x0, 0xf0, 0x0,
    0x0, 0x0, 0x0, 0xf, 0x0, 0x0, 0x8, 0x50,
    0x0, 0xf0, 0x0, 0x48, 0x3e, 0x40, 0xf, 0x0,
    0x4e, 0x30, 0x3e, 0x40, 0xf0, 0x4e, 0x30, 0x0,
    0x2e, 0x4f, 0x4e, 0x30, 0x0, 0x0, 0x2e, 0xfe,
    0x30, 0x0, 0x0, 0x0, 0x2b, 0x30, 0x0, 0x0,

    /* U+EA9B "" */
    0x0, 0x0, 0x0, 0x0, 0x0, 0x0, 0x0, 0x0,
    0xa, 0x70, 0x0, 0x0, 0x0, 0x0, 0x9, 0xc0,
    0x0, 0x0, 0x0, 0x0, 0x9, 0xc0, 0x0, 0x0,
    0x0, 0x0, 0x9, 0xc0, 0x0, 0x0, 0x0, 0x0,
    0x9, 0xe4, 0x44, 0x44, 0x44, 0x44, 0x40, 0xee,
    0xbb, 0xbb, 0xbb, 0xbb, 0xbb, 0x2, 0xe5, 0x0,
    0x0, 0x0, 0x0, 0x0, 0x2, 0xe5, 0x0, 0x0,
    0x0, 0x0, 0x0, 0x2, 0xe6, 0x0, 0x0, 0x0,
    0x0, 0x0, 0x2, 0xe5, 0x0, 0x0, 0x0, 0x0,
    0x0, 0x2, 0x20, 0x0, 0x0, 0x0,

    /* U+EA9C "" */
    0x0, 0x0, 0x0, 0x0, 0x0, 0x0, 0x0, 0x0,
    0x0, 0x7, 0x80, 0x0, 0x0, 0x0, 0x0, 0x0,
    0x1d, 0x80, 0x0, 0x0, 0x0, 0x0, 0x0, 0x1d,
    0x80, 0x0, 0x0, 0x0, 0x0, 0x0, 0x1d, 0x90,
    0x2, 0x22, 0x22, 0x22, 0x22, 0x3e, 0x90, 0xcc,
    0xcc, 0xcc, 0xcc, 0xcc, 0xef, 0x0, 0x0, 0x0,
    0x0, 0x0, 0x4e, 0x40, 0x0, 0x0, 0x0, 0x0,
    0x4e, 0x30, 0x0, 0x0, 0x0, 0x0, 0x4e, 0x30,
    0x0, 0x0, 0x0, 0x0, 0x4e, 0x30, 0x0, 0x0,
    0x0, 0x0, 0x3, 0x30, 0x0, 0x0,

    /* U+EAA1 "" */
    0x0, 0x0, 0x3, 0x0, 0x0, 0x0, 0x0, 0x9,
    0xf9, 0x0, 0x0, 0x0, 0x9, 0xcf, 0xc9, 0x0,
    0x0, 0x9, 0xc0, 0xf1, 0xc9, 0x0, 0x9, 0xc0,
    0xf, 0x1, 0xc9, 0x8, 0xc0, 0x0, 0xf0, 0x1,
    0xc8, 0x31, 0x0, 0xf, 0x0, 0x1, 0x30, 0x0,
    0x0, 0xf0, 0x0, 0x0, 0x0, 0x0, 0xf, 0x0,
    0x0, 0x0, 0x0, 0x0, 0xf0, 0x0, 0x0, 0x0,
    0x0, 0xf, 0x0, 0x0, 0x0, 0x0, 0x0, 0xf0,
    0x0, 0x0, 0x0, 0x0, 0xb, 0x0, 0x0, 0x0,

    /* U+EB01 "" */
    0x0, 0x2, 0x9d, 0xed, 0x92, 0x0, 0x0, 0x0,
    0x7f, 0xaf, 0x28, 0xed, 0x70, 0x0, 0x8, 0xd2,
    0x98, 0x0, 0xf2, 0xa8, 0x0, 0x3f, 0x20, 0xe2,
    0x0, 0xa6, 0xd, 0x30, 0xaf, 0xff, 0xff, 0xff,
    0xff, 0xff, 0xa0, 0xd3, 0x14, 0xc1, 0x11, 0x5c,
    0x12, 0xe0, 0xf1, 0x3, 0xc0, 0x0, 0x4b, 0x0,
    0xf0, 0xe2, 0x1, 0xe0, 0x0, 0x59, 0x1, 0xe0,
    0xaf, 0xff, 0xff, 0xff, 0xff, 0xff, 0xb0, 0x4f,
    0x10, 0x98, 0x12, 0xf2, 0xd, 0x40, 0x9, 0xc1,
    0x3e, 0x7, 0xb0, 0x99, 0x0, 0x0, 0x9e, 0x7b,
    0xbf, 0x6c, 0x90, 0x0, 0x0, 0x4, 0xae, 0xfe,
    0xa4, 0x0, 0x0, 0x0, 0x0, 0x0, 0x0, 0x0,
    0x0, 0x0,

    /* U+EB05 "" */
    0x0, 0x59, 0x71, 0x0, 0x17, 0x85, 0x0, 0xc,
    0xc7, 0x9e, 0x55, 0xe9, 0x7c, 0xb0, 0x98, 0x0,
    0x3, 0xee, 0x20, 0x0, 0xa9, 0xe0, 0x0, 0x0,
    0x22, 0x0, 0x0, 0x2e, 0xf0, 0x0, 0x0, 0x0,
    0x0, 0x0, 0x1f, 0xc5, 0x0, 0x0, 0x0, 0x0,
    0x0, 0x7b, 0x3e, 0x30, 0x0, 0x0, 0x0, 0x4,
    0xe2, 0x4, 0xe4, 0x0, 0x0, 0x0, 0x4e, 0x30,
    0x0, 0x4e, 0x40, 0x0, 0x4, 0xe3, 0x0, 0x0,
    0x4, 0xe4, 0x0, 0x4e, 0x30, 0x0, 0x0, 0x0,
    0x4e, 0x44, 0xe3, 0x0, 0x0, 0x0, 0x0, 0x4,
    0xee, 0x30, 0x0, 0x0, 0x0, 0x0, 0x0, 0x43,
    0x0, 0x0, 0x0,

    /* U+EB06 "" */
    0x0, 0x0, 0x0, 0x76, 0x0, 0x0, 0x0, 0x0,
    0x0, 0xa, 0xcd, 0x80, 0x0, 0x0, 0x0, 0x0,
    0xbb, 0x1, 0xc9, 0x0, 0x0, 0x0, 0x1c, 0xa0,
    0x0, 0xb, 0xb0, 0x0, 0x2, 0xd8, 0x0, 0x0,
    0x0, 0xac, 0x10, 0x2e, 0xe0, 0x0, 0x0, 0x0,
    0x1f, 0xd1, 0x67, 0xe0, 0x0, 0x0, 0x0, 0x1f,
    0x74, 0x1, 0xe0, 0x0, 0x0, 0x0, 0x1f, 0x0,
    0x1, 0xe0, 0xe, 0xff, 0xd0, 0x1f, 0x0, 0x1,
    0xe0, 0xe, 0x1, 0xf0, 0x1f, 0x0, 0x1, 0xe0,
    0xe, 0x1, 0xf0, 0x1f, 0x0, 0x1, 0xe0, 0xe,
    0x1, 0xf0, 0x1f, 0x0, 0x0, 0xdf, 0xfc, 0x0,
    0xdf, 0xfc, 0x0,

    /* U+EB1C "" */
    0x23, 0x33, 0x33, 0x33, 0x33, 0x33, 0x32, 0xff,
    0xcc, 0xcc, 0xcc, 0xcc, 0xcc, 0xff, 0xfb, 0xc1,
    0x0, 0x0, 0x0, 0x1c, 0xbf, 0xf0, 0x7e, 0x40,
    0x0, 0x4, 0xe7, 0xf, 0xf0, 0x3, 0xe7, 0x0,
    0x7e, 0x40, 0xf, 0xf0, 0x0, 0x1c, 0xbb, 0xc1,
    0x0, 0xf, 0xf0, 0x0, 0x0, 0x88, 0x0, 0x0,
    0xf, 0xf0, 0x0, 0x0, 0x0, 0x0, 0x0, 0xf,
    0xf0, 0x0, 0x0, 0x0, 0x0, 0x0, 0xf, 0xf3,
    0x33, 0x33, 0x33, 0x33, 0x33, 0x3f, 0xac, 0xcc,
    0xcc, 0xcc, 0xcc, 0xcc, 0xca,

    /* U+EEE8 "" */
    0x0, 0x0, 0x0, 0x7, 0x60, 0x0, 0x0, 0x0,
    0x0, 0x0, 0x0, 0xaf, 0xd0, 0x0, 0x0, 0x0,
    0x0, 0x0, 0xb, 0xff, 0xe0, 0x0, 0x0, 0x0,
    0x0, 0x12, 0xcf, 0xff, 0xe0, 0x0, 0x0, 0x0,
    0x7f, 0xff, 0xff, 0xff, 0xe0, 0x3f, 0x30, 0x8d,
    0xff, 0xff, 0xff, 0xff, 0xe0, 0xa, 0xfa, 0xf5,
    0xff, 0xff, 0xff, 0xff, 0xe0, 0x0, 0xdf, 0x80,
    0xff, 0xff, 0xff, 0xff, 0xe0, 0x9, 0xfc, 0xf3,
    0x9f, 0xff, 0xff, 0xff, 0xe0, 0x4f, 0x50, 0xae,
    0x2, 0x34, 0xef, 0xff, 0xe0, 0x1, 0x0, 0x1,
    0x0, 0x0, 0x1d, 0xff, 0xe0, 0x0, 0x0, 0x0,
    0x0, 0x0, 0x0, 0xbf, 0xd0, 0x0, 0x0, 0x0,
    0x0, 0x0, 0x0, 0x9, 0x70, 0x0, 0x0, 0x0,

    /* U+EFBA "" */
    0x0, 0x4a, 0xc1, 0xda, 0x50, 0x0, 0x8, 0xff,
    0xf1, 0xff, 0xfa, 0x0, 0x5f, 0xff, 0xf1, 0xff,
    0xff, 0x70, 0xcf, 0xff, 0xf1, 0xff, 0xff, 0xe0,
    0xff, 0xff, 0xf1, 0xff, 0xff, 0xf0, 0xbb, 0xbb,
    0xb0, 0xbb, 0xbb, 0xb0, 0x66, 0x66, 0x66, 0x66,
    0x66, 0x60, 0xff, 0xff, 0xff, 0xff, 0xff, 0xf1,
    0xff, 0xff, 0xff, 0xff, 0xff, 0xf1, 0xff, 0xff,
    0xff, 0xff, 0xff, 0xf1, 0xff, 0xff, 0xff, 0xff,
    0xff, 0xf0, 0xdf, 0xff, 0xff, 0xff, 0xff, 0xe0,
    0x7f, 0xff, 0xff, 0xff, 0xff, 0x80, 0xb, 0xff,
    0xff, 0xff, 0xfc, 0x0, 0x0, 0x6c, 0xff, 0xfd,
    0x70, 0x0,

    /* U+F021 "" */
    0x0, 0x0, 0x38, 0xaa, 0x82, 0x0, 0x21, 0x0,
    0x1b, 0xff, 0xff, 0xff, 0x90, 0xec, 0x1, 0xdf,
    0xc5, 0x22, 0x6d, 0xfc, 0xfd, 0xa, 0xfa, 0x0,
    0x0, 0x1, 0xcf, 0xfd, 0x1f, 0xe0, 0x0, 0x0,
    0x1f, 0xff, 0xfd, 0xb, 0x40, 0x0, 0x0, 0x1b,
    0xcc, 0xc7, 0x0, 0x0, 0x0, 0x0, 0x0, 0x0,
    0x0, 0x8b, 0xbb, 0x90, 0x0, 0x0, 0x2, 0x50,
    0xff, 0xff, 0xe0, 0x0, 0x0, 0xe, 0xf0, 0xff,
    0xf9, 0x0, 0x0, 0x0, 0x9f, 0xa0, 0xff, 0xff,
    0x91, 0x0, 0x1a, 0xfe, 0x10, 0xfc, 0x3e, 0xff,
    0xdd, 0xff, 0xd2, 0x0, 0x21, 0x1, 0x8d, 0xff,
    0xd7, 0x0, 0x0, 0x0, 0x0, 0x0, 0x0, 0x0,
    0x0, 0x0,

    /* U+F027 "" */
    0x0, 0x0, 0x0, 0x0, 0x0, 0x0, 0x0, 0x0,
    0x0, 0xad, 0x0, 0x0, 0x0, 0x0, 0x1c, 0xff,
    0x0, 0x0, 0x0, 0x1, 0xdf, 0xff, 0x0, 0x0,
    0x5c, 0xdf, 0xff, 0xff, 0x3, 0x20, 0xff, 0xff,
    0xff, 0xff, 0x7, 0xd0, 0xff, 0xff, 0xff, 0xff,
    0x1, 0xf2, 0xff, 0xff, 0xff, 0xff, 0x6, 0xe0,
    0x7e, 0xff, 0xff, 0xff, 0x4, 0x30, 0x0, 0x3,
    0xef, 0xff, 0x0, 0x0, 0x0, 0x0, 0x2d, 0xff,
    0x0, 0x0, 0x0, 0x0, 0x1, 0xce, 0x0, 0x0,
    0x0, 0x0, 0x0, 0x1, 0x0, 0x0,

    /* U+F028 "" */
    0x0, 0x0, 0x0, 0x0, 0x0, 0x0, 0x0, 0x0,
    0x0, 0x0, 0x0, 0xad, 0x0, 0x0, 0xab, 0x0,
    0x0, 0x0, 0x1c, 0xff, 0x0, 0x2, 0x1d, 0xa0,
    0x0, 0x1, 0xdf, 0xff, 0x0, 0x1f, 0x52, 0xf3,
    0x5c, 0xdf, 0xff, 0xff, 0x3, 0x25, 0xe0, 0xaa,
    0xff, 0xff, 0xff, 0xff, 0x7, 0xd0, 0xe5, 0x5d,
    0xff, 0xff, 0xff, 0xff, 0x1, 0xf2, 0xc6, 0x3f,
    0xff, 0xff, 0xff, 0xff, 0x6, 0xe0, 0xd5, 0x5e,
    0x7e, 0xff, 0xff, 0xff, 0x4, 0x34, 0xf1, 0x9a,
    0x0, 0x3, 0xef, 0xff, 0x0, 0xe, 0x71, 0xf4,
    0x0, 0x0, 0x2d, 0xff, 0x0, 0x4, 0xc, 0xb0,
    0x0, 0x0, 0x1, 0xce, 0x0, 0x0, 0xad, 0x10,
    0x0, 0x0, 0x0, 0x1, 0x0, 0x0, 0x20, 0x0,

    /* U+F03E "" */
    0x4e, 0xff, 0xff, 0xff, 0xff, 0xff, 0xfd, 0x4e,
    0xb7, 0x77, 0x77, 0x77, 0x77, 0x77, 0xcd, 0xf6,
    0x0, 0x0, 0x0, 0x0, 0x0, 0x7, 0xef, 0x60,
    0xdf, 0x40, 0x0, 0x0, 0x0, 0x7e, 0xf6, 0x2f,
    0xf7, 0x0, 0x0, 0x0, 0x7, 0xef, 0x60, 0x68,
    0x10, 0x3, 0x10, 0x0, 0x7e, 0xf6, 0x0, 0x0,
    0x3, 0xfd, 0x0, 0x7, 0xef, 0x60, 0x16, 0x1,
    0xef, 0xfa, 0x0, 0x7e, 0xf6, 0xa, 0xf7, 0xbf,
    0xff, 0xf7, 0x7, 0xef, 0x66, 0xff, 0xff, 0xff,
    0xff, 0xf3, 0x7e, 0xf8, 0xff, 0xff, 0xff, 0xff,
    0xff, 0xe9, 0xee, 0xff, 0xff, 0xff, 0xff, 0xff,
    0xff, 0xfd, 0x5f, 0xff, 0xff, 0xff, 0xff, 0xff,
    0xfe, 0x50, 0x0, 0x0, 0x0, 0x0, 0x0, 0x0,
    0x0,

    /* U+F058 "" */
    0x0, 0x0, 0x39, 0xbc, 0xb8, 0x20, 0x0, 0x0,
    0x1, 0xbf, 0xff, 0xff, 0xff, 0x80, 0x0, 0x1,
    0xdf, 0xff, 0xff, 0xff, 0xff, 0xb0, 0x0, 0xcf,
    0xff, 0xff, 0xff, 0xff, 0xff, 0x80, 0x5f, 0xff,
    0xff, 0xff, 0xff, 0xff, 0xff, 0x1b, 0xff, 0xff,
    0xff, 0xff, 0x65, 0xff, 0xf7, 0xef, 0xff, 0xff,
    0xff, 0x60, 0xaf, 0xff, 0xaf, 0xff, 0xf0, 0x7f,
    0x60, 0xaf, 0xff, 0xfb, 0xef, 0xff, 0x90, 0x20,
    0xaf, 0xff, 0xff, 0xab, 0xff, 0xff, 0x90, 0xaf,
    0xff, 0xff, 0xf7, 0x6f, 0xff, 0xff, 0xff, 0xff,
    0xff, 0xff, 0x20, 0xdf, 0xff, 0xff, 0xff, 0xff,
    0xff, 0x90, 0x2, 0xef, 0xff, 0xff, 0xff, 0xff,
    0xc0, 0x0, 0x2, 0xcf, 0xff, 0xff, 0xff, 0xa0,
    0x0, 0x0, 0x0, 0x5b, 0xde, 0xda, 0x40, 0x0,
    0x0,

    /* U+F0C4 "" */
    0x3, 0xac, 0x81, 0x0, 0x0, 0x0, 0x0, 0x4,
    0xff, 0xff, 0xd0, 0x0, 0x0, 0x5d, 0xd3, 0xcf,
    0x51, 0xaf, 0x60, 0x0, 0x5f, 0xff, 0x4f, 0xe0,
    0x4, 0xf9, 0x0, 0x4f, 0xff, 0x50, 0xcf, 0x73,
    0xbf, 0x80, 0x4f, 0xff, 0x50, 0x3, 0xff, 0xff,
    0xff, 0x7f, 0xff, 0x50, 0x0, 0x2, 0x8a, 0x9f,
    0xff, 0xff, 0x50, 0x0, 0x0, 0x0, 0x0, 0x9f,
    0xff, 0x50, 0x0, 0x0, 0x1, 0x8a, 0x9f, 0xff,
    0x67, 0x60, 0x0, 0x3, 0xff, 0xff, 0xff, 0x66,
    0xff, 0x50, 0x0, 0xcf, 0x73, 0xcf, 0x80, 0x5f,
    0xff, 0x50, 0xf, 0xe0, 0x4, 0xf9, 0x0, 0x6f,
    0xff, 0x40, 0xdf, 0x30, 0x9f, 0x70, 0x0, 0x6f,
    0xff, 0x35, 0xff, 0xff, 0xe1, 0x0, 0x0, 0x6f,
    0xf4, 0x5, 0xce, 0xa2, 0x0, 0x0, 0x0, 0x0,
    0x0,

    /* U+F0C5 "" */
    0x0, 0x0, 0x9e, 0xff, 0xfe, 0x90, 0x0, 0x0,
    0x3f, 0x86, 0x66, 0x8f, 0x90, 0x0, 0x4, 0xf1,
    0x0, 0x0, 0x6f, 0x80, 0x1, 0x4f, 0x10, 0x0,
    0x0, 0x9e, 0x7f, 0xc4, 0xf1, 0x0, 0x0, 0x7,
    0xef, 0x93, 0x4f, 0x10, 0x0, 0x0, 0x7e, 0xf6,
    0x4, 0xf1, 0x0, 0x0, 0x7, 0xef, 0x60, 0x4f,
    0x10, 0x0, 0x0, 0x7e, 0xf6, 0x4, 0xf1, 0x0,
    0x0, 0x7, 0xef, 0x60, 0x4f, 0x42, 0x22, 0x22,
    0x9e, 0xf6, 0x0, 0xdf, 0xff, 0xff, 0xff, 0x7f,
    0x60, 0x0, 0x34, 0x44, 0x44, 0x20, 0xf6, 0x0,
    0x0, 0x2, 0xd3, 0x0, 0xe, 0xb7, 0x77, 0x77,
    0x9f, 0x20, 0x0, 0x4e, 0xff, 0xff, 0xfe, 0x80,
    0x0, 0x0,

    /* U+F0EA "" */
    0x0, 0x5, 0xc8, 0x0, 0x0, 0x0, 0x0, 0x7,
    0xee, 0xf7, 0xee, 0xea, 0x0, 0x0, 0x0, 0xff,
    0xff, 0x6e, 0xff, 0xf3, 0x0, 0x0, 0xf, 0xff,
    0xff, 0xf7, 0x12, 0x22, 0x10, 0x0, 0xff, 0xff,
    0xfb, 0x4f, 0xff, 0xff, 0x90, 0xf, 0xff, 0xff,
    0x88, 0xff, 0xff, 0xff, 0xa0, 0xff, 0xff, 0xf8,
    0x8f, 0xff, 0xff, 0xff, 0x8f, 0xff, 0xff, 0x88,
    0xff, 0xff, 0xff, 0xfc, 0xff, 0xff, 0xf8, 0x8f,
    0xff, 0xff, 0xff, 0xcf, 0xff, 0xff, 0x88, 0xff,
    0xff, 0xff, 0xfc, 0xff, 0xff, 0xf8, 0x8f, 0xff,
    0xff, 0xff, 0xcf, 0xff, 0xff, 0x88, 0xff, 0xff,
    0xff, 0xfc, 0xaf, 0xff, 0xf8, 0x8f, 0xff, 0xff,
    0xff, 0xc0, 0x11, 0x11, 0x8, 0xff, 0xff, 0xff,
    0xfb, 0x0, 0x0, 0x0, 0x2d, 0xff, 0xff, 0xfe,
    0x50,

    /* U+F100 "" */
    0x0, 0x0, 0x5e, 0x40, 0x0, 0xbc, 0x0, 0x5,
    0xff, 0x30, 0xb, 0xfc, 0x0, 0x5f, 0xf5, 0x0,
    0xbf, 0xc0, 0x5, 0xff, 0x40, 0xb, 0xfc, 0x0,
    0x5f, 0xf4, 0x0, 0xbf, 0xc0, 0x0, 0xff, 0x70,
    0x6, 0xff, 0x10, 0x0, 0x7f, 0xf3, 0x1, 0xdf,
    0xa0, 0x0, 0x7, 0xff, 0x30, 0x1d, 0xfa, 0x0,
    0x0, 0x7f, 0xf3, 0x1, 0xdf, 0xa0, 0x0, 0x7,
    0xff, 0x20, 0x1d, 0xfa, 0x0, 0x0, 0x7f, 0x50,
    0x1, 0xdd, 0x0, 0x0, 0x0, 0x0, 0x0, 0x0,

    /* U+F101 "" */
    0xcb, 0x0, 0x4, 0xe5, 0x0, 0x0, 0xcf, 0xb0,
    0x3, 0xff, 0x50, 0x0, 0xc, 0xfb, 0x0, 0x5f,
    0xf5, 0x0, 0x0, 0xcf, 0xb0, 0x5, 0xff, 0x50,
    0x0, 0xc, 0xfb, 0x0, 0x4f, 0xf5, 0x0, 0x1,
    0xff, 0x60, 0x7, 0xff, 0x0, 0xa, 0xfd, 0x10,
    0x3f, 0xf7, 0x0, 0xaf, 0xd1, 0x3, 0xff, 0x70,
    0xa, 0xfd, 0x10, 0x3f, 0xf7, 0x0, 0xaf, 0xd1,
    0x2, 0xff, 0x70, 0x0, 0xdd, 0x10, 0x5, 0xf7,
    0x0, 0x0, 0x0, 0x0, 0x0, 0x0, 0x0, 0x0,

    /* U+F102 "" */
    0x0, 0x0, 0x4d, 0x50, 0x0, 0x0, 0x0, 0x4,
    0xff, 0xf5, 0x0, 0x0, 0x0, 0x4f, 0xf9, 0xff,
    0x50, 0x0, 0x4, 0xff, 0x60, 0x4f, 0xf5, 0x0,
    0x4f, 0xf6, 0x0, 0x4, 0xff, 0x50, 0xef, 0x60,
    0x4, 0x0, 0x4f, 0xf0, 0x65, 0x0, 0xaf, 0xb0,
    0x4, 0x60, 0x0, 0xa, 0xff, 0xfb, 0x0, 0x0,
    0x0, 0xaf, 0xd2, 0xcf, 0xb0, 0x0, 0xa, 0xfd,
    0x10, 0xc, 0xfb, 0x0, 0xaf, 0xd1, 0x0, 0x0,
    0xcf, 0xb0, 0xdd, 0x10, 0x0, 0x0, 0xc, 0xe0,
    0x0, 0x0, 0x0, 0x0, 0x0, 0x0,

    /* U+F103 "" */
    0xcb, 0x0, 0x0, 0x0, 0xa, 0xd0, 0xcf, 0xb0,
    0x0, 0x0, 0xaf, 0xd0, 0xc, 0xfb, 0x0, 0xa,
    0xfd, 0x10, 0x0, 0xcf, 0xb0, 0xaf, 0xd1, 0x0,
    0x0, 0xc, 0xfe, 0xfd, 0x10, 0x0, 0x43, 0x0,
    0xcf, 0xd1, 0x2, 0x40, 0xff, 0x40, 0x6, 0x10,
    0x3f, 0xf0, 0x6f, 0xf4, 0x0, 0x3, 0xff, 0x70,
    0x6, 0xff, 0x40, 0x3f, 0xf7, 0x0, 0x0, 0x6f,
    0xf7, 0xef, 0x70, 0x0, 0x0, 0x5, 0xff, 0xf7,
    0x0, 0x0, 0x0, 0x0, 0x5f, 0x70, 0x0, 0x0,
    0x0, 0x0, 0x0, 0x0, 0x0, 0x0,

    /* U+F11C "" */
    0x5e, 0xff, 0xff, 0xff, 0xff, 0xff, 0xff, 0xe5,
    0xea, 0x66, 0x66, 0x66, 0x66, 0x66, 0x66, 0xae,
    0xf5, 0x6, 0x5, 0x14, 0x22, 0x50, 0x60, 0x5f,
    0xf5, 0x1e, 0x2c, 0x4a, 0x76, 0xc2, 0xe1, 0x5f,
    0xf5, 0x1, 0x1, 0x0, 0x0, 0x0, 0x10, 0x5f,
    0xf5, 0x1f, 0x2e, 0x5b, 0x87, 0xd3, 0xf1, 0x5f,
    0xf5, 0x3, 0x2, 0x2, 0x11, 0x20, 0x30, 0x5f,
    0xf5, 0x0, 0x4a, 0xaa, 0xaa, 0xa4, 0x0, 0x5f,
    0xf5, 0x0, 0x5b, 0xbb, 0xbb, 0xb5, 0x0, 0x5f,
    0xea, 0x66, 0x66, 0x66, 0x66, 0x66, 0x66, 0xae,
    0x5e, 0xff, 0xff, 0xff, 0xff, 0xff, 0xff, 0xe5,

    /* U+F1EC "" */
    0x3b, 0xdd, 0xdd, 0xdd, 0xdc, 0x40, 0xef, 0xff,
    0xff, 0xff, 0xff, 0xf0, 0xff, 0x20, 0x0, 0x0,
    0x1e, 0xf1, 0xfd, 0x0, 0x0, 0x0, 0xc, 0xf1,
    0xff, 0x20, 0x0, 0x0, 0x1e, 0xf1, 0xff, 0xff,
    0xff, 0xff, 0xff, 0xf1, 0xfe, 0x16, 0xd0, 0xd6,
    0xe, 0xf1, 0xff, 0x59, 0xe5, 0xe9, 0x5f, 0xf1,
    0xff, 0xde, 0xfc, 0xfe, 0xcf, 0xf1, 0xfe, 0x5,
    0xc0, 0xc5, 0xd, 0xf1, 0xff, 0xef, 0xfd, 0xff,
    0xef, 0xf1, 0xff, 0x32, 0x23, 0xe8, 0x3e, 0xf1,
    0xfe, 0x0, 0x0, 0xc6, 0xe, 0xf1, 0xef, 0xfe,
    0xef, 0xff, 0xff, 0xf0, 0x4e, 0xff, 0xff, 0xff,
    0xfe, 0x50,

    /* U+F204 "" */
    0x0, 0x7, 0xbc, 0xcc, 0xcc, 0xcb, 0x70, 0x0,
    0x3, 0xef, 0xff, 0xff, 0xff, 0xff, 0xfe, 0x20,
    0x1e, 0xf8, 0x20, 0x0, 0x0, 0x2, 0x9f, 0xe1,
    0x9f, 0x75, 0xef, 0xc1, 0x0, 0x0, 0x7, 0xf8,
    0xdf, 0x2f, 0xff, 0xfb, 0x0, 0x0, 0x0, 0xfd,
    0xfc, 0x4f, 0xff, 0xff, 0x0, 0x0, 0x0, 0xdf,
    0xee, 0x2f, 0xff, 0xfc, 0x0, 0x0, 0x0, 0xee,
    0xaf, 0x57, 0xff, 0xe3, 0x0, 0x0, 0x6, 0xf9,
    0x2f, 0xf5, 0x13, 0x0, 0x0, 0x0, 0x6f, 0xf2,
    0x5, 0xff, 0xfd, 0xdd, 0xdd, 0xdf, 0xff, 0x40,
    0x0, 0x29, 0xdf, 0xff, 0xff, 0xfd, 0x92, 0x0,

    /* U+F205 "" */
    0x0, 0x6, 0xab, 0xbb, 0xbb, 0xba, 0x60, 0x0,
    0x2, 0xdf, 0xff, 0xff, 0xff, 0xff, 0xfd, 0x20,
    0x1e, 0xff, 0xff, 0xff, 0xff, 0xff, 0xff, 0xe1,
    0x8f, 0xff, 0xff, 0xff, 0xe4, 0x2, 0xbf, 0xf8,
    0xdf, 0xff, 0xff, 0xff, 0x40, 0x0, 0xe, 0xfd,
    0xff, 0xff, 0xff, 0xff, 0x0, 0x0, 0xb, 0xff,
    0xef, 0xff, 0xff, 0xff, 0x30, 0x0, 0xd, 0xfe,
    0xaf, 0xff, 0xff, 0xff, 0xc1, 0x0, 0x8f, 0xf9,
    0x2f, 0xff, 0xff, 0xff, 0xff, 0xce, 0xff, 0xf2,
    0x5, 0xff, 0xff, 0xff, 0xff, 0xff, 0xff, 0x40,
    0x0, 0x29, 0xdf, 0xff, 0xff, 0xfd, 0x92, 0x0,

    /* U+F2D3 "" */
    0x4d, 0xee, 0xee, 0xee, 0xee, 0xec, 0x3e, 0xff,
    0xff, 0xff, 0xff, 0xff, 0xfd, 0xff, 0xff, 0xff,
    0xff, 0xff, 0xff, 0xef, 0xff, 0xff, 0xff, 0xff,
    0xff, 0xfe, 0xff, 0xff, 0x29, 0xf8, 0x2f, 0xff,
    0xef, 0xff, 0xf6, 0x5, 0x8, 0xff, 0xfe, 0xff,
    0xff, 0xf3, 0x4, 0xff, 0xff, 0xef, 0xff, 0xf8,
    0x3, 0x9, 0xff, 0xfe, 0xff, 0xff, 0x7, 0xf6,
    0x1f, 0xff, 0xef, 0xff, 0xff, 0xff, 0xff, 0xff,
    0xfe, 0xff, 0xff, 0xff, 0xff, 0xff, 0xff, 0xee,
    0xff, 0xff, 0xff, 0xff, 0xff, 0xfd, 0x5f, 0xff,
    0xff, 0xff, 0xff, 0xfe, 0x40, 0x0, 0x0, 0x0,
    0x0, 0x0, 0x0,

    /* U+F2EA "" */
    0x41, 0x0, 0x6b, 0xdd, 0xb5, 0x0, 0x0, 0xfd,
    0x4d, 0xff, 0xff, 0xff, 0xc1, 0x0, 0xff, 0xff,
    0xa3, 0x0, 0x3b, 0xfd, 0x0, 0xff, 0xfe, 0x10,
    0x0, 0x0, 0xaf, 0x80, 0xff, 0xff, 0xc0, 0x0,
    0x0, 0xe, 0xe0, 0x8a, 0xaa, 0x80, 0x0, 0x0,
    0x9, 0xf3, 0x0, 0x0, 0x0, 0x0, 0x0, 0x7,
    0xf5, 0x0, 0x0, 0x0, 0x0, 0x0, 0x9, 0xf3,
    0x0, 0x0, 0x0, 0x0, 0x0, 0xe, 0xf0, 0x0,
    0x34, 0x0, 0x0, 0x0, 0x8f, 0x90, 0x0, 0xdf,
    0x81, 0x0, 0x1a, 0xfe, 0x10, 0x0, 0x4f, 0xff,
    0xdd, 0xff, 0xd2, 0x0, 0x0, 0x1, 0x9d, 0xff,
    0xd7, 0x0, 0x0, 0x0, 0x0, 0x0, 0x0, 0x0,
    0x0, 0x0,

    /* U+F2F9 "" */
    0x0, 0x2, 0x9d, 0xec, 0x82, 0x0, 0x51, 0x0,
    0x8f, 0xff, 0xff, 0xff, 0x78, 0xf5, 0x8, 0xfe,
    0x61, 0x1, 0x7f, 0xff, 0xf6, 0x3f, 0xe2, 0x0,
    0x0, 0x9, 0xff, 0xf6, 0xaf, 0x50, 0x0, 0x0,
    0x7f, 0xff, 0xf5, 0xef, 0x0, 0x0, 0x0, 0x5a,
    0xaa, 0x91, 0xfd, 0x0, 0x0, 0x0, 0x0, 0x0,
    0x0, 0xee, 0x0, 0x0, 0x0, 0x0, 0x0, 0x0,
    0xbf, 0x40, 0x0, 0x0, 0x0, 0x0, 0x0, 0x4f,
    0xd1, 0x0, 0x0, 0x1, 0x60, 0x0, 0xa, 0xfd,
    0x40, 0x0, 0x4e, 0xf3, 0x0, 0x0, 0xaf, 0xfe,
    0xde, 0xff, 0x90, 0x0, 0x0, 0x4, 0xbf, 0xfe,
    0xb4, 0x0, 0x0, 0x0, 0x0, 0x0, 0x0, 0x0,
    0x0, 0x0,

    /* U+F4EE "" */
    0x0, 0x0, 0x0, 0x0, 0x20, 0x0, 0x0, 0x0,
    0x0, 0x0, 0x0, 0xee, 0x60, 0x0, 0x0, 0x0,
    0x0, 0x0, 0xcf, 0xf9, 0x0, 0x0, 0x0, 0x0,
    0x0, 0xad, 0x8f, 0x60, 0x0, 0x0, 0x0, 0x0,
    0xbc, 0xb, 0xf0, 0x0, 0x0, 0x0, 0x0, 0xf9,
    0x4, 0xf5, 0x0, 0x0, 0x0, 0x7, 0xf3, 0x0,
    0xf8, 0x0, 0x0, 0x0, 0x4f, 0xa0, 0x0, 0xe9,
    0x21, 0x0, 0x28, 0xfc, 0x0, 0x0, 0xf8, 0xef,
    0xee, 0xff, 0x90, 0x0, 0x5, 0xf4, 0xaf, 0xb8,
    0x61, 0x0, 0x0, 0xd, 0xd0, 0x1e, 0xe2, 0x0,
    0x0, 0x0, 0xbf, 0x40, 0x3, 0xef, 0x94, 0x23,
    0x7e, 0xf5, 0x0, 0x0, 0x1a, 0xff, 0xff, 0xfc,
    0x30, 0x0, 0x0, 0x0, 0x4, 0x54, 0x10, 0x0,
    0x0,

    /* U+F522 "" */
    0x0, 0x0, 0x0, 0x1, 0x0, 0x0, 0x0, 0x0,
    0x0, 0x0, 0x0, 0xd, 0x80, 0x0, 0x0, 0x0,
    0x0, 0x0, 0x0, 0xe, 0x90, 0x0, 0x0, 0x0,
    0x0, 0xbb, 0x0, 0x8, 0x40, 0x1, 0xcb, 0x0,
    0x0, 0x3f, 0x70, 0x26, 0x62, 0x9, 0xf4, 0x0,
    0x0, 0x1, 0x8, 0xff, 0xff, 0x81, 0x10, 0x0,
    0x0, 0x0, 0x7f, 0x92, 0x2a, 0xf6, 0x0, 0x0,
    0x0, 0x0, 0xeb, 0x0, 0x0, 0xcd, 0x0, 0x0,
    0xdf, 0xd0, 0xf7, 0x0, 0x0, 0x8f, 0xd, 0xfd,
    0x57, 0x50, 0xea, 0x0, 0x0, 0xbd, 0x5, 0x74,
    0x0, 0x0, 0x8f, 0x70, 0x8, 0xf7, 0x0, 0x0,
    0x0, 0x0, 0xa, 0xff, 0xff, 0xa0, 0x0, 0x0,
    0x0, 0x1d, 0x80, 0x48, 0x83, 0x9, 0xd1, 0x0,
    0x0, 0xbf, 0x30, 0x1, 0x0, 0x4, 0xfb, 0x0,
    0x0, 0x64, 0x0, 0xd, 0x80, 0x0, 0x46, 0x0,
    0x0, 0x0, 0x0, 0xe, 0x90, 0x0, 0x0, 0x0,
    0x0, 0x0, 0x0, 0x8, 0x40, 0x0, 0x0, 0x0,

    /* U+F01EA "󰇪" */
    0x0, 0x0, 0x0, 0x0, 0x0, 0x0, 0x0, 0xa1,
    0x0, 0x0, 0x0, 0x6, 0xfb, 0x0, 0x0, 0x0,
    0x1f, 0xff, 0x60, 0x0, 0x0, 0xbf, 0xff, 0xf1,
    0x0, 0x6, 0xff, 0xff, 0xfb, 0x0, 0x1f, 0xff,
    0xff, 0xff, 0x60, 0x58, 0x88, 0x88, 0x88, 0x80,
    0x11, 0x11, 0x11, 0x11, 0x10, 0xff, 0xff, 0xff,
    0xff, 0xf5, 0x33, 0x33, 0x33, 0x33, 0x31,

    /* U+F0311 "󰌑" */
    0x0, 0x0, 0x20, 0x0, 0x0, 0x0, 0x0, 0x0,
    0x3, 0xf7, 0x0, 0x0, 0x0, 0xb5, 0x0, 0x3f,
    0xb0, 0x0, 0x0, 0x0, 0xe6, 0x3, 0xfc, 0x11,
    0x11, 0x11, 0x11, 0xe6, 0xe, 0xff, 0xff, 0xff,
    0xff, 0xff, 0xf6, 0x4, 0xfc, 0x33, 0x33, 0x33,
    0x33, 0x31, 0x0, 0x4f, 0x90, 0x0, 0x0, 0x0,
    0x0, 0x0, 0x4, 0xf7, 0x0, 0x0, 0x0, 0x0,
    0x0, 0x0, 0x40, 0x0, 0x0, 0x0, 0x0,

    /* U+F0312 "󰌒" */
    0x0, 0x0, 0x0, 0x0, 0x0, 0x0, 0x13, 0x0,
    0x0, 0x0, 0xa, 0xb0, 0x0, 0x4f, 0x0, 0x0,
    0x0, 0x3, 0xfb, 0x0, 0x4f, 0x0, 0x0, 0x0,
    0x0, 0x3f, 0xb0, 0x4f, 0xdd, 0xdd, 0xdd, 0xdd,
    0xdf, 0xfa, 0x4f, 0x66, 0x66, 0x66, 0x66, 0x7e,
    0xf4, 0x4f, 0x0, 0x0, 0x0, 0x0, 0x9f, 0x40,
    0x4f, 0x0, 0x0, 0x0, 0x9, 0xf4, 0x0, 0x4f,
    0x0, 0x0, 0x0, 0x4, 0x40, 0x0, 0x3c,

    /* U+F0379 "󰍹" */
    0x1, 0x11, 0x11, 0x11, 0x11, 0x11, 0x11, 0xb,
    0xff, 0xff, 0xff, 0xff, 0xff, 0xff, 0xf9, 0xf7,
    0x33, 0x33, 0x33, 0x33, 0x33, 0x38, 0xef, 0x50,
    0x0, 0x0, 0x0, 0x0, 0x0, 0x6e, 0xf5, 0x0,
    0x0, 0x0, 0x0, 0x0, 0x6, 0xef, 0x50, 0x0,
    0x0, 0x0, 0x0, 0x0, 0x6e, 0xf5, 0x0, 0x0,
    0x0, 0x0, 0x0, 0x6, 0xef, 0x50, 0x0, 0x0,
    0x0, 0x0, 0x0, 0x6e, 0xf5, 0x0, 0x0, 0x0,
    0x0, 0x0, 0x6, 0xef, 0x50, 0x0, 0x0, 0x0,
    0x0, 0x0, 0x6e, 0xef, 0xff, 0xff, 0xff, 0xff,
    0xff, 0xff, 0xc1, 0x66, 0x66, 0x6f, 0xfc, 0x66,
    0x66, 0x51, 0x0, 0x0, 0x1, 0xff, 0xb1, 0x0,
    0x0, 0x0, 0x0, 0x4, 0xff, 0xff, 0xf0, 0x0,
    0x0, 0x0, 0x0, 0x13, 0x33, 0x33, 0x0, 0x0,
    0x0,

    /* U+F0387 "󰎇" */
    0x0, 0x0, 0x99, 0x99, 0x0, 0x0, 0xff, 0xff,
    0x0, 0x0, 0xff, 0xff, 0x0, 0x0, 0xf5, 0x0,
    0x0, 0x0, 0xf5, 0x0, 0x0, 0x0, 0xf5, 0x0,
    0x0, 0x0, 0xf5, 0x0, 0x8, 0xca, 0xf5, 0x0,
    0x9f, 0xff, 0xf5, 0x0, 0xef, 0xff, 0xf5, 0x0,
    0xdf, 0xff, 0xf3, 0x0, 0x5f, 0xff, 0xa0, 0x0,
    0x2, 0x64, 0x0, 0x0,

    /* U+F03E4 "󰏤" */
    0x11, 0x0, 0x0, 0x11, 0xff, 0xa0, 0xa, 0xff,
    0xff, 0xa0, 0xa, 0xff, 0xff, 0xa0, 0xa, 0xff,
    0xff, 0xa0, 0xa, 0xff, 0xff, 0xa0, 0xa, 0xff,
    0xff, 0xa0, 0xa, 0xff, 0xff, 0xa0, 0xa, 0xff,
    0xff, 0xa0, 0xa, 0xff, 0xff, 0xa0, 0xa, 0xff,
    0x33, 0x20, 0x2, 0x33,

    /* U+F0425 "󰐥" */
    0x0, 0x0, 0x0, 0x0, 0x0, 0x0, 0x0, 0x4,
    0xf0, 0x0, 0x0, 0x0, 0x20, 0x4f, 0x0, 0x20,
    0x0, 0xae, 0x4, 0xf0, 0x4f, 0x50, 0x5f, 0x30,
    0x4f, 0x0, 0x8f, 0x1c, 0xa0, 0x4, 0xf0, 0x0,
    0xe7, 0xf6, 0x0, 0x4f, 0x0, 0xa, 0xae, 0x60,
    0x3, 0x90, 0x0, 0xba, 0xbb, 0x0, 0x0, 0x0,
    0xf, 0x74, 0xf5, 0x0, 0x0, 0x9, 0xe1, 0x8,
    0xf9, 0x32, 0x5b, 0xf4, 0x0, 0x5, 0xdf, 0xff,
    0xb3, 0x0, 0x0, 0x0, 0x12, 0x10, 0x0, 0x0,

    /* U+F04AD "󰒭" */
    0x0, 0x0, 0x0, 0x13, 0xd2, 0x0, 0x0, 0x5f,
    0xff, 0x70, 0x0, 0x5f, 0xff, 0xfb, 0x10, 0x5f,
    0xff, 0xff, 0xe4, 0x5f, 0xff, 0xff, 0x90, 0x5f,
    0xff, 0xe5, 0x0, 0x5f, 0xfb, 0x10, 0x0, 0x5f,
    0x60, 0x0, 0x0, 0x4c,

    /* U+F04AE "󰒮" */
    0x31, 0x0, 0x0, 0x0, 0xf5, 0x0, 0x0, 0x2d,
    0xf5, 0x0, 0x7, 0xff, 0xf5, 0x1, 0xbf, 0xff,
    0xf5, 0x4e, 0xff, 0xff, 0xf5, 0x9, 0xff, 0xff,
    0xf5, 0x0, 0x4e, 0xff, 0xf5, 0x0, 0x1, 0xbf,
    0xc4, 0x0, 0x0, 0x6,

    /* U+F04B2 "󰒲" */
    0x0, 0x0, 0x0, 0x0, 0x0, 0xbf, 0xff, 0x30,
    0x0, 0x0, 0x0, 0x0, 0x4, 0x6d, 0xf2, 0x0,
    0x0, 0x3, 0x44, 0x40, 0x7, 0xf5, 0x0, 0x0,
    0x0, 0xef, 0xff, 0x24, 0xf7, 0x0, 0x0, 0x0,
    0x0, 0x2e, 0xc0, 0xbf, 0xff, 0x39, 0x99, 0x90,
    0xc, 0xe1, 0x4, 0x66, 0x61, 0xee, 0xff, 0x8,
    0xf5, 0x10, 0x0, 0x0, 0x0, 0x3f, 0x80, 0xef,
    0xff, 0x20, 0x0, 0x0, 0x2e, 0xa0, 0x3, 0x33,
    0x30, 0x0, 0x0, 0xd, 0xf6, 0x60, 0x0, 0x0,
    0x0, 0x0, 0x0, 0xff, 0xff, 0x0, 0x0, 0x0,
    0x0, 0x0, 0x0,

    /* U+F04B3 "󰒳" */
    0x6, 0x0, 0x0, 0x0, 0x0, 0x6, 0x66, 0x51,
    0xdb, 0x0, 0x0, 0x0, 0x1, 0xff, 0xfe, 0x1,
    0xdb, 0x0, 0x0, 0x0, 0x0, 0x5f, 0x60, 0x1,
    0xda, 0x8, 0xff, 0x70, 0x4f, 0x70, 0x0, 0x1,
    0xda, 0x8, 0xf5, 0x1f, 0xea, 0x94, 0x44, 0x41,
    0xda, 0x4, 0x1, 0xbb, 0xba, 0xff, 0xff, 0x4,
    0xfa, 0x0, 0x0, 0x0, 0x0, 0x3f, 0xa0, 0x9f,
    0xfa, 0x0, 0x0, 0x0, 0xd, 0xd0, 0x3, 0x55,
    0xda, 0x0, 0x0, 0xa, 0xf3, 0x10, 0x0, 0x1,
    0xda, 0x0, 0x0, 0xff, 0xff, 0x0, 0x0, 0x1,
    0xda, 0x0, 0x4, 0x44, 0x40, 0x0, 0x0, 0x1,
    0xd9, 0x0, 0x0, 0x0, 0x0, 0x0, 0x0, 0x1,
    0x30, 0x0,

    /* U+F04DB "󰓛" */
    0x33, 0x33, 0x33, 0x33, 0xff, 0xff, 0xff, 0xff,
    0xff, 0xff, 0xff, 0xff, 0xff, 0xff, 0xff, 0xff,
    0xff, 0xff, 0xff, 0xff, 0xff, 0xff, 0xff, 0xff,
    0xff, 0xff, 0xff, 0xff, 0xff, 0xff, 0xff, 0xff,
    0xcc, 0xcc, 0xcc, 0xcc,

    /* U+F0634 "󰘴" */
    0x0, 0x0, 0x3, 0x0, 0x0, 0x0, 0x0, 0xc,
    0xf3, 0x0, 0x0, 0x0, 0xc, 0xeb, 0xf3, 0x0,
    0x0, 0xc, 0xe2, 0xb, 0xf3, 0x0, 0xc, 0xe2,
    0x0, 0xa, 0xf3, 0xb, 0xe2, 0x0, 0x0, 0xa,
    0xf2, 0x32, 0x0, 0x0, 0x0, 0x5, 0x0,

    /* U+F0635 "󰘵" */
    0xff, 0xff, 0x40, 0xa, 0xff, 0xff, 0x66, 0x6c,
    0xc0, 0x4, 0x66, 0x66, 0x0, 0x3, 0xf4, 0x0,
    0x0, 0x0, 0x0, 0x0, 0xcc, 0x0, 0x0, 0x0,
    0x0, 0x0, 0x4f, 0x40, 0x0, 0x0, 0x0, 0x0,
    0xc, 0xc0, 0x0, 0x0, 0x0, 0x0, 0x4, 0xf3,
    0x0, 0x0, 0x0, 0x0, 0x0, 0xcb, 0x0, 0x0,
    0x0, 0x0, 0x0, 0x4f, 0x30, 0x0, 0x0, 0x0,
    0x0, 0xc, 0xc6, 0x66, 0x0, 0x0, 0x0, 0x5,
    0xff, 0xff,

    /* U+F0636 "󰘶" */
    0x0, 0x0, 0x0, 0x7, 0x0, 0x0, 0x0, 0x0,
    0x0, 0x0, 0xb, 0xfb, 0x0, 0x0, 0x0, 0x0,
    0x0, 0xb, 0xf6, 0xfb, 0x0, 0x0, 0x0, 0x0,
    0xb, 0xe3, 0x3, 0xeb, 0x0, 0x0, 0x0, 0xb,
    0xe3, 0x0, 0x3, 0xeb, 0x0, 0x0, 0xb, 0xf9,
    0x20, 0x0, 0x29, 0xfb, 0x0, 0xa, 0xff, 0xf7,
    0x0, 0x6, 0xff, 0xfb, 0x0, 0x0, 0xe, 0x70,
    0x0, 0x6e, 0x0, 0x0, 0x0, 0x0, 0xe7, 0x0,
    0x6, 0xe0, 0x0, 0x0, 0x0, 0xe, 0xa6, 0x66,
    0xae, 0x0, 0x0, 0x0, 0x0, 0xdf, 0xff, 0xff,
    0xe0, 0x0, 0x0,

    /* U+F0B5C "󰭜" */
    0x0, 0x0, 0x56, 0x66, 0x66, 0x66, 0x66, 0x61,
    0x0, 0x9, 0xff, 0xff, 0xff, 0xff, 0xff, 0xfd,
    0x0, 0x4f, 0x40, 0x0, 0x0, 0x0, 0x0, 0x5f,
    0x1, 0xe9, 0x0, 0x54, 0x0, 0x7, 0x10, 0x5f,
    0xa, 0xd0, 0x0, 0x9f, 0x40, 0x8f, 0x40, 0x5f,
    0x5f, 0x30, 0x0, 0x9, 0xfb, 0xf5, 0x0, 0x5f,
    0xdb, 0x0, 0x0, 0x0, 0xdf, 0x80, 0x0, 0x5f,
    0x5f, 0x30, 0x0, 0x9, 0xfb, 0xf5, 0x0, 0x5f,
    0xa, 0xd0, 0x0, 0x9f, 0x40, 0x8f, 0x40, 0x5f,
    0x1, 0xe9, 0x0, 0x54, 0x0, 0x7, 0x10, 0x5f,
    0x0, 0x4f, 0x40, 0x0, 0x0, 0x0, 0x0, 0x5f,
    0x0, 0x9, 0xff, 0xff, 0xff, 0xff, 0xff, 0xfe,
    0x0, 0x0, 0x56, 0x66, 0x66, 0x66, 0x66, 0x61,

    /* U+F0BEA "󰯪" */
    0x0, 0x0, 0x0, 0x37, 0x0, 0x0, 0x0, 0x0,
    0x0, 0x0, 0x6, 0xe0, 0x0, 0x0, 0x0, 0x1,
    0xb1, 0x0, 0x36, 0x0, 0x1b, 0x10, 0x0, 0x1c,
    0xb1, 0x8c, 0xc8, 0x1a, 0xd1, 0x0, 0x0, 0x12,
    0xee, 0x88, 0xee, 0x21, 0x0, 0x0, 0x0, 0xae,
    0x10, 0x1, 0xea, 0x0, 0x0, 0x11, 0xe, 0x70,
    0x0, 0x7, 0xf0, 0x11, 0xf, 0xf0, 0xf5, 0x0,
    0x0, 0x5f, 0xf, 0xf0, 0x33, 0xf, 0x50, 0x0,
    0x5, 0xf0, 0x33, 0x0, 0x0, 0xf5, 0x0, 0x0,
    0x5f, 0x0, 0x0, 0x0, 0xf, 0x50, 0x0, 0x5,
    0xf0, 0x0, 0x0, 0x0, 0xfe, 0xee, 0xee, 0xef,
    0x0, 0x0, 0x0, 0x5, 0x66, 0x66, 0x66, 0x60,
    0x0, 0x0, 0x1c, 0xff, 0xff, 0xff, 0xff, 0xc1,
    0x0, 0x1, 0x55, 0x55, 0x55, 0x55, 0x55, 0x10,
    0x0,

    /* U+F1050 "󱁐" */
    0x93, 0x0, 0x0, 0x0, 0x0, 0x39, 0xf5, 0x0,
    0x0, 0x0, 0x0, 0x5f, 0xf5, 0x0, 0x0, 0x0,
    0x0, 0x5f, 0xdf, 0xff, 0xff, 0xff, 0xff, 0xfd,
    0x16, 0x66, 0x66, 0x66, 0x66, 0x61,

    /* U+F1356 "󱍖" */
    0x0, 0x0, 0x3, 0x20, 0x2, 0x20, 0x0, 0x0,
    0x3, 0x10, 0xc, 0xa0, 0xa, 0x80, 0x4, 0x10,
    0xc, 0xc0, 0x8, 0x70, 0x7, 0x60, 0x3f, 0x80,
    0x2, 0x60, 0x0, 0x0, 0x0, 0x0, 0x17, 0x0,
    0x0, 0x7, 0xef, 0xff, 0xff, 0xfd, 0x20, 0x0,
    0x99, 0xd, 0xa6, 0x66, 0x66, 0x6e, 0x62, 0x97,
    0xff, 0xe, 0x70, 0x0, 0x0, 0xe, 0x73, 0xfb,
    0x0, 0xe, 0x70, 0x0, 0x0, 0xe, 0x70, 0x0,
    0x0, 0xe, 0x70, 0x0, 0x0, 0xe, 0x70, 0x0,
    0xfc, 0xe, 0x70, 0x0, 0x0, 0xe, 0x73, 0xfc,
    0x0, 0xb, 0xff, 0xff, 0xff, 0xff, 0x50, 0x0,
    0x0, 0x11, 0x56, 0xff, 0xff, 0x64, 0x1, 0x0,
    0x7, 0xd0, 0x0, 0xbb, 0xbb, 0x0, 0x4f, 0x30,
    0x9, 0x60, 0x0, 0x0, 0x0, 0x0, 0xa, 0x60,
    0x0, 0x0, 0x0, 0x0, 0x0, 0x0, 0x0, 0x0
};


/*---------------------
 *  GLYPH DESCRIPTION
 *--------------------*/

static const lv_font_fmt_txt_glyph_dsc_t glyph_dsc[] = {
    {.bitmap_index = 0, .adv_w = 0, .box_w = 0, .box_h = 0, .ofs_x = 0, .ofs_y = 0} /* id = 0 reserved */,
    {.bitmap_index = 0, .adv_w = 128, .box_w = 0, .box_h = 0, .ofs_x = 0, .ofs_y = 0},
    {.bitmap_index = 0, .adv_w = 128, .box_w = 4, .box_h = 13, .ofs_x = 2, .ofs_y = 0},
    {.bitmap_index = 26, .adv_w = 128, .box_w = 6, .box_h = 6, .ofs_x = 1, .ofs_y = 8},
    {.bitmap_index = 44, .adv_w = 128, .box_w = 8, .box_h = 13, .ofs_x = 0, .ofs_y = 0},
    {.bitmap_index = 96, .adv_w = 128, .box_w = 8, .box_h = 16, .ofs_x = 0, .ofs_y = -2},
    {.bitmap_index = 160, .adv_w = 128, .box_w = 8, .box_h = 13, .ofs_x = 0, .ofs_y = 0},
    {.bitmap_index = 212, .adv_w = 128, .box_w = 8, .box_h = 13, .ofs_x = 0, .ofs_y = 0},
    {.bitmap_index = 264, .adv_w = 128, .box_w = 2, .box_h = 6, .ofs_x = 3, .ofs_y = 8},
    {.bitmap_index = 270, .adv_w = 128, .box_w = 6, .box_h = 18, .ofs_x = 1, .ofs_y = -3},
    {.bitmap_index = 324, .adv_w = 128, .box_w = 6, .box_h = 18, .ofs_x = 1, .ofs_y = -3},
    {.bitmap_index = 378, .adv_w = 128, .box_w = 8, .box_h = 7, .ofs_x = 0, .ofs_y = 7},
    {.bitmap_index = 406, .adv_w = 128, .box_w = 6, .box_h = 7, .ofs_x = 1, .ofs_y = 2},
    {.bitmap_index = 427, .adv_w = 128, .box_w = 4, .box_h = 7, .ofs_x = 2, .ofs_y = -4},
    {.bitmap_index = 441, .adv_w = 128, .box_w = 6, .box_h = 2, .ofs_x = 1, .ofs_y = 4},
    {.bitmap_index = 447, .adv_w = 128, .box_w = 4, .box_h = 3, .ofs_x = 2, .ofs_y = 0},
    {.bitmap_index = 453, .adv_w = 128, .box_w = 8, .box_h = 17, .ofs_x = 0, .ofs_y = -2},
    {.bitmap_index = 521, .adv_w = 128, .box_w = 8, .box_h = 13, .ofs_x = 0, .ofs_y = 0},
    {.bitmap_index = 573, .adv_w = 128, .box_w = 6, .box_h = 13, .ofs_x = 0, .ofs_y = 0},
    {.bitmap_index = 612, .adv_w = 128, .box_w = 8, .box_h = 13, .ofs_x = 0, .ofs_y = 0},
    {.bitmap_index = 664, .adv_w = 128, .box_w = 8, .box_h = 13, .ofs_x = 0, .ofs_y = 0},
    {.bitmap_index = 716, .adv_w = 128, .box_w = 7, .box_h = 13, .ofs_x = 0, .ofs_y = 0},
    {.bitmap_index = 762, .adv_w = 128, .box_w = 8, .box_h = 13, .ofs_x = 0, .ofs_y = 0},
    {.bitmap_index = 814, .adv_w = 128, .box_w = 8, .box_h = 13, .ofs_x = 0, .ofs_y = 0},
    {.bitmap_index = 866, .adv_w = 128, .box_w = 6, .box_h = 13, .ofs_x = 1, .ofs_y = 0},
    {.bitmap_index = 905, .adv_w = 128, .box_w = 8, .box_h = 13, .ofs_x = 0, .ofs_y = 0},
    {.bitmap_index = 957, .adv_w = 128, .box_w = 8, .box_h = 13, .ofs_x = 0, .ofs_y = 0},
    {.bitmap_index = 1009, .adv_w = 128, .box_w = 4, .box_h = 9, .ofs_x = 2, .ofs_y = 0},
    {.bitmap_index = 1027, .adv_w = 128, .box_w = 4, .box_h = 13, .ofs_x = 2, .ofs_y = -4},
    {.bitmap_index = 1053, .adv_w = 128, .box_w = 7, .box_h = 10, .ofs_x = 1, .ofs_y = 1},
    {.bitmap_index = 1088, .adv_w = 128, .box_w = 6, .box_h = 5, .ofs_x = 1, .ofs_y = 3},
    {.bitmap_index = 1103, .adv_w = 128, .box_w = 7, .box_h = 10, .ofs_x = 0, .ofs_y = 1},
    {.bitmap_index = 1138, .adv_w = 128, .box_w = 7, .box_h = 13, .ofs_x = 0, .ofs_y = 0},
    {.bitmap_index = 1184, .adv_w = 128, .box_w = 6, .box_h = 16, .ofs_x = 1, .ofs_y = -3},
    {.bitmap_index = 1232, .adv_w = 128, .box_w = 8, .box_h = 13, .ofs_x = 0, .ofs_y = 0},
    {.bitmap_index = 1284, .adv_w = 128, .box_w = 7, .box_h = 13, .ofs_x = 1, .ofs_y = 0},
    {.bitmap_index = 1330, .adv_w = 128, .box_w = 8, .box_h = 13, .ofs_x = 0, .ofs_y = 0},
    {.bitmap_index = 1382, .adv_w = 128, .box_w = 7, .box_h = 13, .ofs_x = 1, .ofs_y = 0},
    {.bitmap_index = 1428, .adv_w = 128, .box_w = 6, .box_h = 13, .ofs_x = 1, .ofs_y = 0},
    {.bitmap_index = 1467, .adv_w = 128, .box_w = 6, .box_h = 13, .ofs_x = 1, .ofs_y = 0},
    {.bitmap_index = 1506, .adv_w = 128, .box_w = 8, .box_h = 13, .ofs_x = 0, .ofs_y = 0},
    {.bitmap_index = 1558, .adv_w = 128, .box_w = 6, .box_h = 13, .ofs_x = 1, .ofs_y = 0},
    {.bitmap_index = 1597, .adv_w = 128, .box_w = 6, .box_h = 13, .ofs_x = 1, .ofs_y = 0},
    {.bitmap_index = 1636, .adv_w = 128, .box_w = 7, .box_h = 13, .ofs_x = 0, .ofs_y = 0},
    {.bitmap_index = 1682, .adv_w = 128, .box_w = 7, .box_h = 13, .ofs_x = 1, .ofs_y = 0},
    {.bitmap_index = 1728, .adv_w = 128, .box_w = 7, .box_h = 13, .ofs_x = 1, .ofs_y = 0},
    {.bitmap_index = 1774, .adv_w = 128, .box_w = 8, .box_h = 13, .ofs_x = 0, .ofs_y = 0},
    {.bitmap_index = 1826, .adv_w = 128, .box_w = 6, .box_h = 13, .ofs_x = 1, .ofs_y = 0},
    {.bitmap_index = 1865, .adv_w = 128, .box_w = 8, .box_h = 13, .ofs_x = 0, .ofs_y = 0},
    {.bitmap_index = 1917, .adv_w = 128, .box_w = 7, .box_h = 13, .ofs_x = 1, .ofs_y = 0},
    {.bitmap_index = 1963, .adv_w = 128, .box_w = 8, .box_h = 17, .ofs_x = 0, .ofs_y = -4},
    {.bitmap_index = 2031, .adv_w = 128, .box_w = 7, .box_h = 13, .ofs_x = 1, .ofs_y = 0},
    {.bitmap_index = 2077, .adv_w = 128, .box_w = 8, .box_h = 13, .ofs_x = 0, .ofs_y = 0},
    {.bitmap_index = 2129, .adv_w = 128, .box_w = 8, .box_h = 13, .ofs_x = 0, .ofs_y = 0},
    {.bitmap_index = 2181, .adv_w = 128, .box_w = 6, .box_h = 13, .ofs_x = 1, .ofs_y = 0},
    {.bitmap_index = 2220, .adv_w = 128, .box_w = 8, .box_h = 13, .ofs_x = 0, .ofs_y = 0},
    {.bitmap_index = 2272, .adv_w = 128, .box_w = 8, .box_h = 13, .ofs_x = 0, .ofs_y = 0},
    {.bitmap_index = 2324, .adv_w = 128, .box_w = 8, .box_h = 13, .ofs_x = 0, .ofs_y = 0},
    {.bitmap_index = 2376, .adv_w = 128, .box_w = 8, .box_h = 13, .ofs_x = 0, .ofs_y = 0},
    {.bitmap_index = 2428, .adv_w = 128, .box_w = 6, .box_h = 13, .ofs_x = 1, .ofs_y = 0},
    {.bitmap_index = 2467, .adv_w = 128, .box_w = 6, .box_h = 17, .ofs_x = 1, .ofs_y = -3},
    {.bitmap_index = 2518, .adv_w = 128, .box_w = 8, .box_h = 17, .ofs_x = 0, .ofs_y = -2},
    {.bitmap_index = 2586, .adv_w = 128, .box_w = 6, .box_h = 17, .ofs_x = 1, .ofs_y = -3},
    {.bitmap_index = 2637, .adv_w = 128, .box_w = 8, .box_h = 5, .ofs_x = 0, .ofs_y = 7},
    {.bitmap_index = 2657, .adv_w = 128, .box_w = 6, .box_h = 2, .ofs_x = 1, .ofs_y = -2},
    {.bitmap_index = 2663, .adv_w = 128, .box_w = 5, .box_h = 5, .ofs_x = 1, .ofs_y = 9},
    {.bitmap_index = 2676, .adv_w = 128, .box_w = 7, .box_h = 9, .ofs_x = 0, .ofs_y = 0},
    {.bitmap_index = 2708, .adv_w = 128, .box_w = 7, .box_h = 13, .ofs_x = 1, .ofs_y = 0},
    {.bitmap_index = 2754, .adv_w = 128, .box_w = 8, .box_h = 9, .ofs_x = 0, .ofs_y = 0},
    {.bitmap_index = 2790, .adv_w = 128, .box_w = 7, .box_h = 13, .ofs_x = 0, .ofs_y = 0},
    {.bitmap_index = 2836, .adv_w = 128, .box_w = 8, .box_h = 9, .ofs_x = 0, .ofs_y = 0},
    {.bitmap_index = 2872, .adv_w = 128, .box_w = 7, .box_h = 13, .ofs_x = 1, .ofs_y = 0},
    {.bitmap_index = 2918, .adv_w = 128, .box_w = 7, .box_h = 13, .ofs_x = 0, .ofs_y = -4},
    {.bitmap_index = 2964, .adv_w = 128, .box_w = 6, .box_h = 13, .ofs_x = 1, .ofs_y = 0},
    {.bitmap_index = 3003, .adv_w = 128, .box_w = 6, .box_h = 13, .ofs_x = 1, .ofs_y = 0},
    {.bitmap_index = 3042, .adv_w = 128, .box_w = 6, .box_h = 17, .ofs_x = 0, .ofs_y = -4},
    {.bitmap_index = 3093, .adv_w = 128, .box_w = 7, .box_h = 13, .ofs_x = 1, .ofs_y = 0},
    {.bitmap_index = 3139, .adv_w = 128, .box_w = 6, .box_h = 13, .ofs_x = 1, .ofs_y = 0},
    {.bitmap_index = 3178, .adv_w = 128, .box_w = 8, .box_h = 9, .ofs_x = 0, .ofs_y = 0},
    {.bitmap_index = 3214, .adv_w = 128, .box_w = 6, .box_h = 9, .ofs_x = 1, .ofs_y = 0},
    {.bitmap_index = 3241, .adv_w = 128, .box_w = 8, .box_h = 9, .ofs_x = 0, .ofs_y = 0},
    {.bitmap_index = 3277, .adv_w = 128, .box_w = 7, .box_h = 13, .ofs_x = 1, .ofs_y = -4},
    {.bitmap_index = 3323, .adv_w = 128, .box_w = 7, .box_h = 13, .ofs_x = 0, .ofs_y = -4},
    {.bitmap_index = 3369, .adv_w = 128, .box_w = 7, .box_h = 9, .ofs_x = 1, .ofs_y = 0},
    {.bitmap_index = 3401, .adv_w = 128, .box_w = 7, .box_h = 9, .ofs_x = 0, .ofs_y = 0},
    {.bitmap_index = 3433, .adv_w = 128, .box_w = 7, .box_h = 13, .ofs_x = 1, .ofs_y = 0},
    {.bitmap_index = 3479, .adv_w = 128, .box_w = 6, .box_h = 9, .ofs_x = 1, .ofs_y = 0},
    {.bitmap_index = 3506, .adv_w = 128, .box_w = 8, .box_h = 9, .ofs_x = 0, .ofs_y = 0},
    {.bitmap_index = 3542, .adv_w = 128, .box_w = 8, .box_h = 9, .ofs_x = 0, .ofs_y = 0},
    {.bitmap_index = 3578, .adv_w = 128, .box_w = 8, .box_h = 9, .ofs_x = 0, .ofs_y = 0},
    {.bitmap_index = 3614, .adv_w = 128, .box_w = 8, .box_h = 13, .ofs_x = 0, .ofs_y = -4},
    {.bitmap_index = 3666, .adv_w = 128, .box_w = 6, .box_h = 9, .ofs_x = 1, .ofs_y = 0},
    {.bitmap_index = 3693, .adv_w = 128, .box_w = 6, .box_h = 18, .ofs_x = 1, .ofs_y = -3},
    {.bitmap_index = 3747, .adv_w = 128, .box_w = 2, .box_h = 17, .ofs_x = 3, .ofs_y = -2},
    {.bitmap_index = 3764, .adv_w = 128, .box_w = 6, .box_h = 18, .ofs_x = 1, .ofs_y = -3},
    {.bitmap_index = 3818, .adv_w = 128, .box_w = 8, .box_h = 4, .ofs_x = 0, .ofs_y = 3},
    {.bitmap_index = 3834, .adv_w = 128, .box_w = 4, .box_h = 5, .ofs_x = 2, .ofs_y = 8},
    {.bitmap_index = 3844, .adv_w = 128, .box_w = 8, .box_h = 9, .ofs_x = 0, .ofs_y = 1},
    {.bitmap_index = 3880, .adv_w = 128, .box_w = 6, .box_h = 9, .ofs_x = 1, .ofs_y = 1},
    {.bitmap_index = 3907, .adv_w = 128, .box_w = 8, .box_h = 13, .ofs_x = 0, .ofs_y = 0},
    {.bitmap_index = 3959, .adv_w = 128, .box_w = 7, .box_h = 13, .ofs_x = 1, .ofs_y = 0},
    {.bitmap_index = 4005, .adv_w = 128, .box_w = 7, .box_h = 13, .ofs_x = 1, .ofs_y = 0},
    {.bitmap_index = 4051, .adv_w = 128, .box_w = 7, .box_h = 13, .ofs_x = 1, .ofs_y = 0},
    {.bitmap_index = 4097, .adv_w = 128, .box_w = 8, .box_h = 16, .ofs_x = 0, .ofs_y = -3},
    {.bitmap_index = 4161, .adv_w = 128, .box_w = 6, .box_h = 13, .ofs_x = 1, .ofs_y = 0},
    {.bitmap_index = 4200, .adv_w = 128, .box_w = 8, .box_h = 13, .ofs_x = 0, .ofs_y = 0},
    {.bitmap_index = 4252, .adv_w = 128, .box_w = 8, .box_h = 13, .ofs_x = 0, .ofs_y = 0},
    {.bitmap_index = 4304, .adv_w = 128, .box_w = 6, .box_h = 13, .ofs_x = 1, .ofs_y = 0},
    {.bitmap_index = 4343, .adv_w = 128, .box_w = 6, .box_h = 17, .ofs_x = 1, .ofs_y = 0},
    {.bitmap_index = 4394, .adv_w = 128, .box_w = 7, .box_h = 13, .ofs_x = 1, .ofs_y = 0},
    {.bitmap_index = 4440, .adv_w = 128, .box_w = 7, .box_h = 13, .ofs_x = 0, .ofs_y = 0},
    {.bitmap_index = 4486, .adv_w = 128, .box_w = 8, .box_h = 13, .ofs_x = 0, .ofs_y = 0},
    {.bitmap_index = 4538, .adv_w = 128, .box_w = 6, .box_h = 13, .ofs_x = 1, .ofs_y = 0},
    {.bitmap_index = 4577, .adv_w = 128, .box_w = 8, .box_h = 13, .ofs_x = 0, .ofs_y = 0},
    {.bitmap_index = 4629, .adv_w = 128, .box_w = 6, .box_h = 13, .ofs_x = 1, .ofs_y = 0},
    {.bitmap_index = 4668, .adv_w = 128, .box_w = 7, .box_h = 13, .ofs_x = 1, .ofs_y = 0},
    {.bitmap_index = 4714, .adv_w = 128, .box_w = 8, .box_h = 13, .ofs_x = 0, .ofs_y = 0},
    {.bitmap_index = 4766, .adv_w = 128, .box_w = 8, .box_h = 13, .ofs_x = 0, .ofs_y = 0},
    {.bitmap_index = 4818, .adv_w = 128, .box_w = 8, .box_h = 13, .ofs_x = 0, .ofs_y = 0},
    {.bitmap_index = 4870, .adv_w = 128, .box_w = 8, .box_h = 13, .ofs_x = 0, .ofs_y = 0},
    {.bitmap_index = 4922, .adv_w = 128, .box_w = 8, .box_h = 13, .ofs_x = 0, .ofs_y = 0},
    {.bitmap_index = 4974, .adv_w = 128, .box_w = 7, .box_h = 16, .ofs_x = 1, .ofs_y = -3},
    {.bitmap_index = 5030, .adv_w = 128, .box_w = 6, .box_h = 13, .ofs_x = 1, .ofs_y = 0},
    {.bitmap_index = 5069, .adv_w = 128, .box_w = 8, .box_h = 13, .ofs_x = 0, .ofs_y = 0},
    {.bitmap_index = 5121, .adv_w = 128, .box_w = 8, .box_h = 16, .ofs_x = 0, .ofs_y = -3},
    {.bitmap_index = 5185, .adv_w = 128, .box_w = 8, .box_h = 13, .ofs_x = 0, .ofs_y = 0},
    {.bitmap_index = 5237, .adv_w = 128, .box_w = 8, .box_h = 13, .ofs_x = 0, .ofs_y = 0},
    {.bitmap_index = 5289, .adv_w = 128, .box_w = 7, .box_h = 13, .ofs_x = 1, .ofs_y = 0},
    {.bitmap_index = 5335, .adv_w = 128, .box_w = 8, .box_h = 13, .ofs_x = 0, .ofs_y = 0},
    {.bitmap_index = 5387, .adv_w = 128, .box_w = 8, .box_h = 13, .ofs_x = 0, .ofs_y = 0},
    {.bitmap_index = 5439, .adv_w = 128, .box_w = 7, .box_h = 13, .ofs_x = 0, .ofs_y = 0},
    {.bitmap_index = 5485, .adv_w = 128, .box_w = 7, .box_h = 9, .ofs_x = 0, .ofs_y = 0},
    {.bitmap_index = 5517, .adv_w = 128, .box_w = 8, .box_h = 13, .ofs_x = 0, .ofs_y = 0},
    {.bitmap_index = 5569, .adv_w = 128, .box_w = 7, .box_h = 9, .ofs_x = 1, .ofs_y = 0},
    {.bitmap_index = 5601, .adv_w = 128, .box_w = 7, .box_h = 9, .ofs_x = 1, .ofs_y = 0},
    {.bitmap_index = 5633, .adv_w = 128, .box_w = 8, .box_h = 12, .ofs_x = 0, .ofs_y = -3},
    {.bitmap_index = 5681, .adv_w = 128, .box_w = 8, .box_h = 9, .ofs_x = 0, .ofs_y = 0},
    {.bitmap_index = 5717, .adv_w = 128, .box_w = 8, .box_h = 9, .ofs_x = 0, .ofs_y = 0},
    {.bitmap_index = 5753, .adv_w = 128, .box_w = 8, .box_h = 9, .ofs_x = 0, .ofs_y = 0},
    {.bitmap_index = 5789, .adv_w = 128, .box_w = 6, .box_h = 9, .ofs_x = 1, .ofs_y = 0},
    {.bitmap_index = 5816, .adv_w = 128, .box_w = 6, .box_h = 13, .ofs_x = 1, .ofs_y = 0},
    {.bitmap_index = 5855, .adv_w = 128, .box_w = 7, .box_h = 9, .ofs_x = 1, .ofs_y = 0},
    {.bitmap_index = 5887, .adv_w = 128, .box_w = 7, .box_h = 9, .ofs_x = 0, .ofs_y = 0},
    {.bitmap_index = 5919, .adv_w = 128, .box_w = 8, .box_h = 9, .ofs_x = 0, .ofs_y = 0},
    {.bitmap_index = 5955, .adv_w = 128, .box_w = 6, .box_h = 9, .ofs_x = 1, .ofs_y = 0},
    {.bitmap_index = 5982, .adv_w = 128, .box_w = 8, .box_h = 9, .ofs_x = 0, .ofs_y = 0},
    {.bitmap_index = 6018, .adv_w = 128, .box_w = 6, .box_h = 9, .ofs_x = 1, .ofs_y = 0},
    {.bitmap_index = 6045, .adv_w = 128, .box_w = 7, .box_h = 13, .ofs_x = 1, .ofs_y = -4},
    {.bitmap_index = 6091, .adv_w = 128, .box_w = 8, .box_h = 9, .ofs_x = 0, .ofs_y = 0},
    {.bitmap_index = 6127, .adv_w = 128, .box_w = 8, .box_h = 9, .ofs_x = 0, .ofs_y = 0},
    {.bitmap_index = 6163, .adv_w = 128, .box_w = 8, .box_h = 13, .ofs_x = 0, .ofs_y = -4},
    {.bitmap_index = 6215, .adv_w = 128, .box_w = 8, .box_h = 17, .ofs_x = 0, .ofs_y = -4},
    {.bitmap_index = 6283, .adv_w = 128, .box_w = 8, .box_h = 9, .ofs_x = 0, .ofs_y = 0},
    {.bitmap_index = 6319, .adv_w = 128, .box_w = 7, .box_h = 12, .ofs_x = 1, .ofs_y = -3},
    {.bitmap_index = 6361, .adv_w = 128, .box_w = 6, .box_h = 9, .ofs_x = 1, .ofs_y = 0},
    {.bitmap_index = 6388, .adv_w = 128, .box_w = 8, .box_h = 9, .ofs_x = 0, .ofs_y = 0},
    {.bitmap_index = 6424, .adv_w = 128, .box_w = 8, .box_h = 12, .ofs_x = 0, .ofs_y = -3},
    {.bitmap_index = 6472, .adv_w = 128, .box_w = 8, .box_h = 9, .ofs_x = 0, .ofs_y = 0},
    {.bitmap_index = 6508, .adv_w = 128, .box_w = 8, .box_h = 9, .ofs_x = 0, .ofs_y = 0},
    {.bitmap_index = 6544, .adv_w = 128, .box_w = 7, .box_h = 9, .ofs_x = 1, .ofs_y = 0},
    {.bitmap_index = 6576, .adv_w = 128, .box_w = 8, .box_h = 9, .ofs_x = 0, .ofs_y = 0},
    {.bitmap_index = 6612, .adv_w = 128, .box_w = 8, .box_h = 9, .ofs_x = 0, .ofs_y = 0},
    {.bitmap_index = 6648, .adv_w = 128, .box_w = 7, .box_h = 9, .ofs_x = 0, .ofs_y = 0},
    {.bitmap_index = 6680, .adv_w = 128, .box_w = 8, .box_h = 13, .ofs_x = 0, .ofs_y = 0},
    {.bitmap_index = 6732, .adv_w = 128, .box_w = 6, .box_h = 6, .ofs_x = 1, .ofs_y = 3},
    {.bitmap_index = 6750, .adv_w = 128, .box_w = 6, .box_h = 2, .ofs_x = 1, .ofs_y = 4},
    {.bitmap_index = 6756, .adv_w = 243, .box_w = 16, .box_h = 13, .ofs_x = 0, .ofs_y = -1},
    {.bitmap_index = 6860, .adv_w = 223, .box_w = 14, .box_h = 15, .ofs_x = 0, .ofs_y = -2},
    {.bitmap_index = 6965, .adv_w = 199, .box_w = 13, .box_h = 13, .ofs_x = 0, .ofs_y = -1},
    {.bitmap_index = 7050, .adv_w = 162, .box_w = 11, .box_h = 13, .ofs_x = 0, .ofs_y = -1},
    {.bitmap_index = 7122, .adv_w = 240, .box_w = 16, .box_h = 17, .ofs_x = 0, .ofs_y = -3},
    {.bitmap_index = 7258, .adv_w = 220, .box_w = 15, .box_h = 15, .ofs_x = -1, .ofs_y = -2},
    {.bitmap_index = 7371, .adv_w = 256, .box_w = 11, .box_h = 13, .ofs_x = 3, .ofs_y = -1},
    {.bitmap_index = 7443, .adv_w = 256, .box_w = 13, .box_h = 12, .ofs_x = 2, .ofs_y = -1},
    {.bitmap_index = 7521, .adv_w = 256, .box_w = 13, .box_h = 12, .ofs_x = 2, .ofs_y = -1},
    {.bitmap_index = 7599, .adv_w = 256, .box_w = 11, .box_h = 13, .ofs_x = 3, .ofs_y = -1},
    {.bitmap_index = 7671, .adv_w = 208, .box_w = 14, .box_h = 14, .ofs_x = 0, .ofs_y = -2},
    {.bitmap_index = 7769, .adv_w = 224, .box_w = 14, .box_h = 13, .ofs_x = 0, .ofs_y = -1},
    {.bitmap_index = 7860, .adv_w = 215, .box_w = 14, .box_h = 13, .ofs_x = 0, .ofs_y = -1},
    {.bitmap_index = 7951, .adv_w = 224, .box_w = 14, .box_h = 11, .ofs_x = 0, .ofs_y = 0},
    {.bitmap_index = 8028, .adv_w = 256, .box_w = 16, .box_h = 13, .ofs_x = 0, .ofs_y = -1},
    {.bitmap_index = 8132, .adv_w = 177, .box_w = 12, .box_h = 15, .ofs_x = 0, .ofs_y = -2},
    {.bitmap_index = 8222, .adv_w = 221, .box_w = 14, .box_h = 14, .ofs_x = 0, .ofs_y = -2},
    {.bitmap_index = 8320, .adv_w = 179, .box_w = 12, .box_h = 13, .ofs_x = 0, .ofs_y = -1},
    {.bitmap_index = 8398, .adv_w = 256, .box_w = 16, .box_h = 13, .ofs_x = 0, .ofs_y = -1},
    {.bitmap_index = 8502, .adv_w = 236, .box_w = 15, .box_h = 14, .ofs_x = 0, .ofs_y = -2},
    {.bitmap_index = 8607, .adv_w = 236, .box_w = 15, .box_h = 15, .ofs_x = 0, .ofs_y = -2},
    {.bitmap_index = 8720, .adv_w = 233, .box_w = 15, .box_h = 15, .ofs_x = 0, .ofs_y = -2},
    {.bitmap_index = 8833, .adv_w = 207, .box_w = 13, .box_h = 15, .ofs_x = 0, .ofs_y = -2},
    {.bitmap_index = 8931, .adv_w = 236, .box_w = 15, .box_h = 15, .ofs_x = 0, .ofs_y = -2},
    {.bitmap_index = 9044, .adv_w = 192, .box_w = 12, .box_h = 12, .ofs_x = 0, .ofs_y = -1},
    {.bitmap_index = 9116, .adv_w = 192, .box_w = 12, .box_h = 12, .ofs_x = 0, .ofs_y = -1},
    {.bitmap_index = 9188, .adv_w = 177, .box_w = 12, .box_h = 13, .ofs_x = 0, .ofs_y = -1},
    {.bitmap_index = 9266, .adv_w = 177, .box_w = 12, .box_h = 13, .ofs_x = 0, .ofs_y = -2},
    {.bitmap_index = 9344, .adv_w = 256, .box_w = 16, .box_h = 11, .ofs_x = 0, .ofs_y = 0},
    {.bitmap_index = 9432, .adv_w = 177, .box_w = 12, .box_h = 15, .ofs_x = 0, .ofs_y = -2},
    {.bitmap_index = 9522, .adv_w = 256, .box_w = 16, .box_h = 11, .ofs_x = 0, .ofs_y = 0},
    {.bitmap_index = 9610, .adv_w = 256, .box_w = 16, .box_h = 11, .ofs_x = 0, .ofs_y = 0},
    {.bitmap_index = 9698, .adv_w = 207, .box_w = 13, .box_h = 14, .ofs_x = 0, .ofs_y = -2},
    {.bitmap_index = 9789, .adv_w = 214, .box_w = 14, .box_h = 14, .ofs_x = 0, .ofs_y = -2},
    {.bitmap_index = 9887, .adv_w = 214, .box_w = 14, .box_h = 14, .ofs_x = 0, .ofs_y = -2},
    {.bitmap_index = 9985, .adv_w = 218, .box_w = 14, .box_h = 15, .ofs_x = 0, .ofs_y = -2},
    {.bitmap_index = 10090, .adv_w = 256, .box_w = 16, .box_h = 17, .ofs_x = 0, .ofs_y = -3},
    {.bitmap_index = 10226, .adv_w = 149, .box_w = 10, .box_h = 11, .ofs_x = 0, .ofs_y = 0},
    {.bitmap_index = 10281, .adv_w = 202, .box_w = 14, .box_h = 9, .ofs_x = -1, .ofs_y = 1},
    {.bitmap_index = 10344, .adv_w = 224, .box_w = 14, .box_h = 9, .ofs_x = 0, .ofs_y = 1},
    {.bitmap_index = 10407, .adv_w = 235, .box_w = 15, .box_h = 15, .ofs_x = 0, .ofs_y = -2},
    {.bitmap_index = 10520, .adv_w = 128, .box_w = 8, .box_h = 13, .ofs_x = 0, .ofs_y = -1},
    {.bitmap_index = 10572, .adv_w = 128, .box_w = 8, .box_h = 11, .ofs_x = 0, .ofs_y = 0},
    {.bitmap_index = 10616, .adv_w = 171, .box_w = 11, .box_h = 13, .ofs_x = 0, .ofs_y = -1},
    {.bitmap_index = 10688, .adv_w = 128, .box_w = 8, .box_h = 9, .ofs_x = 0, .ofs_y = 1},
    {.bitmap_index = 10724, .adv_w = 128, .box_w = 8, .box_h = 9, .ofs_x = 0, .ofs_y = 1},
    {.bitmap_index = 10760, .adv_w = 235, .box_w = 15, .box_h = 11, .ofs_x = 0, .ofs_y = 0},
    {.bitmap_index = 10843, .adv_w = 235, .box_w = 15, .box_h = 13, .ofs_x = 0, .ofs_y = -1},
    {.bitmap_index = 10941, .adv_w = 128, .box_w = 8, .box_h = 9, .ofs_x = 0, .ofs_y = 1},
    {.bitmap_index = 10977, .adv_w = 166, .box_w = 11, .box_h = 7, .ofs_x = 0, .ofs_y = 2},
    {.bitmap_index = 11016, .adv_w = 192, .box_w = 12, .box_h = 11, .ofs_x = 0, .ofs_y = 0},
    {.bitmap_index = 11082, .adv_w = 213, .box_w = 15, .box_h = 11, .ofs_x = -1, .ofs_y = 0},
    {.bitmap_index = 11165, .adv_w = 256, .box_w = 16, .box_h = 13, .ofs_x = 0, .ofs_y = -1},
    {.bitmap_index = 11269, .adv_w = 224, .box_w = 15, .box_h = 15, .ofs_x = 0, .ofs_y = -2},
    {.bitmap_index = 11382, .adv_w = 192, .box_w = 12, .box_h = 5, .ofs_x = 0, .ofs_y = 3},
    {.bitmap_index = 11412, .adv_w = 256, .box_w = 16, .box_h = 15, .ofs_x = 0, .ofs_y = -2}
};

/*---------------------
 *  CHARACTER MAPPING
 *--------------------*/

static const uint16_t unicode_list_1[] = {
    0x0, 0x27, 0x47
};

static const uint16_t unicode_list_3[] = {
    0x0, 0x1bd1, 0x1dc1, 0xde06, 0xe23f, 0xe2be, 0xe2c0, 0xe61c,
    0xe623, 0xe649, 0xe64a, 0xe64b, 0xe650, 0xe6b0, 0xe6b4, 0xe6b5,
    0xe6cb, 0xea97, 0xeb69, 0xebd0, 0xebd6, 0xebd7, 0xebed, 0xec07,
    0xec73, 0xec74, 0xec99, 0xecaf, 0xecb0, 0xecb1, 0xecb2, 0xeccb,
    0xed9b, 0xedb3, 0xedb4, 0xee82, 0xee99, 0xeea8, 0xf09d, 0xf0d1
};

static const uint16_t unicode_list_4[] = {
    0x0, 0x127, 0x128, 0x18f, 0x19d, 0x1fa, 0x23b, 0x2c3,
    0x2c4, 0x2c8, 0x2c9, 0x2f1, 0x44a, 0x44b, 0x44c, 0x972,
    0xa00, 0xe66, 0x116c
};

/*Collect the unicode lists and glyph_id offsets*/
static const lv_font_fmt_txt_cmap_t cmaps[] =
{
    {
        .range_start = 32, .range_length = 95, .glyph_id_start = 1,
        .unicode_list = NULL, .glyph_id_ofs_list = NULL, .list_length = 0, .type = LV_FONT_FMT_TXT_CMAP_FORMAT0_TINY
    },
    {
        .range_start = 176, .range_length = 72, .glyph_id_start = 96,
        .unicode_list = unicode_list_1, .glyph_id_ofs_list = NULL, .list_length = 3, .type = LV_FONT_FMT_TXT_CMAP_SPARSE_TINY
    },
    {
        .range_start = 1040, .range_length = 64, .glyph_id_start = 99,
        .unicode_list = NULL, .glyph_id_ofs_list = NULL, .list_length = 0, .type = LV_FONT_FMT_TXT_CMAP_FORMAT0_TINY
    },
    {
        .range_start = 1105, .range_length = 61650, .glyph_id_start = 163,
        .unicode_list = unicode_list_3, .glyph_id_ofs_list = NULL, .list_length = 40, .type = LV_FONT_FMT_TXT_CMAP_SPARSE_TINY
    },
    {
        .range_start = 983530, .range_length = 4461, .glyph_id_start = 203,
        .unicode_list = unicode_list_4, .glyph_id_ofs_list = NULL, .list_length = 19, .type = LV_FONT_FMT_TXT_CMAP_SPARSE_TINY
    }
};



/*--------------------
 *  ALL CUSTOM DATA
 *--------------------*/

#if LVGL_VERSION_MAJOR == 8
/*Store all the custom data of the font*/
static  lv_font_fmt_txt_glyph_cache_t cache;
#endif

#if LVGL_VERSION_MAJOR >= 8
static const lv_font_fmt_txt_dsc_t font_dsc = {
#else
static lv_font_fmt_txt_dsc_t font_dsc = {
#endif
    .glyph_bitmap = glyph_bitmap,
    .glyph_dsc = glyph_dsc,
    .cmaps = cmaps,
    .kern_dsc = NULL,
    .kern_scale = 0,
    .cmap_num = 5,
    .bpp = 4,
    .kern_classes = 0,
    .bitmap_format = 0,
#if LVGL_VERSION_MAJOR == 8
    .cache = &cache
#endif

};



/*-----------------
 *  PUBLIC FONT
 *----------------*/

/*Initialize a public general font descriptor*/
#if LVGL_VERSION_MAJOR >= 8
const lv_font_t ergohaven_symbols_16 = {
#else
lv_font_t ergohaven_symbols_16 = {
#endif
    .get_glyph_dsc = lv_font_get_glyph_dsc_fmt_txt,    /*Function pointer to get glyph's data*/
    .get_glyph_bitmap = lv_font_get_bitmap_fmt_txt,    /*Function pointer to get glyph's bitmap*/
    .line_height = 21,          /*The maximum line height required by the font*/
    .base_line = 4,             /*Baseline measured from the bottom of the line*/
#if !(LVGL_VERSION_MAJOR == 6 && LVGL_VERSION_MINOR == 0)
    .subpx = LV_FONT_SUBPX_NONE,
#endif
#if LV_VERSION_CHECK(7, 4, 0) || LVGL_VERSION_MAJOR >= 8
    .underline_position = -1,
    .underline_thickness = 1,
#endif
    .dsc = &font_dsc,          /*The custom font data. Will be accessed by `get_glyph_bitmap/dsc` */
#if LV_VERSION_CHECK(8, 2, 0) || LVGL_VERSION_MAJOR >= 9
    .fallback = NULL,
#endif
    .user_data = NULL,
};



#endif /*#if ERGOHAVEN_SYMBOLS_16*/
