/*******************************************************************************
 * Size: 16 px
 * Bpp: 4
 * Opts: --bpp 4 --size 16 --no-compress --stride 1 --align 1 --font Montserrat-Medium.ttf --range 32-127,176,8226,1040-1103,1105 --font IosevkaNerdFontPropo-Regular.ttf --symbols ÷×−+󰍹󰘶󰘴󰘵󱁐󰌒󰭜󰌑󰐥󰒭󰒮󰓛󰏤󰎇󰇪󰒲󰒳󰯪󱍖 --format lvgl -o eh_font_montserrat_16.c
 ******************************************************************************/

#ifdef __has_include
    #if __has_include("lvgl.h")
        #ifndef LV_LVGL_H_INCLUDE_SIMPLE
            #define LV_LVGL_H_INCLUDE_SIMPLE
        #endif
    #endif
#endif

#ifdef LV_LVGL_H_INCLUDE_SIMPLE
    #include "lvgl.h"
#else
    #include "lvgl/lvgl.h"
#endif



#ifndef EH_FONT_MONTSERRAT_16
#define EH_FONT_MONTSERRAT_16 1
#endif

#if EH_FONT_MONTSERRAT_16

/*-----------------
 *    BITMAPS
 *----------------*/

/*Store the image of the glyphs*/
static LV_ATTRIBUTE_LARGE_CONST const uint8_t glyph_bitmap[] = {
    /* U+0020 " " */

    /* U+0021 "!" */
    0xbf, 0xb, 0xf0, 0xaf, 0xa, 0xe0, 0x9e, 0x8,
    0xd0, 0x8c, 0x7, 0xc0, 0x0, 0x0, 0x10, 0xbf,
    0x1a, 0xe0,

    /* U+0022 "\"" */
    0xf5, 0x1f, 0x3f, 0x51, 0xf3, 0xe4, 0xf, 0x3e,
    0x40, 0xf2, 0x72, 0x8, 0x10,

    /* U+0023 "#" */
    0x0, 0x6, 0xc0, 0x3, 0xe0, 0x0, 0x0, 0x8a,
    0x0, 0x5c, 0x0, 0x0, 0xa, 0x80, 0x7, 0xa0,
    0x1, 0xff, 0xff, 0xff, 0xff, 0xfd, 0x3, 0x3e,
    0x73, 0x3c, 0x83, 0x30, 0x0, 0xf2, 0x0, 0xc5,
    0x0, 0x0, 0x1f, 0x10, 0xe, 0x30, 0x0, 0x2,
    0xf0, 0x0, 0xf2, 0x0, 0x9f, 0xff, 0xff, 0xff,
    0xff, 0x41, 0x38, 0xc3, 0x36, 0xe3, 0x30, 0x0,
    0x89, 0x0, 0x5c, 0x0, 0x0, 0xa, 0x70, 0x7,
    0xa0, 0x0,

    /* U+0024 "$" */
    0x0, 0x0, 0x79, 0x0, 0x0, 0x0, 0x0, 0x79,
    0x0, 0x0, 0x0, 0x5c, 0xff, 0xe9, 0x20, 0x7,
    0xfc, 0xbc, 0x9e, 0x90, 0xe, 0xb0, 0x79, 0x0,
    0x10, 0xf, 0x80, 0x79, 0x0, 0x0, 0xd, 0xf5,
    0x79, 0x0, 0x0, 0x2, 0xef, 0xfc, 0x50, 0x0,
    0x0, 0x6, 0xcf, 0xfe, 0x40, 0x0, 0x0, 0x79,
    0x4e, 0xf1, 0x0, 0x0, 0x79, 0x5, 0xf3, 0x7,
    0x0, 0x79, 0x8, 0xf2, 0x2f, 0xe9, 0xbc, 0xaf,
    0xa0, 0x3, 0xae, 0xff, 0xd7, 0x0, 0x0, 0x0,
    0x79, 0x0, 0x0, 0x0, 0x0, 0x79, 0x0, 0x0,

    /* U+0025 "%" */
    0x3, 0xde, 0x80, 0x0, 0x5, 0xd0, 0x0, 0xe4,
    0xc, 0x50, 0x1, 0xe3, 0x0, 0x4c, 0x0, 0x5a,
    0x0, 0xa9, 0x0, 0x5, 0xa0, 0x4, 0xc0, 0x4e,
    0x0, 0x0, 0x4c, 0x0, 0x5a, 0xd, 0x50, 0x0,
    0x0, 0xe3, 0xc, 0x58, 0xa0, 0x0, 0x0, 0x3,
    0xcd, 0x73, 0xe1, 0x3c, 0xd9, 0x0, 0x0, 0x0,
    0xd6, 0xe, 0x30, 0xa8, 0x0, 0x0, 0x7c, 0x3,
    0xc0, 0x3, 0xc0, 0x0, 0x2e, 0x20, 0x3c, 0x0,
    0x3d, 0x0, 0xb, 0x70, 0x0, 0xe3, 0xa, 0x80,
    0x6, 0xd0, 0x0, 0x4, 0xde, 0xa0,

    /* U+0026 "&" */
    0x0, 0x9, 0xef, 0xb1, 0x0, 0x0, 0x9, 0xe4,
    0x3d, 0xa0, 0x0, 0x0, 0xd9, 0x0, 0x7d, 0x0,
    0x0, 0xb, 0xc0, 0xc, 0xa0, 0x0, 0x0, 0x3f,
    0xad, 0xd1, 0x0, 0x0, 0x1, 0xdf, 0xc0, 0x0,
    0x0, 0x3, 0xeb, 0x8f, 0x60, 0x18, 0x0, 0xeb,
    0x0, 0x7f, 0x65, 0xf0, 0x3f, 0x40, 0x0, 0x8f,
    0xea, 0x3, 0xf7, 0x0, 0x0, 0xcf, 0x70, 0xb,
    0xf9, 0x66, 0xcf, 0xbf, 0x40, 0x8, 0xdf, 0xea,
    0x30, 0xa5, 0x0, 0x0, 0x0, 0x0, 0x0, 0x0,

    /* U+0027 "'" */
    0xf5, 0xf5, 0xe4, 0xe4, 0x72,

    /* U+0028 "(" */
    0x0, 0xda, 0x5, 0xf2, 0xb, 0xc0, 0xf, 0x80,
    0x3f, 0x40, 0x5f, 0x20, 0x6f, 0x10, 0x7f, 0x0,
    0x6f, 0x10, 0x5f, 0x20, 0x3f, 0x40, 0xf, 0x70,
    0xb, 0xc0, 0x5, 0xf2, 0x0, 0xda,

    /* U+0029 ")" */
    0x3f, 0x30, 0xc, 0xb0, 0x6, 0xf1, 0x1, 0xf6,
    0x0, 0xe9, 0x0, 0xbc, 0x0, 0xad, 0x0, 0xae,
    0x0, 0xad, 0x0, 0xbc, 0x0, 0xe9, 0x1, 0xf6,
    0x6, 0xf1, 0xc, 0xb0, 0x3f, 0x30,

    /* U+002A "*" */
    0x0, 0x4a, 0x0, 0x6, 0x74, 0xa4, 0xa0, 0x2b,
    0xff, 0xe5, 0x0, 0x7f, 0xfb, 0x20, 0x7c, 0x7b,
    0x8d, 0x0, 0x4, 0xa0, 0x0, 0x0, 0x13, 0x0,
    0x0,

    /* U+002B "+" */
    0x0, 0x99, 0x0, 0x0, 0x99, 0x0, 0x0, 0x99,
    0x0, 0xff, 0xff, 0xff, 0x22, 0xaa, 0x22, 0x0,
    0x99, 0x0, 0x0, 0x55, 0x0,

    /* U+002C "," */
    0x9, 0x52, 0xfd, 0xb, 0xa0, 0xc5, 0xf, 0x0,

    /* U+002D "-" */
    0x1, 0x11, 0x10, 0x1f, 0xff, 0xf3, 0x4, 0x44,
    0x40,

    /* U+002E "." */
    0x3, 0x12, 0xfc, 0x1e, 0x90,

    /* U+002F "/" */
    0x0, 0x0, 0x5, 0xf1, 0x0, 0x0, 0xa, 0xb0,
    0x0, 0x0, 0xf, 0x60, 0x0, 0x0, 0x5f, 0x10,
    0x0, 0x0, 0xab, 0x0, 0x0, 0x0, 0xf6, 0x0,
    0x0, 0x5, 0xf1, 0x0, 0x0, 0xa, 0xb0, 0x0,
    0x0, 0xf, 0x60, 0x0, 0x0, 0x4f, 0x10, 0x0,
    0x0, 0xac, 0x0, 0x0, 0x0, 0xf6, 0x0, 0x0,
    0x4, 0xf1, 0x0, 0x0, 0xa, 0xc0, 0x0, 0x0,
    0xe, 0x60, 0x0, 0x0, 0x4f, 0x10, 0x0, 0x0,

    /* U+0030 "0" */
    0x0, 0x8, 0xef, 0xc5, 0x0, 0x0, 0xcf, 0xa8,
    0xcf, 0x70, 0x7, 0xf5, 0x0, 0xa, 0xf2, 0xd,
    0xc0, 0x0, 0x1, 0xf8, 0x1f, 0x80, 0x0, 0x0,
    0xdc, 0x3f, 0x60, 0x0, 0x0, 0xbd, 0x3f, 0x60,
    0x0, 0x0, 0xbd, 0x1f, 0x80, 0x0, 0x0, 0xdc,
    0xd, 0xc0, 0x0, 0x1, 0xf8, 0x7, 0xf5, 0x0,
    0xa, 0xf2, 0x0, 0xcf, 0xa8, 0xcf, 0x70, 0x0,
    0x8, 0xef, 0xc5, 0x0,

    /* U+0031 "1" */
    0xef, 0xff, 0x36, 0x7a, 0xf3, 0x0, 0x5f, 0x30,
    0x5, 0xf3, 0x0, 0x5f, 0x30, 0x5, 0xf3, 0x0,
    0x5f, 0x30, 0x5, 0xf3, 0x0, 0x5f, 0x30, 0x5,
    0xf3, 0x0, 0x5f, 0x30, 0x5, 0xf3,

    /* U+0032 "2" */
    0x4, 0xbe, 0xfd, 0x70, 0x7, 0xfd, 0x98, 0xcf,
    0x90, 0x28, 0x0, 0x0, 0xbf, 0x0, 0x0, 0x0,
    0x7, 0xf1, 0x0, 0x0, 0x0, 0xaf, 0x0, 0x0,
    0x0, 0x4f, 0x80, 0x0, 0x0, 0x3f, 0xc0, 0x0,
    0x0, 0x3e, 0xc1, 0x0, 0x0, 0x2e, 0xd1, 0x0,
    0x0, 0x2e, 0xd1, 0x0, 0x0, 0x2e, 0xf8, 0x77,
    0x77, 0x46, 0xff, 0xff, 0xff, 0xfa,

    /* U+0033 "3" */
    0x6f, 0xff, 0xff, 0xff, 0x2, 0x77, 0x77, 0x9f,
    0xb0, 0x0, 0x0, 0xc, 0xe1, 0x0, 0x0, 0x9,
    0xf3, 0x0, 0x0, 0x5, 0xf6, 0x0, 0x0, 0x0,
    0xdf, 0xea, 0x10, 0x0, 0x4, 0x59, 0xfd, 0x0,
    0x0, 0x0, 0x6, 0xf4, 0x0, 0x0, 0x0, 0x3f,
    0x64, 0x40, 0x0, 0x8, 0xf3, 0xbf, 0xc9, 0x8c,
    0xfb, 0x0, 0x6c, 0xff, 0xd7, 0x0,

    /* U+0034 "4" */
    0x0, 0x0, 0x1, 0xeb, 0x0, 0x0, 0x0, 0x0,
    0xbe, 0x10, 0x0, 0x0, 0x0, 0x6f, 0x50, 0x0,
    0x0, 0x0, 0x2f, 0xa0, 0x0, 0x0, 0x0, 0xc,
    0xe0, 0x0, 0x0, 0x0, 0x8, 0xf4, 0x1, 0xd5,
    0x0, 0x3, 0xf8, 0x0, 0x2f, 0x60, 0x0, 0xee,
    0x22, 0x23, 0xf7, 0x21, 0x6f, 0xff, 0xff, 0xff,
    0xff, 0x81, 0x55, 0x55, 0x56, 0xf9, 0x52, 0x0,
    0x0, 0x0, 0x2f, 0x60, 0x0, 0x0, 0x0, 0x2,
    0xf6, 0x0,

    /* U+0035 "5" */
    0x5, 0xff, 0xff, 0xff, 0x0, 0x7f, 0x77, 0x77,
    0x70, 0x8, 0xe0, 0x0, 0x0, 0x0, 0xad, 0x0,
    0x0, 0x0, 0xb, 0xc2, 0x10, 0x0, 0x0, 0xdf,
    0xff, 0xfb, 0x30, 0x4, 0x55, 0x68, 0xef, 0x20,
    0x0, 0x0, 0x3, 0xf7, 0x0, 0x0, 0x0, 0xf,
    0x92, 0x50, 0x0, 0x5, 0xf6, 0x8f, 0xd9, 0x8b,
    0xfd, 0x0, 0x5b, 0xef, 0xe9, 0x10,

    /* U+0036 "6" */
    0x0, 0x5, 0xce, 0xfc, 0x60, 0x0, 0x9f, 0xc8,
    0x8b, 0x70, 0x5, 0xf8, 0x0, 0x0, 0x0, 0xc,
    0xd0, 0x0, 0x0, 0x0, 0x1f, 0x80, 0x0, 0x0,
    0x0, 0x2f, 0x68, 0xef, 0xfa, 0x10, 0x3f, 0xed,
    0x64, 0x8f, 0xd0, 0x2f, 0xf1, 0x0, 0x5, 0xf4,
    0xe, 0xc0, 0x0, 0x2, 0xf6, 0x9, 0xf2, 0x0,
    0x7, 0xf3, 0x1, 0xde, 0x86, 0x9f, 0xb0, 0x0,
    0x19, 0xef, 0xd8, 0x0,

    /* U+0037 "7" */
    0x8f, 0xff, 0xff, 0xff, 0xe8, 0xf7, 0x77, 0x77,
    0xfc, 0x8f, 0x0, 0x0, 0x5f, 0x55, 0x90, 0x0,
    0xb, 0xe0, 0x0, 0x0, 0x2, 0xf8, 0x0, 0x0,
    0x0, 0x9f, 0x10, 0x0, 0x0, 0xf, 0xb0, 0x0,
    0x0, 0x6, 0xf4, 0x0, 0x0, 0x0, 0xdd, 0x0,
    0x0, 0x0, 0x4f, 0x70, 0x0, 0x0, 0xa, 0xf1,
    0x0, 0x0, 0x1, 0xf9, 0x0, 0x0,

    /* U+0038 "8" */
    0x0, 0x5c, 0xff, 0xd7, 0x0, 0x6, 0xfc, 0x76,
    0xaf, 0xa0, 0xc, 0xd0, 0x0, 0x9, 0xf1, 0xd,
    0xc0, 0x0, 0x7, 0xf2, 0x7, 0xf7, 0x11, 0x5e,
    0xc0, 0x0, 0xbf, 0xff, 0xfe, 0x10, 0x9, 0xf9,
    0x54, 0x7e, 0xd0, 0x2f, 0x80, 0x0, 0x4, 0xf6,
    0x4f, 0x50, 0x0, 0x0, 0xf8, 0x2f, 0xa0, 0x0,
    0x5, 0xf6, 0x9, 0xfb, 0x76, 0x9f, 0xd0, 0x0,
    0x5c, 0xef, 0xd8, 0x10,

    /* U+0039 "9" */
    0x0, 0x8e, 0xfd, 0x80, 0x0, 0xc, 0xf8, 0x68,
    0xfc, 0x0, 0x5f, 0x50, 0x0, 0x3f, 0x70, 0x8f,
    0x0, 0x0, 0xe, 0xc0, 0x7f, 0x30, 0x0, 0x1f,
    0xf0, 0x1f, 0xd4, 0x14, 0xcf, 0xf1, 0x4, 0xef,
    0xff, 0xa9, 0xf0, 0x0, 0x2, 0x31, 0xa, 0xf0,
    0x0, 0x0, 0x0, 0xe, 0xa0, 0x0, 0x0, 0x0,
    0x9f, 0x30, 0x9, 0xa7, 0x8d, 0xf7, 0x0, 0x7,
    0xdf, 0xeb, 0x40, 0x0,

    /* U+003A ":" */
    0x1e, 0x92, 0xfc, 0x3, 0x10, 0x0, 0x0, 0x0,
    0x0, 0x3, 0x12, 0xfc, 0x1e, 0x90,

    /* U+003B ";" */
    0x1e, 0x92, 0xfc, 0x3, 0x10, 0x0, 0x0, 0x0,
    0x0, 0x0, 0x1, 0xe9, 0x2f, 0xd0, 0xa8, 0xe,
    0x30, 0xa0,

    /* U+003C "<" */
    0x0, 0x0, 0x0, 0x42, 0x0, 0x1, 0x7d, 0xf3,
    0x3, 0x9f, 0xe8, 0x10, 0xbf, 0xb5, 0x0, 0x0,
    0xee, 0x71, 0x0, 0x0, 0x6, 0xdf, 0xa4, 0x0,
    0x0, 0x4, 0xaf, 0xd2, 0x0, 0x0, 0x1, 0x82,

    /* U+003D "=" */
    0xef, 0xff, 0xff, 0xf3, 0x45, 0x55, 0x55, 0x51,
    0x0, 0x0, 0x0, 0x0, 0x1, 0x11, 0x11, 0x10,
    0xef, 0xff, 0xff, 0xf3, 0x34, 0x44, 0x44, 0x40,

    /* U+003E ">" */
    0x50, 0x0, 0x0, 0x0, 0xef, 0x92, 0x0, 0x0,
    0x6, 0xcf, 0xb5, 0x0, 0x0, 0x3, 0x9f, 0xe2,
    0x0, 0x0, 0x5c, 0xf3, 0x2, 0x8e, 0xe9, 0x20,
    0xbf, 0xc6, 0x0, 0x0, 0x93, 0x0, 0x0, 0x0,

    /* U+003F "?" */
    0x4, 0xbe, 0xfd, 0x70, 0x7, 0xfc, 0x77, 0xcf,
    0xa0, 0x27, 0x0, 0x0, 0xcf, 0x0, 0x0, 0x0,
    0x9, 0xf0, 0x0, 0x0, 0x1, 0xea, 0x0, 0x0,
    0x1, 0xdd, 0x10, 0x0, 0x0, 0xce, 0x10, 0x0,
    0x0, 0x4f, 0x60, 0x0, 0x0, 0x1, 0x30, 0x0,
    0x0, 0x0, 0x1, 0x0, 0x0, 0x0, 0x6, 0xf5,
    0x0, 0x0, 0x0, 0x5f, 0x40, 0x0,

    /* U+0040 "@" */
    0x0, 0x0, 0x18, 0xce, 0xfe, 0xb5, 0x0, 0x0,
    0x0, 0x6, 0xfb, 0x53, 0x23, 0x7d, 0xd2, 0x0,
    0x0, 0x7e, 0x40, 0x0, 0x0, 0x0, 0x8e, 0x20,
    0x3, 0xf4, 0x1, 0xae, 0xfa, 0x3f, 0x49, 0xc0,
    0xa, 0x90, 0x1e, 0xe7, 0x5a, 0xef, 0x40, 0xe3,
    0xf, 0x30, 0x8f, 0x10, 0x0, 0xaf, 0x40, 0x98,
    0x2f, 0x0, 0xd9, 0x0, 0x0, 0x3f, 0x40, 0x6b,
    0x3f, 0x0, 0xe8, 0x0, 0x0, 0x1f, 0x40, 0x5c,
    0x2f, 0x0, 0xd9, 0x0, 0x0, 0x3f, 0x40, 0x6a,
    0xf, 0x30, 0x8f, 0x10, 0x0, 0xaf, 0x40, 0x98,
    0xa, 0x90, 0x1e, 0xd6, 0x5a, 0xde, 0xa6, 0xf2,
    0x3, 0xf3, 0x1, 0xaf, 0xfa, 0x16, 0xee, 0x60,
    0x0, 0x7e, 0x40, 0x0, 0x0, 0x0, 0x0, 0x0,
    0x0, 0x6, 0xfb, 0x53, 0x23, 0x75, 0x0, 0x0,
    0x0, 0x0, 0x18, 0xcf, 0xfd, 0xa3, 0x0, 0x0,

    /* U+0041 "A" */
    0x0, 0x0, 0x2, 0xfd, 0x0, 0x0, 0x0, 0x0,
    0x0, 0x9f, 0xf4, 0x0, 0x0, 0x0, 0x0, 0xf,
    0x9e, 0xb0, 0x0, 0x0, 0x0, 0x6, 0xf2, 0x7f,
    0x20, 0x0, 0x0, 0x0, 0xdc, 0x1, 0xf8, 0x0,
    0x0, 0x0, 0x4f, 0x60, 0xb, 0xe0, 0x0, 0x0,
    0xb, 0xf0, 0x0, 0x4f, 0x60, 0x0, 0x1, 0xfa,
    0x11, 0x11, 0xed, 0x0, 0x0, 0x8f, 0xff, 0xff,
    0xff, 0xf3, 0x0, 0xe, 0xc4, 0x44, 0x44, 0x4f,
    0xa0, 0x6, 0xf4, 0x0, 0x0, 0x0, 0xaf, 0x10,
    0xcd, 0x0, 0x0, 0x0, 0x2, 0xf8,

    /* U+0042 "B" */
    0x5f, 0xff, 0xff, 0xeb, 0x40, 0x5, 0xf8, 0x55,
    0x57, 0xdf, 0x40, 0x5f, 0x40, 0x0, 0x1, 0xfa,
    0x5, 0xf4, 0x0, 0x0, 0xf, 0xa0, 0x5f, 0x51,
    0x11, 0x3a, 0xf4, 0x5, 0xff, 0xff, 0xff, 0xfa,
    0x0, 0x5f, 0x74, 0x44, 0x59, 0xfa, 0x5, 0xf4,
    0x0, 0x0, 0x8, 0xf2, 0x5f, 0x40, 0x0, 0x0,
    0x5f, 0x45, 0xf4, 0x0, 0x0, 0x9, 0xf2, 0x5f,
    0x85, 0x55, 0x6a, 0xfb, 0x5, 0xff, 0xff, 0xff,
    0xd8, 0x0,

    /* U+0043 "C" */
    0x0, 0x2, 0x9d, 0xfe, 0xb4, 0x0, 0x5, 0xff,
    0xb8, 0x9d, 0xf9, 0x3, 0xfd, 0x20, 0x0, 0x8,
    0x50, 0xbf, 0x20, 0x0, 0x0, 0x0, 0xf, 0xa0,
    0x0, 0x0, 0x0, 0x3, 0xf6, 0x0, 0x0, 0x0,
    0x0, 0x3f, 0x60, 0x0, 0x0, 0x0, 0x0, 0xfa,
    0x0, 0x0, 0x0, 0x0, 0xb, 0xf2, 0x0, 0x0,
    0x0, 0x0, 0x3f, 0xd2, 0x0, 0x0, 0x85, 0x0,
    0x5f, 0xfb, 0x89, 0xdf, 0x80, 0x0, 0x29, 0xdf,
    0xeb, 0x40,

    /* U+0044 "D" */
    0x5f, 0xff, 0xff, 0xea, 0x30, 0x0, 0x5f, 0x97,
    0x77, 0x9e, 0xf8, 0x0, 0x5f, 0x40, 0x0, 0x0,
    0xaf, 0x60, 0x5f, 0x40, 0x0, 0x0, 0xc, 0xe0,
    0x5f, 0x40, 0x0, 0x0, 0x6, 0xf4, 0x5f, 0x40,
    0x0, 0x0, 0x3, 0xf6, 0x5f, 0x40, 0x0, 0x0,
    0x3, 0xf6, 0x5f, 0x40, 0x0, 0x0, 0x6, 0xf4,
    0x5f, 0x40, 0x0, 0x0, 0xd, 0xe0, 0x5f, 0x40,
    0x0, 0x0, 0xaf, 0x60, 0x5f, 0x97, 0x77, 0x9e,
    0xf8, 0x0, 0x5f, 0xff, 0xff, 0xea, 0x30, 0x0,

    /* U+0045 "E" */
    0x5f, 0xff, 0xff, 0xff, 0x95, 0xf9, 0x77, 0x77,
    0x74, 0x5f, 0x40, 0x0, 0x0, 0x5, 0xf4, 0x0,
    0x0, 0x0, 0x5f, 0x51, 0x11, 0x11, 0x5, 0xff,
    0xff, 0xff, 0xe0, 0x5f, 0x74, 0x44, 0x44, 0x5,
    0xf4, 0x0, 0x0, 0x0, 0x5f, 0x40, 0x0, 0x0,
    0x5, 0xf4, 0x0, 0x0, 0x0, 0x5f, 0x97, 0x77,
    0x77, 0x65, 0xff, 0xff, 0xff, 0xfd,

    /* U+0046 "F" */
    0x5f, 0xff, 0xff, 0xff, 0x95, 0xf9, 0x77, 0x77,
    0x74, 0x5f, 0x40, 0x0, 0x0, 0x5, 0xf4, 0x0,
    0x0, 0x0, 0x5f, 0x40, 0x0, 0x0, 0x5, 0xf5,
    0x22, 0x22, 0x10, 0x5f, 0xff, 0xff, 0xfe, 0x5,
    0xf8, 0x55, 0x55, 0x40, 0x5f, 0x40, 0x0, 0x0,
    0x5, 0xf4, 0x0, 0x0, 0x0, 0x5f, 0x40, 0x0,
    0x0, 0x5, 0xf4, 0x0, 0x0, 0x0,

    /* U+0047 "G" */
    0x0, 0x1, 0x9d, 0xfe, 0xb5, 0x0, 0x0, 0x4f,
    0xfb, 0x89, 0xdf, 0xb0, 0x3, 0xfd, 0x20, 0x0,
    0x6, 0x60, 0xb, 0xf2, 0x0, 0x0, 0x0, 0x0,
    0xf, 0x90, 0x0, 0x0, 0x0, 0x0, 0x3f, 0x60,
    0x0, 0x0, 0x0, 0x0, 0x3f, 0x60, 0x0, 0x0,
    0x9, 0xf0, 0xf, 0xa0, 0x0, 0x0, 0x9, 0xf0,
    0xb, 0xf2, 0x0, 0x0, 0x9, 0xf0, 0x3, 0xfd,
    0x20, 0x0, 0xa, 0xf0, 0x0, 0x5f, 0xfb, 0x89,
    0xdf, 0xc0, 0x0, 0x2, 0x9d, 0xff, 0xc6, 0x0,

    /* U+0048 "H" */
    0x5f, 0x40, 0x0, 0x0, 0x4f, 0x55, 0xf4, 0x0,
    0x0, 0x4, 0xf5, 0x5f, 0x40, 0x0, 0x0, 0x4f,
    0x55, 0xf4, 0x0, 0x0, 0x4, 0xf5, 0x5f, 0x52,
    0x22, 0x22, 0x5f, 0x55, 0xff, 0xff, 0xff, 0xff,
    0xf5, 0x5f, 0x85, 0x55, 0x55, 0x8f, 0x55, 0xf4,
    0x0, 0x0, 0x4, 0xf5, 0x5f, 0x40, 0x0, 0x0,
    0x4f, 0x55, 0xf4, 0x0, 0x0, 0x4, 0xf5, 0x5f,
    0x40, 0x0, 0x0, 0x4f, 0x55, 0xf4, 0x0, 0x0,
    0x4, 0xf5,

    /* U+0049 "I" */
    0x5f, 0x45, 0xf4, 0x5f, 0x45, 0xf4, 0x5f, 0x45,
    0xf4, 0x5f, 0x45, 0xf4, 0x5f, 0x45, 0xf4, 0x5f,
    0x45, 0xf4,

    /* U+004A "J" */
    0x0, 0xff, 0xff, 0xfa, 0x0, 0x77, 0x77, 0xfa,
    0x0, 0x0, 0x0, 0xfa, 0x0, 0x0, 0x0, 0xfa,
    0x0, 0x0, 0x0, 0xfa, 0x0, 0x0, 0x0, 0xfa,
    0x0, 0x0, 0x0, 0xfa, 0x0, 0x0, 0x0, 0xfa,
    0x0, 0x0, 0x0, 0xf9, 0x7, 0x20, 0x3, 0xf6,
    0xd, 0xf9, 0x8e, 0xf1, 0x1, 0xae, 0xfb, 0x30,

    /* U+004B "K" */
    0x5f, 0x40, 0x0, 0x2, 0xeb, 0x5, 0xf4, 0x0,
    0x1, 0xec, 0x0, 0x5f, 0x40, 0x1, 0xde, 0x10,
    0x5, 0xf4, 0x0, 0xce, 0x20, 0x0, 0x5f, 0x40,
    0xbf, 0x30, 0x0, 0x5, 0xf4, 0x9f, 0x90, 0x0,
    0x0, 0x5f, 0xcf, 0xef, 0x40, 0x0, 0x5, 0xff,
    0x81, 0xee, 0x10, 0x0, 0x5f, 0xa0, 0x3, 0xfc,
    0x0, 0x5, 0xf4, 0x0, 0x6, 0xf8, 0x0, 0x5f,
    0x40, 0x0, 0x9, 0xf5, 0x5, 0xf4, 0x0, 0x0,
    0xc, 0xf2,

    /* U+004C "L" */
    0x5f, 0x40, 0x0, 0x0, 0x5, 0xf4, 0x0, 0x0,
    0x0, 0x5f, 0x40, 0x0, 0x0, 0x5, 0xf4, 0x0,
    0x0, 0x0, 0x5f, 0x40, 0x0, 0x0, 0x5, 0xf4,
    0x0, 0x0, 0x0, 0x5f, 0x40, 0x0, 0x0, 0x5,
    0xf4, 0x0, 0x0, 0x0, 0x5f, 0x40, 0x0, 0x0,
    0x5, 0xf4, 0x0, 0x0, 0x0, 0x5f, 0x97, 0x77,
    0x77, 0x25, 0xff, 0xff, 0xff, 0xf5,

    /* U+004D "M" */
    0x5f, 0x40, 0x0, 0x0, 0x0, 0x1e, 0x95, 0xfc,
    0x0, 0x0, 0x0, 0x8, 0xf9, 0x5f, 0xf5, 0x0,
    0x0, 0x2, 0xff, 0x95, 0xfd, 0xe0, 0x0, 0x0,
    0xad, 0xf9, 0x5f, 0x5f, 0x70, 0x0, 0x3f, 0x5f,
    0x95, 0xf3, 0x8f, 0x10, 0xb, 0xc0, 0xf9, 0x5f,
    0x31, 0xe9, 0x4, 0xf3, 0xf, 0x95, 0xf3, 0x7,
    0xf2, 0xda, 0x0, 0xf9, 0x5f, 0x30, 0xd, 0xef,
    0x20, 0xf, 0x95, 0xf3, 0x0, 0x5f, 0x90, 0x0,
    0xf9, 0x5f, 0x30, 0x0, 0x71, 0x0, 0xf, 0x95,
    0xf3, 0x0, 0x0, 0x0, 0x0, 0xf9,

    /* U+004E "N" */
    0x5f, 0x50, 0x0, 0x0, 0x4f, 0x55, 0xff, 0x20,
    0x0, 0x4, 0xf5, 0x5f, 0xfd, 0x0, 0x0, 0x4f,
    0x55, 0xfa, 0xf9, 0x0, 0x4, 0xf5, 0x5f, 0x4a,
    0xf5, 0x0, 0x4f, 0x55, 0xf4, 0xd, 0xf2, 0x4,
    0xf5, 0x5f, 0x40, 0x2f, 0xd0, 0x4f, 0x55, 0xf4,
    0x0, 0x6f, 0x94, 0xf5, 0x5f, 0x40, 0x0, 0xaf,
    0xaf, 0x55, 0xf4, 0x0, 0x0, 0xdf, 0xf5, 0x5f,
    0x40, 0x0, 0x2, 0xff, 0x55, 0xf4, 0x0, 0x0,
    0x6, 0xf5,

    /* U+004F "O" */
    0x0, 0x1, 0x9d, 0xfe, 0xb5, 0x0, 0x0, 0x5,
    0xff, 0xb8, 0x9e, 0xfa, 0x0, 0x3, 0xfd, 0x20,
    0x0, 0x8, 0xf9, 0x0, 0xbf, 0x20, 0x0, 0x0,
    0xa, 0xf2, 0xf, 0xa0, 0x0, 0x0, 0x0, 0x2f,
    0x73, 0xf6, 0x0, 0x0, 0x0, 0x0, 0xfa, 0x3f,
    0x60, 0x0, 0x0, 0x0, 0xf, 0xa0, 0xfa, 0x0,
    0x0, 0x0, 0x3, 0xf7, 0xb, 0xf2, 0x0, 0x0,
    0x0, 0xaf, 0x20, 0x3f, 0xd2, 0x0, 0x0, 0x8f,
    0x90, 0x0, 0x4f, 0xfb, 0x89, 0xef, 0xb0, 0x0,
    0x0, 0x19, 0xdf, 0xeb, 0x50, 0x0,

    /* U+0050 "P" */
    0x5f, 0xff, 0xff, 0xd7, 0x0, 0x5f, 0x97, 0x78,
    0xbf, 0xc0, 0x5f, 0x40, 0x0, 0x7, 0xf6, 0x5f,
    0x40, 0x0, 0x0, 0xfa, 0x5f, 0x40, 0x0, 0x0,
    0xea, 0x5f, 0x40, 0x0, 0x3, 0xf8, 0x5f, 0x62,
    0x23, 0x6e, 0xf1, 0x5f, 0xff, 0xff, 0xfd, 0x30,
    0x5f, 0x85, 0x54, 0x20, 0x0, 0x5f, 0x40, 0x0,
    0x0, 0x0, 0x5f, 0x40, 0x0, 0x0, 0x0, 0x5f,
    0x40, 0x0, 0x0, 0x0,

    /* U+0051 "Q" */
    0x0, 0x1, 0x9d, 0xfe, 0xb5, 0x0, 0x0, 0x0,
    0x4f, 0xfb, 0x89, 0xef, 0xa0, 0x0, 0x2, 0xfd,
    0x20, 0x0, 0x8, 0xf9, 0x0, 0xb, 0xf2, 0x0,
    0x0, 0x0, 0xaf, 0x20, 0xf, 0xa0, 0x0, 0x0,
    0x0, 0x3f, 0x70, 0x3f, 0x60, 0x0, 0x0, 0x0,
    0xf, 0xa0, 0x2f, 0x60, 0x0, 0x0, 0x0, 0xf,
    0x90, 0x1f, 0x90, 0x0, 0x0, 0x0, 0x2f, 0x70,
    0xb, 0xf1, 0x0, 0x0, 0x0, 0xaf, 0x20, 0x3,
    0xfc, 0x10, 0x0, 0x7, 0xf9, 0x0, 0x0, 0x5f,
    0xfa, 0x78, 0xdf, 0xb0, 0x0, 0x0, 0x3, 0xae,
    0xff, 0xc5, 0x0, 0x0, 0x0, 0x0, 0x0, 0x3e,
    0xd4, 0x15, 0xb0, 0x0, 0x0, 0x0, 0x2, 0xbf,
    0xff, 0x80, 0x0, 0x0, 0x0, 0x0, 0x1, 0x31,
    0x0,

    /* U+0052 "R" */
    0x5f, 0xff, 0xff, 0xd7, 0x0, 0x5f, 0x97, 0x78,
    0xbf, 0xc0, 0x5f, 0x40, 0x0, 0x7, 0xf6, 0x5f,
    0x40, 0x0, 0x0, 0xfa, 0x5f, 0x40, 0x0, 0x0,
    0xea, 0x5f, 0x40, 0x0, 0x3, 0xf8, 0x5f, 0x52,
    0x23, 0x6e, 0xe1, 0x5f, 0xff, 0xff, 0xfc, 0x30,
    0x5f, 0x85, 0x55, 0xf9, 0x0, 0x5f, 0x40, 0x0,
    0x7f, 0x40, 0x5f, 0x40, 0x0, 0xc, 0xe0, 0x5f,
    0x40, 0x0, 0x2, 0xf9,

    /* U+0053 "S" */
    0x0, 0x5c, 0xef, 0xd9, 0x20, 0x7, 0xfc, 0x87,
    0xaf, 0x90, 0xe, 0xc0, 0x0, 0x1, 0x10, 0xf,
    0x80, 0x0, 0x0, 0x0, 0xd, 0xe5, 0x0, 0x0,
    0x0, 0x2, 0xef, 0xea, 0x50, 0x0, 0x0, 0x5,
    0xae, 0xfe, 0x40, 0x0, 0x0, 0x0, 0x4e, 0xf1,
    0x0, 0x0, 0x0, 0x5, 0xf3, 0x8, 0x0, 0x0,
    0x8, 0xf2, 0x2f, 0xfa, 0x77, 0xbf, 0xa0, 0x2,
    0x9d, 0xff, 0xc6, 0x0,

    /* U+0054 "T" */
    0xff, 0xff, 0xff, 0xff, 0xf5, 0x67, 0x78, 0xfb,
    0x77, 0x72, 0x0, 0x1, 0xf7, 0x0, 0x0, 0x0,
    0x1, 0xf7, 0x0, 0x0, 0x0, 0x1, 0xf7, 0x0,
    0x0, 0x0, 0x1, 0xf7, 0x0, 0x0, 0x0, 0x1,
    0xf7, 0x0, 0x0, 0x0, 0x1, 0xf7, 0x0, 0x0,
    0x0, 0x1, 0xf7, 0x0, 0x0, 0x0, 0x1, 0xf7,
    0x0, 0x0, 0x0, 0x1, 0xf7, 0x0, 0x0, 0x0,
    0x1, 0xf7, 0x0, 0x0,

    /* U+0055 "U" */
    0x6f, 0x30, 0x0, 0x0, 0x8f, 0x16, 0xf3, 0x0,
    0x0, 0x8, 0xf1, 0x6f, 0x30, 0x0, 0x0, 0x8f,
    0x16, 0xf3, 0x0, 0x0, 0x8, 0xf1, 0x6f, 0x30,
    0x0, 0x0, 0x8f, 0x16, 0xf3, 0x0, 0x0, 0x8,
    0xf1, 0x6f, 0x30, 0x0, 0x0, 0x8f, 0x5, 0xf3,
    0x0, 0x0, 0x8, 0xf0, 0x3f, 0x70, 0x0, 0x0,
    0xcd, 0x0, 0xee, 0x20, 0x0, 0x5f, 0x80, 0x4,
    0xff, 0xa8, 0xbf, 0xd0, 0x0, 0x3, 0xbe, 0xfd,
    0x81, 0x0,

    /* U+0056 "V" */
    0xc, 0xe0, 0x0, 0x0, 0x0, 0x6f, 0x30, 0x6f,
    0x50, 0x0, 0x0, 0xc, 0xc0, 0x0, 0xfb, 0x0,
    0x0, 0x3, 0xf6, 0x0, 0x9, 0xf2, 0x0, 0x0,
    0xae, 0x0, 0x0, 0x2f, 0x80, 0x0, 0x1f, 0x90,
    0x0, 0x0, 0xce, 0x0, 0x7, 0xf2, 0x0, 0x0,
    0x5, 0xf5, 0x0, 0xdb, 0x0, 0x0, 0x0, 0xe,
    0xc0, 0x4f, 0x50, 0x0, 0x0, 0x0, 0x8f, 0x3a,
    0xe0, 0x0, 0x0, 0x0, 0x2, 0xfb, 0xf8, 0x0,
    0x0, 0x0, 0x0, 0xb, 0xff, 0x10, 0x0, 0x0,
    0x0, 0x0, 0x4f, 0xb0, 0x0, 0x0,

    /* U+0057 "W" */
    0x5f, 0x40, 0x0, 0x0, 0xdf, 0x0, 0x0, 0x2,
    0xf5, 0xf, 0x90, 0x0, 0x2, 0xff, 0x40, 0x0,
    0x7, 0xf0, 0xb, 0xe0, 0x0, 0x7, 0xfe, 0x90,
    0x0, 0xc, 0xb0, 0x6, 0xf3, 0x0, 0xc, 0xba,
    0xe0, 0x0, 0x1f, 0x60, 0x1, 0xf8, 0x0, 0x1f,
    0x55, 0xf3, 0x0, 0x6f, 0x10, 0x0, 0xcd, 0x0,
    0x6f, 0x10, 0xf8, 0x0, 0xcc, 0x0, 0x0, 0x7f,
    0x20, 0xbb, 0x0, 0xad, 0x1, 0xf7, 0x0, 0x0,
    0x2f, 0x71, 0xf6, 0x0, 0x5f, 0x26, 0xf2, 0x0,
    0x0, 0xd, 0xc6, 0xf1, 0x0, 0xf, 0x7b, 0xd0,
    0x0, 0x0, 0x8, 0xfd, 0xc0, 0x0, 0xb, 0xdf,
    0x80, 0x0, 0x0, 0x3, 0xff, 0x70, 0x0, 0x6,
    0xff, 0x30, 0x0, 0x0, 0x0, 0xef, 0x20, 0x0,
    0x1, 0xfe, 0x0, 0x0,

    /* U+0058 "X" */
    0x3f, 0x90, 0x0, 0x0, 0xcd, 0x0, 0x8f, 0x40,
    0x0, 0x7f, 0x40, 0x0, 0xde, 0x10, 0x2f, 0x80,
    0x0, 0x2, 0xfa, 0xd, 0xd0, 0x0, 0x0, 0x7,
    0xfc, 0xf3, 0x0, 0x0, 0x0, 0xc, 0xf8, 0x0,
    0x0, 0x0, 0x1, 0xef, 0xc0, 0x0, 0x0, 0x0,
    0xbf, 0x7f, 0x70, 0x0, 0x0, 0x6f, 0x60, 0xaf,
    0x20, 0x0, 0x2f, 0xb0, 0x1, 0xed, 0x0, 0xc,
    0xf1, 0x0, 0x4, 0xf8, 0x7, 0xf6, 0x0, 0x0,
    0x9, 0xf3,

    /* U+0059 "Y" */
    0xc, 0xe0, 0x0, 0x0, 0x7, 0xf2, 0x3, 0xf7,
    0x0, 0x0, 0x1f, 0x90, 0x0, 0xaf, 0x10, 0x0,
    0x9e, 0x10, 0x0, 0x1f, 0xa0, 0x2, 0xf6, 0x0,
    0x0, 0x8, 0xf3, 0xb, 0xd0, 0x0, 0x0, 0x0,
    0xec, 0x4f, 0x40, 0x0, 0x0, 0x0, 0x5f, 0xfb,
    0x0, 0x0, 0x0, 0x0, 0xc, 0xf2, 0x0, 0x0,
    0x0, 0x0, 0x9, 0xf0, 0x0, 0x0, 0x0, 0x0,
    0x9, 0xf0, 0x0, 0x0, 0x0, 0x0, 0x9, 0xf0,
    0x0, 0x0, 0x0, 0x0, 0x9, 0xf0, 0x0, 0x0,

    /* U+005A "Z" */
    0x3f, 0xff, 0xff, 0xff, 0xfd, 0x1, 0x77, 0x77,
    0x77, 0xbf, 0x90, 0x0, 0x0, 0x0, 0x1e, 0xc0,
    0x0, 0x0, 0x0, 0xc, 0xf2, 0x0, 0x0, 0x0,
    0x8, 0xf5, 0x0, 0x0, 0x0, 0x4, 0xf9, 0x0,
    0x0, 0x0, 0x1, 0xec, 0x0, 0x0, 0x0, 0x0,
    0xcf, 0x20, 0x0, 0x0, 0x0, 0x8f, 0x50, 0x0,
    0x0, 0x0, 0x4f, 0x90, 0x0, 0x0, 0x0, 0x1e,
    0xf7, 0x77, 0x77, 0x77, 0x5, 0xff, 0xff, 0xff,
    0xff, 0xf0,

    /* U+005B "[" */
    0x5f, 0xff, 0x5, 0xf7, 0x50, 0x5f, 0x30, 0x5,
    0xf3, 0x0, 0x5f, 0x30, 0x5, 0xf3, 0x0, 0x5f,
    0x30, 0x5, 0xf3, 0x0, 0x5f, 0x30, 0x5, 0xf3,
    0x0, 0x5f, 0x30, 0x5, 0xf3, 0x0, 0x5f, 0x30,
    0x5, 0xf7, 0x50, 0x5f, 0xff, 0x0,

    /* U+005C "\\" */
    0x7e, 0x0, 0x0, 0x0, 0x1f, 0x40, 0x0, 0x0,
    0xc, 0x90, 0x0, 0x0, 0x7, 0xe0, 0x0, 0x0,
    0x2, 0xf4, 0x0, 0x0, 0x0, 0xc9, 0x0, 0x0,
    0x0, 0x7e, 0x0, 0x0, 0x0, 0x2f, 0x40, 0x0,
    0x0, 0xc, 0x90, 0x0, 0x0, 0x7, 0xe0, 0x0,
    0x0, 0x2, 0xf3, 0x0, 0x0, 0x0, 0xd9, 0x0,
    0x0, 0x0, 0x7e, 0x0, 0x0, 0x0, 0x2f, 0x30,
    0x0, 0x0, 0xd, 0x90, 0x0, 0x0, 0x7, 0xe0,

    /* U+005D "]" */
    0xbf, 0xfa, 0x35, 0xea, 0x0, 0xea, 0x0, 0xea,
    0x0, 0xea, 0x0, 0xea, 0x0, 0xea, 0x0, 0xea,
    0x0, 0xea, 0x0, 0xea, 0x0, 0xea, 0x0, 0xea,
    0x0, 0xea, 0x35, 0xea, 0xbf, 0xfa,

    /* U+005E "^" */
    0x0, 0x2f, 0x80, 0x0, 0x0, 0x9d, 0xe0, 0x0,
    0x0, 0xf3, 0xd5, 0x0, 0x6, 0xd0, 0x7b, 0x0,
    0xc, 0x60, 0x1f, 0x20, 0x3f, 0x10, 0xb, 0x80,
    0x9a, 0x0, 0x4, 0xe0,

    /* U+005F "_" */
    0xff, 0xff, 0xff, 0xff, 0x11, 0x11, 0x11, 0x11,

    /* U+0060 "`" */
    0x7, 0xf6, 0x0, 0x3, 0xe7,

    /* U+0061 "a" */
    0x1, 0x9e, 0xfd, 0x80, 0x0, 0xce, 0x87, 0xaf,
    0x90, 0x2, 0x0, 0x0, 0xaf, 0x0, 0x0, 0x0,
    0x6, 0xf2, 0x3, 0xbe, 0xff, 0xff, 0x20, 0xec,
    0x42, 0x27, 0xf2, 0x2f, 0x50, 0x0, 0x8f, 0x20,
    0xed, 0x54, 0x8f, 0xf2, 0x2, 0xbf, 0xfb, 0x6f,
    0x20,

    /* U+0062 "b" */
    0x8f, 0x0, 0x0, 0x0, 0x0, 0x8f, 0x0, 0x0,
    0x0, 0x0, 0x8f, 0x0, 0x0, 0x0, 0x0, 0x8f,
    0x2b, 0xfe, 0xb3, 0x0, 0x8f, 0xec, 0x78, 0xef,
    0x30, 0x8f, 0xa0, 0x0, 0x1e, 0xc0, 0x8f, 0x20,
    0x0, 0x7, 0xf1, 0x8f, 0x0, 0x0, 0x5, 0xf3,
    0x8f, 0x20, 0x0, 0x7, 0xf1, 0x8f, 0xa0, 0x0,
    0x1e, 0xc0, 0x8f, 0xec, 0x78, 0xef, 0x30, 0x8e,
    0x2b, 0xfe, 0xb3, 0x0,

    /* U+0063 "c" */
    0x0, 0x3a, 0xef, 0xc4, 0x0, 0x4f, 0xd8, 0x7c,
    0xf4, 0xd, 0xd0, 0x0, 0x7, 0x13, 0xf5, 0x0,
    0x0, 0x0, 0x4f, 0x30, 0x0, 0x0, 0x3, 0xf5,
    0x0, 0x0, 0x0, 0xd, 0xd0, 0x0, 0x6, 0x10,
    0x4f, 0xd7, 0x7c, 0xf4, 0x0, 0x3b, 0xef, 0xc4,
    0x0,

    /* U+0064 "d" */
    0x0, 0x0, 0x0, 0x1, 0xf7, 0x0, 0x0, 0x0,
    0x1, 0xf7, 0x0, 0x0, 0x0, 0x1, 0xf7, 0x0,
    0x3b, 0xff, 0xa3, 0xf7, 0x4, 0xfd, 0x87, 0xce,
    0xf7, 0xe, 0xd0, 0x0, 0xb, 0xf7, 0x3f, 0x60,
    0x0, 0x3, 0xf7, 0x4f, 0x30, 0x0, 0x1, 0xf7,
    0x3f, 0x60, 0x0, 0x3, 0xf7, 0xe, 0xd0, 0x0,
    0xb, 0xf7, 0x4, 0xfd, 0x77, 0xce, 0xf7, 0x0,
    0x3b, 0xff, 0xa2, 0xf7,

    /* U+0065 "e" */
    0x0, 0x3b, 0xfe, 0xa2, 0x0, 0x4, 0xfc, 0x77,
    0xde, 0x10, 0xe, 0xc0, 0x0, 0x1e, 0xa0, 0x3f,
    0x50, 0x0, 0x8, 0xf0, 0x4f, 0xff, 0xff, 0xff,
    0xf1, 0x3f, 0x62, 0x22, 0x22, 0x20, 0xe, 0xc0,
    0x0, 0x2, 0x0, 0x4, 0xfe, 0x87, 0xaf, 0x50,
    0x0, 0x3a, 0xef, 0xd6, 0x0,

    /* U+0066 "f" */
    0x0, 0x5d, 0xfc, 0x0, 0x2f, 0xb5, 0x70, 0x4,
    0xf3, 0x0, 0xc, 0xff, 0xff, 0xa0, 0x48, 0xf7,
    0x53, 0x0, 0x5f, 0x30, 0x0, 0x5, 0xf3, 0x0,
    0x0, 0x5f, 0x30, 0x0, 0x5, 0xf3, 0x0, 0x0,
    0x5f, 0x30, 0x0, 0x5, 0xf3, 0x0, 0x0, 0x5f,
    0x30, 0x0,

    /* U+0067 "g" */
    0x0, 0x3b, 0xff, 0xb2, 0xe9, 0x4, 0xfe, 0x87,
    0xcf, 0xf9, 0xe, 0xd0, 0x0, 0x9, 0xf9, 0x3f,
    0x60, 0x0, 0x1, 0xf9, 0x4f, 0x30, 0x0, 0x0,
    0xf9, 0x3f, 0x60, 0x0, 0x1, 0xf9, 0xe, 0xd0,
    0x0, 0x9, 0xf9, 0x4, 0xfd, 0x77, 0xbf, 0xf8,
    0x0, 0x3b, 0xff, 0xb3, 0xf7, 0x0, 0x0, 0x0,
    0x5, 0xf4, 0x9, 0xe9, 0x77, 0x9f, 0xc0, 0x1,
    0x7c, 0xff, 0xd8, 0x0,

    /* U+0068 "h" */
    0x8f, 0x0, 0x0, 0x0, 0x8, 0xf0, 0x0, 0x0,
    0x0, 0x8f, 0x0, 0x0, 0x0, 0x8, 0xf3, 0xbf,
    0xfa, 0x20, 0x8f, 0xfb, 0x8a, 0xfd, 0x8, 0xf9,
    0x0, 0x6, 0xf4, 0x8f, 0x10, 0x0, 0x1f, 0x78,
    0xf0, 0x0, 0x0, 0xf8, 0x8f, 0x0, 0x0, 0xf,
    0x88, 0xf0, 0x0, 0x0, 0xf8, 0x8f, 0x0, 0x0,
    0xf, 0x88, 0xf0, 0x0, 0x0, 0xf8,

    /* U+0069 "i" */
    0x9e, 0x1a, 0xf2, 0x0, 0x8, 0xf0, 0x8f, 0x8,
    0xf0, 0x8f, 0x8, 0xf0, 0x8f, 0x8, 0xf0, 0x8f,
    0x8, 0xf0,

    /* U+006A "j" */
    0x0, 0x7, 0xe2, 0x0, 0x9, 0xf3, 0x0, 0x0,
    0x0, 0x0, 0x7, 0xf1, 0x0, 0x7, 0xf1, 0x0,
    0x7, 0xf1, 0x0, 0x7, 0xf1, 0x0, 0x7, 0xf1,
    0x0, 0x7, 0xf1, 0x0, 0x7, 0xf1, 0x0, 0x7,
    0xf1, 0x0, 0x7, 0xf1, 0x0, 0x8, 0xf0, 0x18,
    0x6e, 0xc0, 0x3d, 0xfc, 0x20,

    /* U+006B "k" */
    0x8f, 0x0, 0x0, 0x0, 0x8, 0xf0, 0x0, 0x0,
    0x0, 0x8f, 0x0, 0x0, 0x0, 0x8, 0xf0, 0x0,
    0x1d, 0xe1, 0x8f, 0x0, 0x1d, 0xe2, 0x8, 0xf0,
    0x1d, 0xe2, 0x0, 0x8f, 0x2d, 0xf3, 0x0, 0x8,
    0xfe, 0xff, 0x70, 0x0, 0x8f, 0xe2, 0xbf, 0x30,
    0x8, 0xf2, 0x1, 0xee, 0x10, 0x8f, 0x0, 0x3,
    0xfb, 0x8, 0xf0, 0x0, 0x7, 0xf7,

    /* U+006C "l" */
    0x8f, 0x8f, 0x8f, 0x8f, 0x8f, 0x8f, 0x8f, 0x8f,
    0x8f, 0x8f, 0x8f, 0x8f,

    /* U+006D "m" */
    0x8e, 0x3c, 0xfe, 0x91, 0x2b, 0xfe, 0xa2, 0x8,
    0xff, 0x96, 0x9f, 0xcf, 0xb6, 0x8f, 0xe0, 0x8f,
    0x70, 0x0, 0x9f, 0xb0, 0x0, 0x5f, 0x58, 0xf1,
    0x0, 0x5, 0xf6, 0x0, 0x1, 0xf8, 0x8f, 0x0,
    0x0, 0x4f, 0x40, 0x0, 0xf, 0x88, 0xf0, 0x0,
    0x4, 0xf4, 0x0, 0x0, 0xf8, 0x8f, 0x0, 0x0,
    0x4f, 0x40, 0x0, 0xf, 0x88, 0xf0, 0x0, 0x4,
    0xf4, 0x0, 0x0, 0xf8, 0x8f, 0x0, 0x0, 0x4f,
    0x40, 0x0, 0xf, 0x80,

    /* U+006E "n" */
    0x8e, 0x3b, 0xff, 0xa2, 0x8, 0xff, 0xa6, 0x8f,
    0xd0, 0x8f, 0x80, 0x0, 0x6f, 0x48, 0xf1, 0x0,
    0x1, 0xf7, 0x8f, 0x0, 0x0, 0xf, 0x88, 0xf0,
    0x0, 0x0, 0xf8, 0x8f, 0x0, 0x0, 0xf, 0x88,
    0xf0, 0x0, 0x0, 0xf8, 0x8f, 0x0, 0x0, 0xf,
    0x80,

    /* U+006F "o" */
    0x0, 0x3b, 0xef, 0xc4, 0x0, 0x4, 0xfd, 0x87,
    0xcf, 0x60, 0xd, 0xd0, 0x0, 0xb, 0xf1, 0x3f,
    0x60, 0x0, 0x3, 0xf5, 0x4f, 0x30, 0x0, 0x1,
    0xf7, 0x3f, 0x60, 0x0, 0x3, 0xf5, 0xd, 0xd0,
    0x0, 0xb, 0xf1, 0x4, 0xfd, 0x77, 0xcf, 0x60,
    0x0, 0x3b, 0xef, 0xc4, 0x0,

    /* U+0070 "p" */
    0x8e, 0x3b, 0xfe, 0xb3, 0x0, 0x8f, 0xfb, 0x57,
    0xdf, 0x30, 0x8f, 0x90, 0x0, 0xd, 0xc0, 0x8f,
    0x10, 0x0, 0x7, 0xf1, 0x8f, 0x0, 0x0, 0x5,
    0xf3, 0x8f, 0x20, 0x0, 0x7, 0xf1, 0x8f, 0xa0,
    0x0, 0x1e, 0xc0, 0x8f, 0xec, 0x78, 0xef, 0x30,
    0x8f, 0x2b, 0xfe, 0xb3, 0x0, 0x8f, 0x0, 0x0,
    0x0, 0x0, 0x8f, 0x0, 0x0, 0x0, 0x0, 0x8f,
    0x0, 0x0, 0x0, 0x0,

    /* U+0071 "q" */
    0x0, 0x3b, 0xff, 0xa2, 0xf7, 0x4, 0xfd, 0x87,
    0xce, 0xf7, 0xe, 0xd0, 0x0, 0xb, 0xf7, 0x3f,
    0x60, 0x0, 0x3, 0xf7, 0x4f, 0x30, 0x0, 0x1,
    0xf7, 0x3f, 0x60, 0x0, 0x3, 0xf7, 0xe, 0xd0,
    0x0, 0xb, 0xf7, 0x4, 0xfd, 0x77, 0xce, 0xf7,
    0x0, 0x3b, 0xff, 0xa3, 0xf7, 0x0, 0x0, 0x0,
    0x1, 0xf7, 0x0, 0x0, 0x0, 0x1, 0xf7, 0x0,
    0x0, 0x0, 0x1, 0xf7,

    /* U+0072 "r" */
    0x8e, 0x3b, 0xf0, 0x8f, 0xfc, 0x80, 0x8f, 0x90,
    0x0, 0x8f, 0x20, 0x0, 0x8f, 0x0, 0x0, 0x8f,
    0x0, 0x0, 0x8f, 0x0, 0x0, 0x8f, 0x0, 0x0,
    0x8f, 0x0, 0x0,

    /* U+0073 "s" */
    0x2, 0xbe, 0xfd, 0x81, 0x1e, 0xd7, 0x69, 0xd0,
    0x4f, 0x30, 0x0, 0x0, 0x2f, 0xc4, 0x10, 0x0,
    0x5, 0xef, 0xfd, 0x60, 0x0, 0x2, 0x5b, 0xf5,
    0x1, 0x0, 0x0, 0xf7, 0x5f, 0xa7, 0x6b, 0xf3,
    0x18, 0xdf, 0xec, 0x40,

    /* U+0074 "t" */
    0x5, 0xf3, 0x0, 0x0, 0x5f, 0x30, 0x0, 0xcf,
    0xff, 0xfa, 0x4, 0x8f, 0x75, 0x30, 0x5, 0xf3,
    0x0, 0x0, 0x5f, 0x30, 0x0, 0x5, 0xf3, 0x0,
    0x0, 0x5f, 0x30, 0x0, 0x4, 0xf4, 0x0, 0x0,
    0x1f, 0xc6, 0x80, 0x0, 0x5d, 0xfb, 0x10,

    /* U+0075 "u" */
    0xae, 0x0, 0x0, 0x2f, 0x5a, 0xe0, 0x0, 0x2,
    0xf5, 0xae, 0x0, 0x0, 0x2f, 0x5a, 0xe0, 0x0,
    0x2, 0xf5, 0xae, 0x0, 0x0, 0x2f, 0x59, 0xf0,
    0x0, 0x4, 0xf5, 0x7f, 0x40, 0x0, 0xbf, 0x51,
    0xef, 0x97, 0xce, 0xf5, 0x2, 0xbe, 0xfa, 0x3f,
    0x50,

    /* U+0076 "v" */
    0xd, 0xc0, 0x0, 0x0, 0xcb, 0x6, 0xf2, 0x0,
    0x2, 0xf5, 0x0, 0xf9, 0x0, 0x9, 0xe0, 0x0,
    0x9f, 0x0, 0xf, 0x80, 0x0, 0x2f, 0x60, 0x6f,
    0x10, 0x0, 0xc, 0xc0, 0xdb, 0x0, 0x0, 0x5,
    0xf6, 0xf4, 0x0, 0x0, 0x0, 0xef, 0xd0, 0x0,
    0x0, 0x0, 0x8f, 0x70, 0x0,

    /* U+0077 "w" */
    0xbb, 0x0, 0x0, 0x9f, 0x10, 0x0, 0x4f, 0x16,
    0xf1, 0x0, 0xe, 0xf6, 0x0, 0x9, 0xc0, 0xf,
    0x60, 0x5, 0xfc, 0xc0, 0x0, 0xf6, 0x0, 0xac,
    0x0, 0xab, 0x5f, 0x10, 0x5f, 0x10, 0x5, 0xf1,
    0xf, 0x50, 0xf7, 0xa, 0xb0, 0x0, 0xf, 0x76,
    0xf0, 0x9, 0xc0, 0xf5, 0x0, 0x0, 0xac, 0xba,
    0x0, 0x4f, 0x8f, 0x0, 0x0, 0x4, 0xff, 0x40,
    0x0, 0xef, 0xa0, 0x0, 0x0, 0xe, 0xe0, 0x0,
    0x8, 0xf4, 0x0, 0x0,

    /* U+0078 "x" */
    0x4f, 0x70, 0x0, 0x9f, 0x20, 0x8f, 0x30, 0x5f,
    0x50, 0x0, 0xcd, 0x2e, 0x90, 0x0, 0x2, 0xff,
    0xd0, 0x0, 0x0, 0xa, 0xf6, 0x0, 0x0, 0x4,
    0xfd, 0xe1, 0x0, 0x1, 0xeb, 0xd, 0xc0, 0x0,
    0xbe, 0x10, 0x3f, 0x80, 0x6f, 0x40, 0x0, 0x7f,
    0x40,

    /* U+0079 "y" */
    0xd, 0xc0, 0x0, 0x0, 0xcb, 0x6, 0xf3, 0x0,
    0x2, 0xf4, 0x0, 0xe9, 0x0, 0x9, 0xd0, 0x0,
    0x8f, 0x10, 0x1f, 0x70, 0x0, 0x1f, 0x70, 0x7f,
    0x10, 0x0, 0xa, 0xe0, 0xd9, 0x0, 0x0, 0x3,
    0xfa, 0xf2, 0x0, 0x0, 0x0, 0xcf, 0xb0, 0x0,
    0x0, 0x0, 0x6f, 0x40, 0x0, 0x0, 0x0, 0xad,
    0x0, 0x0, 0x1c, 0x79, 0xf5, 0x0, 0x0, 0x1a,
    0xee, 0x70, 0x0, 0x0,

    /* U+007A "z" */
    0x4f, 0xff, 0xff, 0xf9, 0x15, 0x55, 0x5b, 0xf4,
    0x0, 0x0, 0x3f, 0x80, 0x0, 0x1, 0xeb, 0x0,
    0x0, 0xb, 0xe1, 0x0, 0x0, 0x8f, 0x40, 0x0,
    0x4, 0xf7, 0x0, 0x0, 0x1e, 0xe5, 0x55, 0x53,
    0x5f, 0xff, 0xff, 0xfc,

    /* U+007B "{" */
    0x0, 0x2c, 0xf5, 0x0, 0xaf, 0x61, 0x0, 0xcc,
    0x0, 0x0, 0xdb, 0x0, 0x0, 0xdb, 0x0, 0x0,
    0xdb, 0x0, 0x2, 0xea, 0x0, 0x1f, 0xf3, 0x0,
    0x5, 0xfa, 0x0, 0x0, 0xdb, 0x0, 0x0, 0xdb,
    0x0, 0x0, 0xdb, 0x0, 0x0, 0xcc, 0x0, 0x0,
    0xaf, 0x61, 0x0, 0x2c, 0xf5,

    /* U+007C "|" */
    0x5f, 0x15, 0xf1, 0x5f, 0x15, 0xf1, 0x5f, 0x15,
    0xf1, 0x5f, 0x15, 0xf1, 0x5f, 0x15, 0xf1, 0x5f,
    0x15, 0xf1, 0x5f, 0x15, 0xf1, 0x5f, 0x10,

    /* U+007D "}" */
    0xbe, 0x90, 0x3, 0xaf, 0x40, 0x1, 0xf6, 0x0,
    0x1f, 0x70, 0x1, 0xf7, 0x0, 0x1f, 0x70, 0x0,
    0xf9, 0x0, 0x9, 0xfb, 0x0, 0xfb, 0x20, 0x1f,
    0x70, 0x1, 0xf7, 0x0, 0x1f, 0x70, 0x1, 0xf6,
    0x3, 0xaf, 0x40, 0xbe, 0x90, 0x0,

    /* U+007E "~" */
    0x0, 0x0, 0x0, 0x0, 0x0, 0x3d, 0xe5, 0x0,
    0xb5, 0xc, 0x86, 0xf6, 0x2f, 0x20, 0xf0, 0x4,
    0xff, 0xa0, 0x3, 0x0, 0x1, 0x20, 0x0,

    /* U+00B0 "°" */
    0x2, 0xce, 0x90, 0xd, 0x40, 0x89, 0x3b, 0x0,
    0xe, 0x3b, 0x0, 0xe, 0xd, 0x40, 0x89, 0x2,
    0xce, 0x90,

    /* U+00D7 "×" */
    0x14, 0x0, 0x0, 0x41, 0x4f, 0x40, 0x4, 0xf4,
    0x6, 0xf3, 0x3f, 0x60, 0x0, 0x7f, 0xf7, 0x0,
    0x0, 0x2f, 0xf2, 0x0, 0x1, 0xe9, 0x9e, 0x10,
    0x1d, 0xa0, 0xa, 0xd1, 0x5a, 0x0, 0x0, 0xa5,
    0x0, 0x0, 0x0, 0x0,

    /* U+00F7 "÷" */
    0x0, 0x22, 0x0, 0x0, 0xff, 0x0, 0x0, 0xdd,
    0x0, 0x0, 0x0, 0x0, 0xff, 0xff, 0xff, 0x22,
    0x22, 0x22, 0x0, 0x22, 0x0, 0x0, 0xff, 0x0,
    0x0, 0xdd, 0x0,

    /* U+0410 "А" */
    0x0, 0x0, 0xe, 0xf1, 0x0, 0x0, 0x0, 0x0,
    0x5f, 0xf7, 0x0, 0x0, 0x0, 0x0, 0xcc, 0xae,
    0x0, 0x0, 0x0, 0x3, 0xf6, 0x4f, 0x50, 0x0,
    0x0, 0xa, 0xf0, 0xe, 0xc0, 0x0, 0x0, 0x1f,
    0x90, 0x7, 0xf2, 0x0, 0x0, 0x7f, 0x30, 0x1,
    0xf9, 0x0, 0x0, 0xed, 0x11, 0x11, 0xbf, 0x10,
    0x5, 0xff, 0xff, 0xff, 0xff, 0x70, 0xc, 0xe4,
    0x44, 0x44, 0x4d, 0xd0, 0x2f, 0x80, 0x0, 0x0,
    0x6, 0xf4, 0x9f, 0x10, 0x0, 0x0, 0x0, 0xeb,

    /* U+0411 "Б" */
    0x4f, 0xff, 0xff, 0xff, 0xf3, 0x4f, 0x96, 0x66,
    0x66, 0x61, 0x4f, 0x50, 0x0, 0x0, 0x0, 0x4f,
    0x50, 0x0, 0x0, 0x0, 0x4f, 0x51, 0x10, 0x0,
    0x0, 0x4f, 0xff, 0xff, 0xfc, 0x50, 0x4f, 0x74,
    0x44, 0x6c, 0xf6, 0x4f, 0x50, 0x0, 0x0, 0xec,
    0x4f, 0x50, 0x0, 0x0, 0xbd, 0x4f, 0x50, 0x0,
    0x1, 0xeb, 0x4f, 0x85, 0x55, 0x7d, 0xf4, 0x4f,
    0xff, 0xff, 0xeb, 0x30,

    /* U+0412 "В" */
    0x4f, 0xff, 0xff, 0xea, 0x20, 0x4, 0xf8, 0x55,
    0x57, 0xef, 0x10, 0x4f, 0x50, 0x0, 0x5, 0xf6,
    0x4, 0xf5, 0x0, 0x0, 0x3f, 0x60, 0x4f, 0x50,
    0x1, 0x3c, 0xd0, 0x4, 0xff, 0xff, 0xff, 0xf4,
    0x0, 0x4f, 0x73, 0x33, 0x5a, 0xf5, 0x4, 0xf5,
    0x0, 0x0, 0xc, 0xd0, 0x4f, 0x50, 0x0, 0x0,
    0xaf, 0x4, 0xf5, 0x0, 0x0, 0xd, 0xe0, 0x4f,
    0x85, 0x55, 0x6c, 0xf7, 0x4, 0xff, 0xff, 0xff,
    0xc6, 0x0,

    /* U+0413 "Г" */
    0x4f, 0xff, 0xff, 0xff, 0x14, 0xf9, 0x77, 0x77,
    0x70, 0x4f, 0x50, 0x0, 0x0, 0x4, 0xf5, 0x0,
    0x0, 0x0, 0x4f, 0x50, 0x0, 0x0, 0x4, 0xf5,
    0x0, 0x0, 0x0, 0x4f, 0x50, 0x0, 0x0, 0x4,
    0xf5, 0x0, 0x0, 0x0, 0x4f, 0x50, 0x0, 0x0,
    0x4, 0xf5, 0x0, 0x0, 0x0, 0x4f, 0x50, 0x0,
    0x0, 0x4, 0xf5, 0x0, 0x0, 0x0,

    /* U+0414 "Д" */
    0x0, 0x2f, 0xff, 0xff, 0xff, 0xc0, 0x0, 0x2,
    0xf9, 0x77, 0x77, 0xec, 0x0, 0x0, 0x2f, 0x30,
    0x0, 0xd, 0xc0, 0x0, 0x3, 0xf3, 0x0, 0x0,
    0xdc, 0x0, 0x0, 0x4f, 0x20, 0x0, 0xd, 0xc0,
    0x0, 0x5, 0xf1, 0x0, 0x0, 0xdc, 0x0, 0x0,
    0x6f, 0x0, 0x0, 0xd, 0xc0, 0x0, 0x8, 0xe0,
    0x0, 0x0, 0xdc, 0x0, 0x0, 0xbb, 0x0, 0x0,
    0xd, 0xc0, 0x0, 0x1f, 0x70, 0x0, 0x0, 0xdc,
    0x0, 0x6c, 0xf8, 0x77, 0x77, 0x7e, 0xe7, 0x3c,
    0xff, 0xff, 0xff, 0xff, 0xff, 0xf6, 0xcb, 0x0,
    0x0, 0x0, 0x0, 0x1f, 0x6c, 0xb0, 0x0, 0x0,
    0x0, 0x1, 0xf6, 0x76, 0x0, 0x0, 0x0, 0x0,
    0x9, 0x30,

    /* U+0415 "Е" */
    0x4f, 0xff, 0xff, 0xff, 0xa4, 0xfa, 0x77, 0x77,
    0x74, 0x4f, 0x50, 0x0, 0x0, 0x4, 0xf5, 0x0,
    0x0, 0x0, 0x4f, 0x61, 0x11, 0x11, 0x4, 0xff,
    0xff, 0xff, 0xf0, 0x4f, 0x84, 0x44, 0x44, 0x4,
    0xf5, 0x0, 0x0, 0x0, 0x4f, 0x50, 0x0, 0x0,
    0x4, 0xf5, 0x0, 0x0, 0x0, 0x4f, 0xa7, 0x77,
    0x77, 0x64, 0xff, 0xff, 0xff, 0xfe,

    /* U+0416 "Ж" */
    0x2f, 0x90, 0x0, 0x8, 0xf0, 0x0, 0x2, 0xf9,
    0x0, 0x7f, 0x30, 0x0, 0x8f, 0x0, 0x0, 0xce,
    0x0, 0x0, 0xdc, 0x0, 0x8, 0xf0, 0x0, 0x6f,
    0x40, 0x0, 0x3, 0xf7, 0x0, 0x8f, 0x0, 0x1e,
    0xa0, 0x0, 0x0, 0x9, 0xf3, 0x29, 0xf2, 0x2a,
    0xf1, 0x0, 0x0, 0x0, 0x2f, 0xff, 0xff, 0xff,
    0xf9, 0x0, 0x0, 0x0, 0x9, 0xf6, 0x5b, 0xf5,
    0x5c, 0xf1, 0x0, 0x0, 0x3, 0xfa, 0x0, 0x8f,
    0x0, 0x3f, 0xa0, 0x0, 0x0, 0xbf, 0x20, 0x8,
    0xf0, 0x0, 0xaf, 0x30, 0x0, 0x4f, 0x80, 0x0,
    0x8f, 0x0, 0x2, 0xfc, 0x0, 0xd, 0xe1, 0x0,
    0x8, 0xf0, 0x0, 0x8, 0xf5, 0x6, 0xf7, 0x0,
    0x0, 0x8f, 0x0, 0x0, 0x1e, 0xd0,

    /* U+0417 "З" */
    0x6, 0xbe, 0xfe, 0xa3, 0x0, 0x4f, 0xc9, 0x79,
    0xff, 0x30, 0x2, 0x0, 0x0, 0x2f, 0xa0, 0x0,
    0x0, 0x0, 0xe, 0xa0, 0x0, 0x1, 0x12, 0x8f,
    0x50, 0x0, 0xbf, 0xff, 0xfa, 0x0, 0x0, 0x34,
    0x45, 0xaf, 0x70, 0x0, 0x0, 0x0, 0xa, 0xf1,
    0x0, 0x0, 0x0, 0x7, 0xf2, 0x52, 0x0, 0x0,
    0xc, 0xf0, 0xcf, 0xb8, 0x79, 0xef, 0x60, 0x17,
    0xce, 0xfe, 0xb4, 0x0,

    /* U+0418 "И" */
    0x4f, 0x50, 0x0, 0x0, 0x6f, 0x64, 0xf5, 0x0,
    0x0, 0x2f, 0xf6, 0x4f, 0x50, 0x0, 0xc, 0xff,
    0x64, 0xf5, 0x0, 0x8, 0xf7, 0xf6, 0x4f, 0x50,
    0x4, 0xf9, 0x2f, 0x64, 0xf5, 0x1, 0xed, 0x2,
    0xf6, 0x4f, 0x50, 0xbf, 0x30, 0x2f, 0x64, 0xf5,
    0x6f, 0x70, 0x2, 0xf6, 0x4f, 0x7f, 0xb0, 0x0,
    0x2f, 0x64, 0xff, 0xe1, 0x0, 0x2, 0xf6, 0x4f,
    0xf4, 0x0, 0x0, 0x2f, 0x64, 0xf9, 0x0, 0x0,
    0x2, 0xf6,

    /* U+0419 "Й" */
    0x0, 0x1f, 0x30, 0x2f, 0x20, 0x0, 0x0, 0x5d,
    0xed, 0x60, 0x0, 0x0, 0x0, 0x0, 0x0, 0x0,
    0x4, 0xf5, 0x0, 0x0, 0x6, 0xf6, 0x4f, 0x50,
    0x0, 0x2, 0xff, 0x64, 0xf5, 0x0, 0x0, 0xcf,
    0xf6, 0x4f, 0x50, 0x0, 0x8f, 0x7f, 0x64, 0xf5,
    0x0, 0x4f, 0x92, 0xf6, 0x4f, 0x50, 0x1e, 0xd0,
    0x2f, 0x64, 0xf5, 0xb, 0xf3, 0x2, 0xf6, 0x4f,
    0x56, 0xf7, 0x0, 0x2f, 0x64, 0xf7, 0xfb, 0x0,
    0x2, 0xf6, 0x4f, 0xfe, 0x10, 0x0, 0x2f, 0x64,
    0xff, 0x40, 0x0, 0x2, 0xf6, 0x4f, 0x90, 0x0,
    0x0, 0x2f, 0x60,

    /* U+041A "К" */
    0x4f, 0x50, 0x0, 0x2, 0xf8, 0x4, 0xf5, 0x0,
    0x0, 0xdc, 0x0, 0x4f, 0x50, 0x0, 0x9f, 0x20,
    0x4, 0xf5, 0x0, 0x5f, 0x50, 0x0, 0x4f, 0x62,
    0x3e, 0x90, 0x0, 0x4, 0xff, 0xff, 0xf1, 0x0,
    0x0, 0x4f, 0x85, 0x6f, 0x90, 0x0, 0x4, 0xf5,
    0x0, 0x9f, 0x30, 0x0, 0x4f, 0x50, 0x1, 0xed,
    0x0, 0x4, 0xf5, 0x0, 0x5, 0xf8, 0x0, 0x4f,
    0x50, 0x0, 0xa, 0xf2, 0x4, 0xf5, 0x0, 0x0,
    0x1f, 0xc0,

    /* U+041B "Л" */
    0x0, 0xf, 0xff, 0xff, 0xff, 0xe0, 0x0, 0xfa,
    0x77, 0x77, 0xde, 0x0, 0x1f, 0x50, 0x0, 0xa,
    0xe0, 0x1, 0xf4, 0x0, 0x0, 0xae, 0x0, 0x2f,
    0x40, 0x0, 0xa, 0xe0, 0x3, 0xf3, 0x0, 0x0,
    0xae, 0x0, 0x4f, 0x20, 0x0, 0xa, 0xe0, 0x5,
    0xf0, 0x0, 0x0, 0xae, 0x0, 0x8e, 0x0, 0x0,
    0xa, 0xe0, 0xd, 0xb0, 0x0, 0x0, 0xae, 0x6c,
    0xf5, 0x0, 0x0, 0xa, 0xeb, 0xf8, 0x0, 0x0,
    0x0, 0xae,

    /* U+041C "М" */
    0x4f, 0x50, 0x0, 0x0, 0x0, 0xe, 0xa4, 0xfd,
    0x0, 0x0, 0x0, 0x7, 0xfa, 0x4f, 0xf7, 0x0,
    0x0, 0x1, 0xff, 0xa4, 0xfd, 0xe1, 0x0, 0x0,
    0x9e, 0xea, 0x4f, 0x6f, 0x80, 0x0, 0x2f, 0x6e,
    0xa4, 0xf4, 0x7f, 0x20, 0xa, 0xd0, 0xea, 0x4f,
    0x40, 0xea, 0x3, 0xf4, 0xe, 0xa4, 0xf4, 0x6,
    0xf3, 0xcb, 0x0, 0xea, 0x4f, 0x40, 0xc, 0xef,
    0x30, 0xe, 0xa4, 0xf4, 0x0, 0x4f, 0xa0, 0x0,
    0xea, 0x4f, 0x40, 0x0, 0x71, 0x0, 0xe, 0xa4,
    0xf4, 0x0, 0x0, 0x0, 0x0, 0xea,

    /* U+041D "Н" */
    0x4f, 0x50, 0x0, 0x0, 0x3f, 0x64, 0xf5, 0x0,
    0x0, 0x3, 0xf6, 0x4f, 0x50, 0x0, 0x0, 0x3f,
    0x64, 0xf5, 0x0, 0x0, 0x3, 0xf6, 0x4f, 0x62,
    0x22, 0x22, 0x5f, 0x64, 0xff, 0xff, 0xff, 0xff,
    0xf6, 0x4f, 0x85, 0x55, 0x55, 0x7f, 0x64, 0xf5,
    0x0, 0x0, 0x3, 0xf6, 0x4f, 0x50, 0x0, 0x0,
    0x3f, 0x64, 0xf5, 0x0, 0x0, 0x3, 0xf6, 0x4f,
    0x50, 0x0, 0x0, 0x3f, 0x64, 0xf5, 0x0, 0x0,
    0x3, 0xf6,

    /* U+041E "О" */
    0x0, 0x1, 0x8d, 0xfe, 0xb5, 0x0, 0x0, 0x4,
    0xff, 0xb8, 0x9d, 0xfb, 0x0, 0x2, 0xfd, 0x20,
    0x0, 0x7, 0xfa, 0x0, 0xaf, 0x20, 0x0, 0x0,
    0x9, 0xf3, 0xf, 0xa0, 0x0, 0x0, 0x0, 0x2f,
    0x82, 0xf7, 0x0, 0x0, 0x0, 0x0, 0xea, 0x2f,
    0x70, 0x0, 0x0, 0x0, 0xf, 0xa0, 0xfa, 0x0,
    0x0, 0x0, 0x2, 0xf8, 0xa, 0xf2, 0x0, 0x0,
    0x0, 0x9f, 0x30, 0x2f, 0xd2, 0x0, 0x0, 0x7f,
    0xa0, 0x0, 0x4f, 0xfb, 0x89, 0xdf, 0xb0, 0x0,
    0x0, 0x18, 0xdf, 0xfb, 0x50, 0x0,

    /* U+041F "П" */
    0x4f, 0xff, 0xff, 0xff, 0xff, 0x64, 0xfa, 0x77,
    0x77, 0x78, 0xf6, 0x4f, 0x50, 0x0, 0x0, 0x2f,
    0x64, 0xf5, 0x0, 0x0, 0x2, 0xf6, 0x4f, 0x50,
    0x0, 0x0, 0x2f, 0x64, 0xf5, 0x0, 0x0, 0x2,
    0xf6, 0x4f, 0x50, 0x0, 0x0, 0x2f, 0x64, 0xf5,
    0x0, 0x0, 0x2, 0xf6, 0x4f, 0x50, 0x0, 0x0,
    0x2f, 0x64, 0xf5, 0x0, 0x0, 0x2, 0xf6, 0x4f,
    0x50, 0x0, 0x0, 0x2f, 0x64, 0xf5, 0x0, 0x0,
    0x2, 0xf6,

    /* U+0420 "Р" */
    0x4f, 0xff, 0xff, 0xd8, 0x0, 0x4f, 0xa7, 0x78,
    0xbf, 0xd0, 0x4f, 0x50, 0x0, 0x6, 0xf7, 0x4f,
    0x50, 0x0, 0x0, 0xeb, 0x4f, 0x50, 0x0, 0x0,
    0xeb, 0x4f, 0x50, 0x0, 0x2, 0xf9, 0x4f, 0x62,
    0x23, 0x6e, 0xf2, 0x4f, 0xff, 0xff, 0xfd, 0x30,
    0x4f, 0x85, 0x54, 0x20, 0x0, 0x4f, 0x50, 0x0,
    0x0, 0x0, 0x4f, 0x50, 0x0, 0x0, 0x0, 0x4f,
    0x50, 0x0, 0x0, 0x0,

    /* U+0421 "С" */
    0x0, 0x1, 0x8d, 0xfe, 0xb5, 0x0, 0x0, 0x4f,
    0xfb, 0x89, 0xdf, 0xa0, 0x2, 0xfd, 0x20, 0x0,
    0x7, 0x60, 0xa, 0xf2, 0x0, 0x0, 0x0, 0x0,
    0xf, 0xb0, 0x0, 0x0, 0x0, 0x0, 0x2f, 0x70,
    0x0, 0x0, 0x0, 0x0, 0x2f, 0x70, 0x0, 0x0,
    0x0, 0x0, 0xf, 0xb0, 0x0, 0x0, 0x0, 0x0,
    0xa, 0xf2, 0x0, 0x0, 0x0, 0x0, 0x2, 0xfd,
    0x20, 0x0, 0x7, 0x60, 0x0, 0x4f, 0xfb, 0x89,
    0xdf, 0xa0, 0x0, 0x1, 0x9d, 0xfe, 0xb5, 0x0,

    /* U+0422 "Т" */
    0xcf, 0xff, 0xff, 0xff, 0xf7, 0x57, 0x77, 0xfc,
    0x77, 0x73, 0x0, 0x0, 0xf9, 0x0, 0x0, 0x0,
    0x0, 0xf9, 0x0, 0x0, 0x0, 0x0, 0xf9, 0x0,
    0x0, 0x0, 0x0, 0xf9, 0x0, 0x0, 0x0, 0x0,
    0xf9, 0x0, 0x0, 0x0, 0x0, 0xf9, 0x0, 0x0,
    0x0, 0x0, 0xf9, 0x0, 0x0, 0x0, 0x0, 0xf9,
    0x0, 0x0, 0x0, 0x0, 0xf9, 0x0, 0x0, 0x0,
    0x0, 0xf9, 0x0, 0x0,

    /* U+0423 "У" */
    0x8f, 0x30, 0x0, 0x0, 0xe, 0xa0, 0xeb, 0x0,
    0x0, 0x6, 0xf2, 0x7, 0xf2, 0x0, 0x0, 0xe9,
    0x0, 0xe, 0xa0, 0x0, 0x6f, 0x20, 0x0, 0x7f,
    0x20, 0xe, 0x90, 0x0, 0x0, 0xea, 0x6, 0xf1,
    0x0, 0x0, 0x7, 0xf2, 0xe9, 0x0, 0x0, 0x0,
    0xe, 0xef, 0x10, 0x0, 0x0, 0x0, 0x7f, 0x80,
    0x0, 0x0, 0x0, 0xa, 0xf1, 0x0, 0x0, 0x4,
    0x8b, 0xf6, 0x0, 0x0, 0x0, 0x7f, 0xd6, 0x0,
    0x0, 0x0, 0x0, 0x0, 0x0, 0x0, 0x0, 0x0,

    /* U+0424 "Ф" */
    0x0, 0x0, 0x0, 0x3a, 0x10, 0x0, 0x0, 0x0,
    0x0, 0x0, 0x5, 0xf3, 0x0, 0x0, 0x0, 0x0,
    0x7, 0xdf, 0xff, 0xff, 0xc6, 0x0, 0x0, 0x2e,
    0xf9, 0x68, 0xf6, 0x6b, 0xfc, 0x0, 0xc, 0xe2,
    0x0, 0x5f, 0x20, 0x4, 0xf9, 0x2, 0xf7, 0x0,
    0x5, 0xf2, 0x0, 0xa, 0xf0, 0x4f, 0x40, 0x0,
    0x5f, 0x20, 0x0, 0x7f, 0x12, 0xf6, 0x0, 0x5,
    0xf2, 0x0, 0x9, 0xf0, 0xd, 0xd1, 0x0, 0x5f,
    0x20, 0x2, 0xfa, 0x0, 0x4f, 0xe7, 0x36, 0xf4,
    0x38, 0xee, 0x20, 0x0, 0x2b, 0xff, 0xff, 0xff,
    0xf9, 0x10, 0x0, 0x0, 0x0, 0x37, 0xf5, 0x20,
    0x0, 0x0, 0x0, 0x0, 0x0, 0x5f, 0x20, 0x0,
    0x0, 0x0,

    /* U+0425 "Х" */
    0x2f, 0xb0, 0x0, 0x2, 0xfc, 0x0, 0x7f, 0x60,
    0x0, 0xcf, 0x20, 0x0, 0xcf, 0x10, 0x6f, 0x70,
    0x0, 0x2, 0xfb, 0x2f, 0xc0, 0x0, 0x0, 0x8,
    0xfe, 0xf2, 0x0, 0x0, 0x0, 0xd, 0xf8, 0x0,
    0x0, 0x0, 0x2, 0xff, 0xc0, 0x0, 0x0, 0x0,
    0xbf, 0x9f, 0x70, 0x0, 0x0, 0x6f, 0x70, 0xcf,
    0x20, 0x0, 0x2f, 0xc0, 0x2, 0xfc, 0x0, 0xb,
    0xf2, 0x0, 0x7, 0xf6, 0x6, 0xf7, 0x0, 0x0,
    0xc, 0xf2,

    /* U+0426 "Ц" */
    0x4f, 0x50, 0x0, 0x0, 0x7f, 0x20, 0x4f, 0x50,
    0x0, 0x0, 0x7f, 0x20, 0x4f, 0x50, 0x0, 0x0,
    0x7f, 0x20, 0x4f, 0x50, 0x0, 0x0, 0x7f, 0x20,
    0x4f, 0x50, 0x0, 0x0, 0x7f, 0x20, 0x4f, 0x50,
    0x0, 0x0, 0x7f, 0x20, 0x4f, 0x50, 0x0, 0x0,
    0x7f, 0x20, 0x4f, 0x50, 0x0, 0x0, 0x7f, 0x20,
    0x4f, 0x50, 0x0, 0x0, 0x7f, 0x20, 0x4f, 0x50,
    0x0, 0x0, 0x7f, 0x20, 0x4f, 0xa7, 0x77, 0x77,
    0xbf, 0x86, 0x4f, 0xff, 0xff, 0xff, 0xff, 0xfe,
    0x0, 0x0, 0x0, 0x0, 0x0, 0x9e, 0x0, 0x0,
    0x0, 0x0, 0x0, 0x9e, 0x0, 0x0, 0x0, 0x0,
    0x0, 0x47,

    /* U+0427 "Ч" */
    0x6f, 0x20, 0x0, 0x0, 0xdb, 0x6f, 0x20, 0x0,
    0x0, 0xdb, 0x6f, 0x20, 0x0, 0x0, 0xdb, 0x6f,
    0x20, 0x0, 0x0, 0xdb, 0x6f, 0x30, 0x0, 0x0,
    0xdb, 0x3f, 0x80, 0x0, 0x0, 0xdb, 0xd, 0xf8,
    0x33, 0x5a, 0xfb, 0x2, 0xcf, 0xff, 0xfd, 0xfb,
    0x0, 0x2, 0x44, 0x10, 0xdb, 0x0, 0x0, 0x0,
    0x0, 0xdb, 0x0, 0x0, 0x0, 0x0, 0xdb, 0x0,
    0x0, 0x0, 0x0, 0xdb,

    /* U+0428 "Ш" */
    0x4f, 0x50, 0x0, 0xf, 0x80, 0x0, 0xc, 0xc4,
    0xf5, 0x0, 0x0, 0xf8, 0x0, 0x0, 0xcc, 0x4f,
    0x50, 0x0, 0xf, 0x80, 0x0, 0xc, 0xc4, 0xf5,
    0x0, 0x0, 0xf8, 0x0, 0x0, 0xcc, 0x4f, 0x50,
    0x0, 0xf, 0x80, 0x0, 0xc, 0xc4, 0xf5, 0x0,
    0x0, 0xf8, 0x0, 0x0, 0xcc, 0x4f, 0x50, 0x0,
    0xf, 0x80, 0x0, 0xc, 0xc4, 0xf5, 0x0, 0x0,
    0xf8, 0x0, 0x0, 0xcc, 0x4f, 0x50, 0x0, 0xf,
    0x80, 0x0, 0xc, 0xc4, 0xf5, 0x0, 0x0, 0xf8,
    0x0, 0x0, 0xcc, 0x4f, 0xa7, 0x77, 0x7f, 0xc7,
    0x77, 0x7e, 0xc4, 0xff, 0xff, 0xff, 0xff, 0xff,
    0xff, 0xfc,

    /* U+0429 "Щ" */
    0x4f, 0x50, 0x0, 0xf, 0x80, 0x0, 0xc, 0xc0,
    0x4, 0xf5, 0x0, 0x0, 0xf8, 0x0, 0x0, 0xcc,
    0x0, 0x4f, 0x50, 0x0, 0xf, 0x80, 0x0, 0xc,
    0xc0, 0x4, 0xf5, 0x0, 0x0, 0xf8, 0x0, 0x0,
    0xcc, 0x0, 0x4f, 0x50, 0x0, 0xf, 0x80, 0x0,
    0xc, 0xc0, 0x4, 0xf5, 0x0, 0x0, 0xf8, 0x0,
    0x0, 0xcc, 0x0, 0x4f, 0x50, 0x0, 0xf, 0x80,
    0x0, 0xc, 0xc0, 0x4, 0xf5, 0x0, 0x0, 0xf8,
    0x0, 0x0, 0xcc, 0x0, 0x4f, 0x50, 0x0, 0xf,
    0x80, 0x0, 0xc, 0xc0, 0x4, 0xf5, 0x0, 0x0,
    0xf8, 0x0, 0x0, 0xcc, 0x0, 0x4f, 0xa7, 0x77,
    0x7f, 0xc7, 0x77, 0x7f, 0xf7, 0x34, 0xff, 0xff,
    0xff, 0xff, 0xff, 0xff, 0xff, 0xf7, 0x0, 0x0,
    0x0, 0x0, 0x0, 0x0, 0x0, 0xf, 0x70, 0x0,
    0x0, 0x0, 0x0, 0x0, 0x0, 0x0, 0xf7, 0x0,
    0x0, 0x0, 0x0, 0x0, 0x0, 0x0, 0x8, 0x30,

    /* U+042A "Ъ" */
    0xcf, 0xff, 0xf2, 0x0, 0x0, 0x0, 0x5, 0x77,
    0xaf, 0x20, 0x0, 0x0, 0x0, 0x0, 0x6, 0xf2,
    0x0, 0x0, 0x0, 0x0, 0x0, 0x6f, 0x31, 0x10,
    0x0, 0x0, 0x0, 0x6, 0xff, 0xff, 0xfe, 0xa2,
    0x0, 0x0, 0x6f, 0x64, 0x44, 0x8f, 0xe1, 0x0,
    0x6, 0xf2, 0x0, 0x0, 0x5f, 0x60, 0x0, 0x6f,
    0x20, 0x0, 0x0, 0xf9, 0x0, 0x6, 0xf2, 0x0,
    0x0, 0x1f, 0x80, 0x0, 0x6f, 0x20, 0x0, 0x7,
    0xf5, 0x0, 0x6, 0xf7, 0x55, 0x69, 0xfc, 0x0,
    0x0, 0x6f, 0xff, 0xff, 0xd8, 0x0,

    /* U+042B "Ы" */
    0x4f, 0x50, 0x0, 0x0, 0x0, 0x7, 0xf2, 0x4f,
    0x50, 0x0, 0x0, 0x0, 0x7, 0xf2, 0x4f, 0x50,
    0x0, 0x0, 0x0, 0x7, 0xf2, 0x4f, 0x51, 0x10,
    0x0, 0x0, 0x7, 0xf2, 0x4f, 0xff, 0xff, 0xfb,
    0x30, 0x7, 0xf2, 0x4f, 0x74, 0x44, 0x7e, 0xf2,
    0x7, 0xf2, 0x4f, 0x50, 0x0, 0x2, 0xf9, 0x7,
    0xf2, 0x4f, 0x50, 0x0, 0x0, 0xec, 0x7, 0xf2,
    0x4f, 0x50, 0x0, 0x0, 0xeb, 0x7, 0xf2, 0x4f,
    0x50, 0x0, 0x4, 0xf8, 0x7, 0xf2, 0x4f, 0x85,
    0x55, 0x8f, 0xe1, 0x7, 0xf2, 0x4f, 0xff, 0xff,
    0xe9, 0x10, 0x7, 0xf2,

    /* U+042C "Ь" */
    0x4f, 0x50, 0x0, 0x0, 0x0, 0x4f, 0x50, 0x0,
    0x0, 0x0, 0x4f, 0x50, 0x0, 0x0, 0x0, 0x4f,
    0x51, 0x10, 0x0, 0x0, 0x4f, 0xff, 0xff, 0xfb,
    0x30, 0x4f, 0x74, 0x44, 0x7e, 0xf2, 0x4f, 0x50,
    0x0, 0x2, 0xf9, 0x4f, 0x50, 0x0, 0x0, 0xec,
    0x4f, 0x50, 0x0, 0x0, 0xeb, 0x4f, 0x50, 0x0,
    0x4, 0xf8, 0x4f, 0x85, 0x55, 0x8f, 0xe1, 0x4f,
    0xff, 0xff, 0xe9, 0x10,

    /* U+042D "Э" */
    0x1, 0x8d, 0xfe, 0xb4, 0x0, 0x3, 0xff, 0xa8,
    0x9e, 0xf9, 0x0, 0x9, 0x10, 0x0, 0x9, 0xf7,
    0x0, 0x0, 0x0, 0x0, 0xb, 0xe0, 0x0, 0x0,
    0x11, 0x11, 0x6f, 0x40, 0x0, 0x9f, 0xff, 0xff,
    0xf6, 0x0, 0x2, 0x44, 0x44, 0x7f, 0x60, 0x0,
    0x0, 0x0, 0x7, 0xf4, 0x0, 0x0, 0x0, 0x0,
    0xee, 0x1, 0xc2, 0x0, 0x0, 0xbf, 0x60, 0x3e,
    0xfb, 0x89, 0xef, 0x90, 0x0, 0x18, 0xdf, 0xeb,
    0x50, 0x0,

    /* U+042E "Ю" */
    0x4f, 0x50, 0x0, 0x6, 0xcf, 0xfc, 0x60, 0x0,
    0x4f, 0x50, 0x0, 0xcf, 0xb7, 0x7a, 0xfc, 0x10,
    0x4f, 0x50, 0xa, 0xf5, 0x0, 0x0, 0x4f, 0xb0,
    0x4f, 0x50, 0x3f, 0x80, 0x0, 0x0, 0x7, 0xf3,
    0x4f, 0x50, 0x7f, 0x20, 0x0, 0x0, 0x1, 0xf8,
    0x4f, 0xff, 0xff, 0x0, 0x0, 0x0, 0x0, 0xea,
    0x4f, 0xa8, 0xcf, 0x0, 0x0, 0x0, 0x0, 0xfa,
    0x4f, 0x50, 0x6f, 0x30, 0x0, 0x0, 0x2, 0xf8,
    0x4f, 0x50, 0x1f, 0xa0, 0x0, 0x0, 0x9, 0xf3,
    0x4f, 0x50, 0x9, 0xf7, 0x0, 0x0, 0x6f, 0xb0,
    0x4f, 0x50, 0x0, 0xbf, 0xd9, 0x9d, 0xfc, 0x10,
    0x4f, 0x50, 0x0, 0x5, 0xcf, 0xfc, 0x70, 0x0,

    /* U+042F "Я" */
    0x0, 0x2a, 0xef, 0xff, 0xff, 0x3, 0xff, 0x97,
    0x77, 0xcf, 0xb, 0xf2, 0x0, 0x0, 0x9f, 0xf,
    0xa0, 0x0, 0x0, 0x9f, 0xf, 0x90, 0x0, 0x0,
    0x9f, 0xe, 0xd0, 0x0, 0x0, 0x9f, 0x7, 0xfa,
    0x31, 0x11, 0xaf, 0x0, 0x7f, 0xff, 0xff, 0xff,
    0x0, 0xd, 0xb4, 0x44, 0xbf, 0x0, 0x8f, 0x20,
    0x0, 0x9f, 0x2, 0xf8, 0x0, 0x0, 0x9f, 0xc,
    0xe0, 0x0, 0x0, 0x9f,

    /* U+0430 "а" */
    0x2, 0xae, 0xfd, 0x80, 0x0, 0xcd, 0x87, 0xbf,
    0x90, 0x2, 0x0, 0x0, 0xaf, 0x0, 0x0, 0x0,
    0x6, 0xf1, 0x3, 0xbe, 0xff, 0xff, 0x20, 0xfc,
    0x42, 0x27, 0xf2, 0x3f, 0x50, 0x0, 0x8f, 0x20,
    0xed, 0x54, 0x8f, 0xf2, 0x3, 0xbf, 0xfa, 0x6f,
    0x20,

    /* U+0431 "б" */
    0x0, 0x0, 0x0, 0x2, 0x62, 0x0, 0x0, 0x5b,
    0xff, 0xf5, 0x0, 0x2d, 0xfd, 0x95, 0x20, 0x1,
    0xed, 0x30, 0x0, 0x0, 0x8, 0xf1, 0x1, 0x0,
    0x0, 0xd, 0xa6, 0xef, 0xfc, 0x30, 0xf, 0xde,
    0x75, 0x7e, 0xf2, 0xf, 0xf2, 0x0, 0x2, 0xfa,
    0xf, 0xc0, 0x0, 0x0, 0xcd, 0xc, 0xd0, 0x0,
    0x0, 0xcd, 0x7, 0xf4, 0x0, 0x3, 0xf8, 0x0,
    0xdf, 0x85, 0x8f, 0xd1, 0x0, 0x19, 0xef, 0xe9,
    0x10,

    /* U+0432 "в" */
    0x8f, 0xff, 0xfd, 0x70, 0x8f, 0x33, 0x49, 0xf6,
    0x8f, 0x0, 0x0, 0xf9, 0x8f, 0x0, 0x5, 0xf4,
    0x8f, 0xff, 0xff, 0xb0, 0x8f, 0x22, 0x25, 0xe9,
    0x8f, 0x0, 0x0, 0xad, 0x8f, 0x44, 0x46, 0xfa,
    0x8f, 0xff, 0xfe, 0xa1,

    /* U+0433 "г" */
    0x8f, 0xff, 0xff, 0xb8, 0xf6, 0x66, 0x64, 0x8f,
    0x0, 0x0, 0x8, 0xf0, 0x0, 0x0, 0x8f, 0x0,
    0x0, 0x8, 0xf0, 0x0, 0x0, 0x8f, 0x0, 0x0,
    0x8, 0xf0, 0x0, 0x0, 0x8f, 0x0, 0x0, 0x0,

    /* U+0434 "д" */
    0x0, 0xcf, 0xff, 0xff, 0xd0, 0x0, 0xd, 0xc6,
    0x66, 0xdd, 0x0, 0x0, 0xd8, 0x0, 0xb, 0xd0,
    0x0, 0xe, 0x70, 0x0, 0xbd, 0x0, 0x0, 0xf6,
    0x0, 0xb, 0xd0, 0x0, 0x2f, 0x40, 0x0, 0xbd,
    0x0, 0x6, 0xf1, 0x0, 0xb, 0xd0, 0x5, 0xed,
    0x66, 0x66, 0xde, 0x60, 0xef, 0xff, 0xff, 0xff,
    0xff, 0x1e, 0x90, 0x0, 0x0, 0x5, 0xf1, 0xe9,
    0x0, 0x0, 0x0, 0x5f, 0x10, 0x0, 0x0, 0x0,
    0x0, 0x10,

    /* U+0435 "е" */
    0x0, 0x3b, 0xfe, 0xa2, 0x0, 0x4, 0xfd, 0x77,
    0xde, 0x20, 0xd, 0xd0, 0x0, 0xd, 0xa0, 0x2f,
    0x60, 0x0, 0x7, 0xf0, 0x4f, 0xff, 0xff, 0xff,
    0xf2, 0x2f, 0x72, 0x22, 0x22, 0x20, 0xd, 0xd0,
    0x0, 0x2, 0x0, 0x3, 0xfe, 0x87, 0xaf, 0x50,
    0x0, 0x2a, 0xef, 0xd7, 0x0,

    /* U+0436 "ж" */
    0x4f, 0x50, 0x0, 0xf8, 0x0, 0xc, 0xd0, 0xa,
    0xe0, 0x0, 0xf8, 0x0, 0x6f, 0x40, 0x1, 0xf8,
    0x0, 0xf8, 0x0, 0xea, 0x0, 0x0, 0x7f, 0x31,
    0xf9, 0x19, 0xf1, 0x0, 0x0, 0xf, 0xff, 0xff,
    0xff, 0xa0, 0x0, 0x0, 0x8f, 0x64, 0xfa, 0x4b,
    0xf2, 0x0, 0x3, 0xf9, 0x0, 0xf8, 0x1, 0xec,
    0x0, 0xd, 0xe1, 0x0, 0xf8, 0x0, 0x6f, 0x60,
    0x7f, 0x50, 0x0, 0xf8, 0x0, 0xc, 0xf1,

    /* U+0437 "з" */
    0x7, 0xdf, 0xfb, 0x40, 0xe, 0x96, 0x7d, 0xf4,
    0x0, 0x0, 0x1, 0xf9, 0x0, 0x0, 0x6, 0xf4,
    0x0, 0x8f, 0xff, 0x90, 0x0, 0x12, 0x36, 0xf8,
    0x0, 0x0, 0x0, 0xdc, 0x5e, 0x97, 0x7b, 0xf7,
    0x7, 0xdf, 0xfc, 0x60,

    /* U+0438 "и" */
    0x8f, 0x0, 0x0, 0x3f, 0x98, 0xf0, 0x0, 0x1e,
    0xf9, 0x8f, 0x0, 0xb, 0xef, 0x98, 0xf0, 0x8,
    0xf4, 0xe9, 0x8f, 0x5, 0xf7, 0xe, 0x98, 0xf3,
    0xfa, 0x0, 0xe9, 0x8f, 0xed, 0x0, 0xe, 0x98,
    0xfe, 0x20, 0x0, 0xe9, 0x8f, 0x40, 0x0, 0xe,
    0x90,

    /* U+0439 "й" */
    0x0, 0x70, 0x1, 0x70, 0x0, 0xd, 0x60, 0x7c,
    0x0, 0x0, 0x3c, 0xec, 0x20, 0x0, 0x0, 0x0,
    0x0, 0x0, 0x8f, 0x0, 0x0, 0x3f, 0x98, 0xf0,
    0x0, 0x1e, 0xf9, 0x8f, 0x0, 0xb, 0xef, 0x98,
    0xf0, 0x8, 0xf4, 0xe9, 0x8f, 0x5, 0xf7, 0xe,
    0x98, 0xf3, 0xfa, 0x0, 0xe9, 0x8f, 0xed, 0x0,
    0xe, 0x98, 0xfe, 0x20, 0x0, 0xe9, 0x8f, 0x40,
    0x0, 0xe, 0x90,

    /* U+043A "к" */
    0x8f, 0x0, 0x0, 0xcd, 0x8, 0xf0, 0x0, 0x7f,
    0x20, 0x8f, 0x0, 0x3f, 0x60, 0x8, 0xf1, 0x1d,
    0xa0, 0x0, 0x8f, 0xff, 0xf3, 0x0, 0x8, 0xf4,
    0x5e, 0xc0, 0x0, 0x8f, 0x0, 0x4f, 0x90, 0x8,
    0xf0, 0x0, 0x8f, 0x50, 0x8f, 0x0, 0x0, 0xbe,
    0x20,

    /* U+043B "л" */
    0x0, 0xcf, 0xff, 0xff, 0xc0, 0xd, 0xb6, 0x66,
    0xdc, 0x0, 0xd8, 0x0, 0xc, 0xc0, 0xe, 0x70,
    0x0, 0xcc, 0x0, 0xf6, 0x0, 0xc, 0xc0, 0x1f,
    0x40, 0x0, 0xcc, 0x5, 0xf1, 0x0, 0xc, 0xc6,
    0xed, 0x0, 0x0, 0xcc, 0xde, 0x40, 0x0, 0xc,
    0xc0,

    /* U+043C "м" */
    0x8f, 0x50, 0x0, 0x0, 0x7f, 0x48, 0xfd, 0x0,
    0x0, 0x1f, 0xf4, 0x8f, 0xf7, 0x0, 0x9, 0xef,
    0x48, 0xe7, 0xe1, 0x2, 0xf6, 0xf4, 0x8e, 0xe,
    0x80, 0xbb, 0x2f, 0x48, 0xe0, 0x5f, 0x6f, 0x22,
    0xf4, 0x8e, 0x0, 0xcf, 0x80, 0x2f, 0x48, 0xe0,
    0x3, 0xe0, 0x2, 0xf4, 0x8e, 0x0, 0x0, 0x0,
    0x2f, 0x40,

    /* U+043D "н" */
    0x8f, 0x0, 0x0, 0x2f, 0x68, 0xf0, 0x0, 0x2,
    0xf6, 0x8f, 0x0, 0x0, 0x2f, 0x68, 0xf1, 0x11,
    0x13, 0xf6, 0x8f, 0xff, 0xff, 0xff, 0x68, 0xf4,
    0x44, 0x46, 0xf6, 0x8f, 0x0, 0x0, 0x2f, 0x68,
    0xf0, 0x0, 0x2, 0xf6, 0x8f, 0x0, 0x0, 0x2f,
    0x60,

    /* U+043E "о" */
    0x0, 0x2a, 0xef, 0xc4, 0x0, 0x3, 0xfe, 0x87,
    0xcf, 0x70, 0xd, 0xd1, 0x0, 0xa, 0xf1, 0x2f,
    0x60, 0x0, 0x3, 0xf6, 0x4f, 0x40, 0x0, 0x0,
    0xf7, 0x2f, 0x60, 0x0, 0x3, 0xf6, 0xd, 0xd1,
    0x0, 0xa, 0xf1, 0x3, 0xfe, 0x87, 0xcf, 0x60,
    0x0, 0x2b, 0xef, 0xc4, 0x0,

    /* U+043F "п" */
    0x8f, 0xff, 0xff, 0xff, 0x58, 0xf6, 0x66, 0x68,
    0xf5, 0x8f, 0x0, 0x0, 0x3f, 0x58, 0xf0, 0x0,
    0x3, 0xf5, 0x8f, 0x0, 0x0, 0x3f, 0x58, 0xf0,
    0x0, 0x3, 0xf5, 0x8f, 0x0, 0x0, 0x3f, 0x58,
    0xf0, 0x0, 0x3, 0xf5, 0x8f, 0x0, 0x0, 0x3f,
    0x50,

    /* U+0440 "р" */
    0x8f, 0x2b, 0xfe, 0xb3, 0x0, 0x8f, 0xfb, 0x66,
    0xdf, 0x40, 0x8f, 0x90, 0x0, 0xd, 0xd0, 0x8f,
    0x20, 0x0, 0x6, 0xf2, 0x8f, 0x0, 0x0, 0x4,
    0xf3, 0x8f, 0x20, 0x0, 0x7, 0xf2, 0x8f, 0xa0,
    0x0, 0x1e, 0xd0, 0x8f, 0xec, 0x78, 0xef, 0x30,
    0x8f, 0x2b, 0xff, 0xb3, 0x0, 0x8f, 0x0, 0x0,
    0x0, 0x0, 0x8f, 0x0, 0x0, 0x0, 0x0, 0x8f,
    0x0, 0x0, 0x0, 0x0,

    /* U+0441 "с" */
    0x0, 0x2a, 0xef, 0xc4, 0x0, 0x3f, 0xe8, 0x7c,
    0xf5, 0xd, 0xd1, 0x0, 0x7, 0x12, 0xf6, 0x0,
    0x0, 0x0, 0x4f, 0x40, 0x0, 0x0, 0x2, 0xf6,
    0x0, 0x0, 0x0, 0xd, 0xd1, 0x0, 0x6, 0x10,
    0x3f, 0xe8, 0x7c, 0xf5, 0x0, 0x2a, 0xef, 0xc4,
    0x0,

    /* U+0442 "т" */
    0xff, 0xff, 0xff, 0xfd, 0x66, 0x6e, 0xd6, 0x65,
    0x0, 0xd, 0xb0, 0x0, 0x0, 0xd, 0xb0, 0x0,
    0x0, 0xd, 0xb0, 0x0, 0x0, 0xd, 0xb0, 0x0,
    0x0, 0xd, 0xb0, 0x0, 0x0, 0xd, 0xb0, 0x0,
    0x0, 0xd, 0xb0, 0x0,

    /* U+0443 "у" */
    0xb, 0xd0, 0x0, 0x0, 0xad, 0x0, 0x4f, 0x40,
    0x0, 0x1f, 0x60, 0x0, 0xdb, 0x0, 0x8, 0xf0,
    0x0, 0x6, 0xf2, 0x0, 0xe8, 0x0, 0x0, 0xf,
    0x90, 0x5f, 0x20, 0x0, 0x0, 0x9f, 0xc, 0xb0,
    0x0, 0x0, 0x2, 0xfa, 0xf4, 0x0, 0x0, 0x0,
    0xb, 0xfd, 0x0, 0x0, 0x0, 0x0, 0x5f, 0x60,
    0x0, 0x0, 0x0, 0x9, 0xe0, 0x0, 0x0, 0xb,
    0x78, 0xf7, 0x0, 0x0, 0x0, 0xae, 0xe8, 0x0,
    0x0, 0x0,

    /* U+0444 "ф" */
    0x0, 0x0, 0x5, 0xf3, 0x0, 0x0, 0x0, 0x0,
    0x0, 0x5f, 0x30, 0x0, 0x0, 0x0, 0x0, 0x5,
    0xf3, 0x0, 0x0, 0x0, 0x0, 0x0, 0x5f, 0x30,
    0x0, 0x0, 0x0, 0x3a, 0xef, 0xff, 0xd9, 0x20,
    0x0, 0x4f, 0xfa, 0xaf, 0xaa, 0xff, 0x20, 0xe,
    0xd1, 0x5, 0xf3, 0x1, 0xec, 0x3, 0xf6, 0x0,
    0x5f, 0x30, 0x7, 0xf1, 0x4f, 0x30, 0x5, 0xf3,
    0x0, 0x5f, 0x23, 0xf6, 0x0, 0x5f, 0x30, 0x8,
    0xf1, 0xe, 0xd1, 0x5, 0xf3, 0x2, 0xfc, 0x0,
    0x4f, 0xf9, 0x9f, 0x89, 0xfe, 0x20, 0x0, 0x2a,
    0xef, 0xff, 0xd9, 0x10, 0x0, 0x0, 0x0, 0x5f,
    0x30, 0x0, 0x0, 0x0, 0x0, 0x5, 0xf3, 0x0,
    0x0, 0x0, 0x0, 0x0, 0x5f, 0x30, 0x0, 0x0,

    /* U+0445 "х" */
    0x5f, 0x50, 0x0, 0xae, 0x10, 0x9f, 0x20, 0x6f,
    0x40, 0x0, 0xdc, 0x2f, 0x80, 0x0, 0x3, 0xff,
    0xc0, 0x0, 0x0, 0xb, 0xf5, 0x0, 0x0, 0x5,
    0xfd, 0xe1, 0x0, 0x1, 0xea, 0x1e, 0xb0, 0x0,
    0xcd, 0x0, 0x4f, 0x60, 0x7f, 0x30, 0x0, 0x9f,
    0x30,

    /* U+0446 "ц" */
    0x8f, 0x0, 0x0, 0x5f, 0x30, 0x8f, 0x0, 0x0,
    0x5f, 0x30, 0x8f, 0x0, 0x0, 0x5f, 0x30, 0x8f,
    0x0, 0x0, 0x5f, 0x30, 0x8f, 0x0, 0x0, 0x5f,
    0x30, 0x8f, 0x0, 0x0, 0x5f, 0x30, 0x8f, 0x0,
    0x0, 0x5f, 0x30, 0x8f, 0x66, 0x66, 0x9f, 0x83,
    0x8f, 0xff, 0xff, 0xff, 0xf8, 0x0, 0x0, 0x0,
    0x0, 0xe8, 0x0, 0x0, 0x0, 0x0, 0xe8, 0x0,
    0x0, 0x0, 0x0, 0x0,

    /* U+0447 "ч" */
    0x5f, 0x30, 0x0, 0x4f, 0x45, 0xf3, 0x0, 0x4,
    0xf4, 0x5f, 0x30, 0x0, 0x4f, 0x44, 0xf4, 0x0,
    0x4, 0xf4, 0x1f, 0xc3, 0x14, 0xaf, 0x40, 0x5e,
    0xff, 0xfc, 0xf4, 0x0, 0x2, 0x30, 0x4f, 0x40,
    0x0, 0x0, 0x4, 0xf4, 0x0, 0x0, 0x0, 0x4f,
    0x40,

    /* U+0448 "ш" */
    0x8f, 0x0, 0x3, 0xf4, 0x0, 0xf, 0x98, 0xf0,
    0x0, 0x3f, 0x40, 0x0, 0xf9, 0x8f, 0x0, 0x3,
    0xf4, 0x0, 0xf, 0x98, 0xf0, 0x0, 0x3f, 0x40,
    0x0, 0xf9, 0x8f, 0x0, 0x3, 0xf4, 0x0, 0xf,
    0x98, 0xf0, 0x0, 0x3f, 0x40, 0x0, 0xf9, 0x8f,
    0x0, 0x3, 0xf4, 0x0, 0xf, 0x98, 0xf6, 0x66,
    0x8f, 0x96, 0x66, 0xf9, 0x8f, 0xff, 0xff, 0xff,
    0xff, 0xff, 0x90,

    /* U+0449 "щ" */
    0x8f, 0x0, 0x3, 0xf4, 0x0, 0xf, 0x90, 0x8f,
    0x0, 0x3, 0xf4, 0x0, 0xf, 0x90, 0x8f, 0x0,
    0x3, 0xf4, 0x0, 0xf, 0x90, 0x8f, 0x0, 0x3,
    0xf4, 0x0, 0xf, 0x90, 0x8f, 0x0, 0x3, 0xf4,
    0x0, 0xf, 0x90, 0x8f, 0x0, 0x3, 0xf4, 0x0,
    0xf, 0x90, 0x8f, 0x0, 0x3, 0xf4, 0x0, 0xf,
    0x90, 0x8f, 0x66, 0x68, 0xf9, 0x66, 0x6f, 0xf5,
    0x8f, 0xff, 0xff, 0xff, 0xff, 0xff, 0xfd, 0x0,
    0x0, 0x0, 0x0, 0x0, 0x0, 0xad, 0x0, 0x0,
    0x0, 0x0, 0x0, 0x0, 0xad,

    /* U+044A "ъ" */
    0xff, 0xff, 0x30, 0x0, 0x0, 0x66, 0x9f, 0x30,
    0x0, 0x0, 0x0, 0x5f, 0x30, 0x0, 0x0, 0x0,
    0x5f, 0xff, 0xfd, 0x70, 0x0, 0x5f, 0x53, 0x39,
    0xf5, 0x0, 0x5f, 0x30, 0x0, 0xea, 0x0, 0x5f,
    0x30, 0x0, 0xea, 0x0, 0x5f, 0x63, 0x4a, 0xf5,
    0x0, 0x5f, 0xff, 0xfd, 0x60,

    /* U+044B "ы" */
    0x8f, 0x0, 0x0, 0x0, 0x2f, 0x68, 0xf0, 0x0,
    0x0, 0x2, 0xf6, 0x8f, 0x0, 0x0, 0x0, 0x2f,
    0x68, 0xff, 0xff, 0xd5, 0x2, 0xf6, 0x8f, 0x33,
    0x4a, 0xf3, 0x2f, 0x68, 0xf0, 0x0, 0xf, 0x82,
    0xf6, 0x8f, 0x0, 0x0, 0xf8, 0x2f, 0x68, 0xf3,
    0x34, 0xbf, 0x32, 0xf6, 0x8f, 0xff, 0xfc, 0x40,
    0x2f, 0x60,

    /* U+044C "ь" */
    0x8f, 0x0, 0x0, 0x0, 0x8f, 0x0, 0x0, 0x0,
    0x8f, 0x0, 0x0, 0x0, 0x8f, 0xff, 0xfd, 0x60,
    0x8f, 0x33, 0x39, 0xf5, 0x8f, 0x0, 0x0, 0xea,
    0x8f, 0x0, 0x0, 0xf9, 0x8f, 0x33, 0x4a, 0xf4,
    0x8f, 0xff, 0xfc, 0x50,

    /* U+044D "э" */
    0x6, 0xcf, 0xeb, 0x40, 0x5, 0xf9, 0x56, 0xcf,
    0x50, 0x2, 0x0, 0x0, 0xaf, 0x10, 0x0, 0x0,
    0x2, 0xf6, 0x0, 0x3f, 0xff, 0xff, 0x70, 0x0,
    0x33, 0x34, 0xf6, 0x1, 0x0, 0x0, 0x9f, 0x15,
    0xf9, 0x66, 0xbf, 0x50, 0x6, 0xcf, 0xfb, 0x40,
    0x0,

    /* U+044E "ю" */
    0x8f, 0x0, 0x4, 0xbf, 0xeb, 0x30, 0x8, 0xf0,
    0x5, 0xfc, 0x66, 0xcf, 0x40, 0x8f, 0x0, 0xec,
    0x0, 0x0, 0xcd, 0x8, 0xf8, 0x9f, 0x50, 0x0,
    0x5, 0xf2, 0x8f, 0xff, 0xf3, 0x0, 0x0, 0x3f,
    0x48, 0xf0, 0x2f, 0x50, 0x0, 0x6, 0xf2, 0x8f,
    0x0, 0xdc, 0x0, 0x0, 0xdd, 0x8, 0xf0, 0x3,
    0xfd, 0x77, 0xdf, 0x40, 0x8f, 0x0, 0x3, 0xbf,
    0xfb, 0x30, 0x0,

    /* U+044F "я" */
    0x0, 0x8d, 0xff, 0xff, 0x40, 0xbf, 0x96, 0x67,
    0xf4, 0x1f, 0x90, 0x0, 0x1f, 0x41, 0xf7, 0x0,
    0x1, 0xf4, 0xd, 0xd2, 0x0, 0x1f, 0x40, 0x2c,
    0xff, 0xff, 0xf4, 0x0, 0x8f, 0x32, 0x3f, 0x40,
    0x3f, 0x60, 0x1, 0xf4, 0xd, 0xb0, 0x0, 0x1f,
    0x40,

    /* U+0451 "ё" */
    0x0, 0x3e, 0x13, 0xe1, 0x0, 0x0, 0x19, 0x2,
    0x90, 0x0, 0x0, 0x0, 0x0, 0x0, 0x0, 0x0,
    0x3b, 0xfe, 0xa2, 0x0, 0x4, 0xfd, 0x77, 0xde,
    0x20, 0xd, 0xd0, 0x0, 0xd, 0xa0, 0x2f, 0x60,
    0x0, 0x7, 0xf0, 0x4f, 0xff, 0xff, 0xff, 0xf2,
    0x2f, 0x72, 0x22, 0x22, 0x20, 0xd, 0xd0, 0x0,
    0x2, 0x0, 0x3, 0xfe, 0x87, 0xaf, 0x50, 0x0,
    0x2a, 0xef, 0xd7, 0x0,

    /* U+2022 "•" */
    0x0, 0x8, 0xf8, 0xef, 0xe7, 0xf7,

    /* U+2212 "−" */
    0xff, 0xff, 0xff, 0x11, 0x11, 0x11,

    /* U+E257 "" */
    0x0, 0x0, 0x0, 0x4, 0x0, 0x0, 0x0, 0x0,
    0x0, 0x0, 0x18, 0xef, 0xf9, 0x20, 0x0, 0x0,
    0x0, 0x3a, 0xff, 0xff, 0xff, 0xfb, 0x50, 0x0,
    0x6d, 0xff, 0xff, 0xff, 0xff, 0xff, 0xfe, 0x70,
    0x29, 0xff, 0xff, 0xff, 0xff, 0xff, 0xfa, 0x30,
    0x0, 0x6, 0xdf, 0xff, 0xff, 0xe8, 0x10, 0x0,
    0x8c, 0x60, 0x4, 0xaf, 0xc5, 0x0, 0x4b, 0xa0,
    0x6, 0xce, 0x82, 0x0, 0x1, 0x7e, 0xd7, 0x10,
    0x13, 0x3, 0xaf, 0xb8, 0xaf, 0xb4, 0x2, 0x20,
    0x7e, 0xd6, 0x1, 0x7c, 0x82, 0x5, 0xbf, 0x90,
    0x0, 0x5c, 0xf9, 0x20, 0x17, 0xed, 0x71, 0x0,
    0x0, 0x0, 0x3a, 0xfe, 0xfb, 0x40, 0x0, 0x0,
    0x0, 0x0, 0x0, 0x16, 0x20, 0x0, 0x0, 0x0,

    /* U+E690 "" */
    0x0, 0x4, 0x10, 0x0, 0x0, 0x0, 0x0, 0x0,
    0xbf, 0xe1, 0x0, 0x0, 0x0, 0x0, 0xc7, 0xff,
    0xf6, 0xdd, 0xdd, 0xdd, 0xdb, 0x95, 0xff, 0xf6,
    0xaa, 0xaa, 0xaa, 0xa8, 0x0, 0x9f, 0xd0, 0x0,
    0x0, 0x0, 0x0, 0x0, 0x1, 0x0, 0x0, 0x5,
    0x92, 0x0, 0x12, 0x22, 0x22, 0x22, 0x3f, 0xfd,
    0x11, 0xff, 0xff, 0xff, 0xff, 0x7f, 0xff, 0x9e,
    0x46, 0x66, 0x66, 0x66, 0x5f, 0xfe, 0x34, 0x0,
    0x0, 0x0, 0x0, 0x9, 0xc5, 0x0, 0x0, 0x0,
    0x1d, 0xf6, 0x0, 0x0, 0x0, 0x79, 0x99, 0x7f,
    0xfd, 0x69, 0x99, 0x97, 0xdf, 0xff, 0x8f, 0xfd,
    0xaf, 0xff, 0xfd, 0x0, 0x0, 0x3f, 0xfa, 0x0,
    0x0, 0x0, 0x0, 0x0, 0x3, 0x50, 0x0, 0x0,
    0x0,

    /* U+E70F "" */
    0x0, 0x0, 0x0, 0x0, 0x13, 0x68, 0x40, 0x14,
    0x68, 0x3c, 0xff, 0xff, 0xf7, 0xff, 0xff, 0xf5,
    0xff, 0xff, 0xff, 0x7f, 0xff, 0xff, 0x5f, 0xff,
    0xff, 0xf7, 0xff, 0xff, 0xf5, 0xff, 0xff, 0xff,
    0x7f, 0xff, 0xff, 0x5f, 0xff, 0xff, 0xf7, 0x88,
    0x77, 0x72, 0x66, 0x55, 0x55, 0x2f, 0xff, 0xff,
    0x6f, 0xff, 0xff, 0xf7, 0xff, 0xff, 0xf6, 0xff,
    0xff, 0xff, 0x7f, 0xff, 0xff, 0x6f, 0xff, 0xff,
    0xf7, 0xff, 0xff, 0xf6, 0xff, 0xff, 0xff, 0x72,
    0x46, 0x9b, 0x5f, 0xff, 0xff, 0xf7, 0x0, 0x0,
    0x0, 0x1, 0x36, 0x8a, 0x50,

    /* U+E711 "" */
    0x0, 0x0, 0x0, 0x33, 0x0, 0x0, 0x0, 0x0,
    0x5f, 0x50, 0x0, 0x0, 0x0, 0xd, 0xb0, 0x0,
    0x0, 0x16, 0x72, 0x26, 0x85, 0x0, 0x2e, 0xff,
    0xff, 0xff, 0xf7, 0xa, 0xff, 0xff, 0xff, 0xfe,
    0x10, 0xef, 0xff, 0xff, 0xff, 0x80, 0xf, 0xff,
    0xff, 0xff, 0xf8, 0x0, 0xdf, 0xff, 0xff, 0xff,
    0xd0, 0x9, 0xff, 0xff, 0xff, 0xff, 0xc0, 0x2f,
    0xff, 0xff, 0xff, 0xfa, 0x0, 0x8f, 0xff, 0xff,
    0xff, 0x20, 0x0, 0x9c, 0x86, 0xac, 0x40, 0x0,

    /* U+EA6D "" */
    0x0, 0x0, 0x0, 0x0, 0x2, 0x0, 0x0, 0x0,
    0x0, 0x0, 0x0, 0x3b, 0xfd, 0xfc, 0x30, 0x0,
    0x0, 0x0, 0x6, 0xd5, 0x0, 0x5, 0xe5, 0x0,
    0x0, 0x0, 0x3e, 0x10, 0x0, 0x0, 0x2e, 0x20,
    0x0, 0x0, 0xa6, 0x0, 0x0, 0x0, 0x7, 0x90,
    0x0, 0x0, 0xe1, 0x0, 0x0, 0x0, 0x2, 0xe0,
    0x0, 0x0, 0xf0, 0x0, 0x0, 0x0, 0x0, 0xf0,
    0x0, 0x0, 0xd2, 0x0, 0x0, 0x0, 0x3, 0xd0,
    0x0, 0x0, 0x88, 0x0, 0x0, 0x0, 0x9, 0x70,
    0x0, 0x0, 0x1e, 0x50, 0x0, 0x0, 0x6d, 0x0,
    0x0, 0x0, 0x2e, 0xea, 0x53, 0x4a, 0xd1, 0x0,
    0x0, 0x1, 0xe5, 0x6, 0xbc, 0xb6, 0x0, 0x0,
    0x0, 0xd, 0x70, 0x0, 0x0, 0x0, 0x0, 0x0,
    0x0, 0xb9, 0x0, 0x0, 0x0, 0x0, 0x0, 0x0,
    0x9, 0xa0, 0x0, 0x0, 0x0, 0x0, 0x0, 0x0,
    0x7c, 0x0, 0x0, 0x0, 0x0, 0x0, 0x0, 0x0,
    0x71, 0x0, 0x0, 0x0, 0x0, 0x0, 0x0, 0x0,

    /* U+EA74 "" */
    0x0, 0x0, 0x0, 0x13, 0x20, 0x0, 0x0, 0x0,
    0x0, 0x4, 0xbc, 0xaa, 0xda, 0x20, 0x0, 0x0,
    0x8, 0xb2, 0x0, 0x0, 0x3c, 0x60, 0x0, 0x8,
    0x90, 0x0, 0x0, 0x0, 0xc, 0x40, 0x2, 0xd0,
    0x0, 0x1, 0x20, 0x0, 0x1e, 0x0, 0x96, 0x0,
    0x0, 0x4a, 0x0, 0x0, 0x96, 0xd, 0x10, 0x0,
    0x1, 0x30, 0x0, 0x5, 0xa0, 0xf0, 0x0, 0x0,
    0x6d, 0x0, 0x0, 0x3c, 0xf, 0x10, 0x0, 0x6,
    0xd0, 0x0, 0x4, 0xb0, 0xc5, 0x0, 0x0, 0x6d,
    0x0, 0x0, 0x98, 0x7, 0xc0, 0x0, 0x5, 0xa0,
    0x0, 0x1e, 0x30, 0xe, 0x70, 0x0, 0x0, 0x0,
    0xb, 0xb0, 0x0, 0x3f, 0x90, 0x0, 0x0, 0x1b,
    0xd1, 0x0, 0x0, 0x3d, 0xea, 0x77, 0xaf, 0xb1,
    0x0, 0x0, 0x0, 0x5, 0x9b, 0xb9, 0x30, 0x0,
    0x0,

    /* U+EA9A "" */
    0x0, 0x0, 0x3, 0x0, 0x0, 0x0, 0x0, 0x0,
    0xf0, 0x0, 0x0, 0x0, 0x0, 0xf, 0x0, 0x0,
    0x0, 0x0, 0x0, 0xf0, 0x0, 0x0, 0x0, 0x0,
    0xf, 0x0, 0x0, 0x0, 0x0, 0x0, 0xf0, 0x0,
    0x0, 0x0, 0x0, 0xf, 0x0, 0x0, 0x8, 0x50,
    0x0, 0xf0, 0x0, 0x48, 0x3e, 0x40, 0xf, 0x0,
    0x4e, 0x30, 0x3e, 0x40, 0xf0, 0x4e, 0x30, 0x0,
    0x2e, 0x4f, 0x4e, 0x30, 0x0, 0x0, 0x2e, 0xfe,
    0x30, 0x0, 0x0, 0x0, 0x2b, 0x30, 0x0, 0x0,

    /* U+EA9B "" */
    0x0, 0x0, 0x0, 0x0, 0x0, 0x0, 0x0, 0x0,
    0xa, 0x70, 0x0, 0x0, 0x0, 0x0, 0x9, 0xc0,
    0x0, 0x0, 0x0, 0x0, 0x9, 0xc0, 0x0, 0x0,
    0x0, 0x0, 0x9, 0xc0, 0x0, 0x0, 0x0, 0x0,
    0x9, 0xe4, 0x44, 0x44, 0x44, 0x44, 0x40, 0xee,
    0xbb, 0xbb, 0xbb, 0xbb, 0xbb, 0x2, 0xe5, 0x0,
    0x0, 0x0, 0x0, 0x0, 0x2, 0xe5, 0x0, 0x0,
    0x0, 0x0, 0x0, 0x2, 0xe6, 0x0, 0x0, 0x0,
    0x0, 0x0, 0x2, 0xe5, 0x0, 0x0, 0x0, 0x0,
    0x0, 0x2, 0x20, 0x0, 0x0, 0x0,

    /* U+EA9C "" */
    0x0, 0x0, 0x0, 0x0, 0x0, 0x0, 0x0, 0x0,
    0x0, 0x7, 0x80, 0x0, 0x0, 0x0, 0x0, 0x0,
    0x1d, 0x80, 0x0, 0x0, 0x0, 0x0, 0x0, 0x1d,
    0x80, 0x0, 0x0, 0x0, 0x0, 0x0, 0x1d, 0x90,
    0x2, 0x22, 0x22, 0x22, 0x22, 0x3e, 0x90, 0xcc,
    0xcc, 0xcc, 0xcc, 0xcc, 0xef, 0x0, 0x0, 0x0,
    0x0, 0x0, 0x4e, 0x40, 0x0, 0x0, 0x0, 0x0,
    0x4e, 0x30, 0x0, 0x0, 0x0, 0x0, 0x4e, 0x30,
    0x0, 0x0, 0x0, 0x0, 0x4e, 0x30, 0x0, 0x0,
    0x0, 0x0, 0x3, 0x30, 0x0, 0x0,

    /* U+EAA1 "" */
    0x0, 0x0, 0x3, 0x0, 0x0, 0x0, 0x0, 0x9,
    0xf9, 0x0, 0x0, 0x0, 0x9, 0xcf, 0xc9, 0x0,
    0x0, 0x9, 0xc0, 0xf1, 0xc9, 0x0, 0x9, 0xc0,
    0xf, 0x1, 0xc9, 0x8, 0xc0, 0x0, 0xf0, 0x1,
    0xc8, 0x31, 0x0, 0xf, 0x0, 0x1, 0x30, 0x0,
    0x0, 0xf0, 0x0, 0x0, 0x0, 0x0, 0xf, 0x0,
    0x0, 0x0, 0x0, 0x0, 0xf0, 0x0, 0x0, 0x0,
    0x0, 0xf, 0x0, 0x0, 0x0, 0x0, 0x0, 0xf0,
    0x0, 0x0, 0x0, 0x0, 0xb, 0x0, 0x0, 0x0,

    /* U+EB01 "" */
    0x0, 0x2, 0x9d, 0xed, 0x92, 0x0, 0x0, 0x0,
    0x7f, 0xaf, 0x28, 0xed, 0x70, 0x0, 0x8, 0xd2,
    0x98, 0x0, 0xf2, 0xa8, 0x0, 0x3f, 0x20, 0xe2,
    0x0, 0xa6, 0xd, 0x30, 0xaf, 0xff, 0xff, 0xff,
    0xff, 0xff, 0xa0, 0xd3, 0x14, 0xc1, 0x11, 0x5c,
    0x12, 0xe0, 0xf1, 0x3, 0xc0, 0x0, 0x4b, 0x0,
    0xf0, 0xe2, 0x1, 0xe0, 0x0, 0x59, 0x1, 0xe0,
    0xaf, 0xff, 0xff, 0xff, 0xff, 0xff, 0xb0, 0x4f,
    0x10, 0x98, 0x12, 0xf2, 0xd, 0x40, 0x9, 0xc1,
    0x3e, 0x7, 0xb0, 0x99, 0x0, 0x0, 0x9e, 0x7b,
    0xbf, 0x6c, 0x90, 0x0, 0x0, 0x4, 0xae, 0xfe,
    0xa4, 0x0, 0x0, 0x0, 0x0, 0x0, 0x0, 0x0,
    0x0, 0x0,

    /* U+EB05 "" */
    0x0, 0x59, 0x71, 0x0, 0x17, 0x85, 0x0, 0xc,
    0xc7, 0x9e, 0x55, 0xe9, 0x7c, 0xb0, 0x98, 0x0,
    0x3, 0xee, 0x20, 0x0, 0xa9, 0xe0, 0x0, 0x0,
    0x22, 0x0, 0x0, 0x2e, 0xf0, 0x0, 0x0, 0x0,
    0x0, 0x0, 0x1f, 0xc5, 0x0, 0x0, 0x0, 0x0,
    0x0, 0x7b, 0x3e, 0x30, 0x0, 0x0, 0x0, 0x4,
    0xe2, 0x4, 0xe4, 0x0, 0x0, 0x0, 0x4e, 0x30,
    0x0, 0x4e, 0x40, 0x0, 0x4, 0xe3, 0x0, 0x0,
    0x4, 0xe4, 0x0, 0x4e, 0x30, 0x0, 0x0, 0x0,
    0x4e, 0x44, 0xe3, 0x0, 0x0, 0x0, 0x0, 0x4,
    0xee, 0x30, 0x0, 0x0, 0x0, 0x0, 0x0, 0x43,
    0x0, 0x0, 0x0,

    /* U+EB06 "" */
    0x0, 0x0, 0x0, 0x76, 0x0, 0x0, 0x0, 0x0,
    0x0, 0xa, 0xcd, 0x80, 0x0, 0x0, 0x0, 0x0,
    0xbb, 0x1, 0xc9, 0x0, 0x0, 0x0, 0x1c, 0xa0,
    0x0, 0xb, 0xb0, 0x0, 0x2, 0xd8, 0x0, 0x0,
    0x0, 0xac, 0x10, 0x2e, 0xe0, 0x0, 0x0, 0x0,
    0x1f, 0xd1, 0x67, 0xe0, 0x0, 0x0, 0x0, 0x1f,
    0x74, 0x1, 0xe0, 0x0, 0x0, 0x0, 0x1f, 0x0,
    0x1, 0xe0, 0xe, 0xff, 0xd0, 0x1f, 0x0, 0x1,
    0xe0, 0xe, 0x1, 0xf0, 0x1f, 0x0, 0x1, 0xe0,
    0xe, 0x1, 0xf0, 0x1f, 0x0, 0x1, 0xe0, 0xe,
    0x1, 0xf0, 0x1f, 0x0, 0x0, 0xdf, 0xfc, 0x0,
    0xdf, 0xfc, 0x0,

    /* U+EB1C "" */
    0x23, 0x33, 0x33, 0x33, 0x33, 0x33, 0x32, 0xff,
    0xcc, 0xcc, 0xcc, 0xcc, 0xcc, 0xff, 0xfb, 0xc1,
    0x0, 0x0, 0x0, 0x1c, 0xbf, 0xf0, 0x7e, 0x40,
    0x0, 0x4, 0xe7, 0xf, 0xf0, 0x3, 0xe7, 0x0,
    0x7e, 0x40, 0xf, 0xf0, 0x0, 0x1c, 0xbb, 0xc1,
    0x0, 0xf, 0xf0, 0x0, 0x0, 0x88, 0x0, 0x0,
    0xf, 0xf0, 0x0, 0x0, 0x0, 0x0, 0x0, 0xf,
    0xf0, 0x0, 0x0, 0x0, 0x0, 0x0, 0xf, 0xf3,
    0x33, 0x33, 0x33, 0x33, 0x33, 0x3f, 0xac, 0xcc,
    0xcc, 0xcc, 0xcc, 0xcc, 0xca,

    /* U+EEE8 "" */
    0x0, 0x0, 0x0, 0x7, 0x60, 0x0, 0x0, 0x0,
    0x0, 0x0, 0x0, 0xaf, 0xd0, 0x0, 0x0, 0x0,
    0x0, 0x0, 0xb, 0xff, 0xe0, 0x0, 0x0, 0x0,
    0x0, 0x12, 0xcf, 0xff, 0xe0, 0x0, 0x0, 0x0,
    0x7f, 0xff, 0xff, 0xff, 0xe0, 0x3f, 0x30, 0x8d,
    0xff, 0xff, 0xff, 0xff, 0xe0, 0xa, 0xfa, 0xf5,
    0xff, 0xff, 0xff, 0xff, 0xe0, 0x0, 0xdf, 0x80,
    0xff, 0xff, 0xff, 0xff, 0xe0, 0x9, 0xfc, 0xf3,
    0x9f, 0xff, 0xff, 0xff, 0xe0, 0x4f, 0x50, 0xae,
    0x2, 0x34, 0xef, 0xff, 0xe0, 0x1, 0x0, 0x1,
    0x0, 0x0, 0x1d, 0xff, 0xe0, 0x0, 0x0, 0x0,
    0x0, 0x0, 0x0, 0xbf, 0xd0, 0x0, 0x0, 0x0,
    0x0, 0x0, 0x0, 0x9, 0x70, 0x0, 0x0, 0x0,

    /* U+EFBA "" */
    0x0, 0x4a, 0xc1, 0xda, 0x50, 0x0, 0x8, 0xff,
    0xf1, 0xff, 0xfa, 0x0, 0x5f, 0xff, 0xf1, 0xff,
    0xff, 0x70, 0xcf, 0xff, 0xf1, 0xff, 0xff, 0xe0,
    0xff, 0xff, 0xf1, 0xff, 0xff, 0xf0, 0xbb, 0xbb,
    0xb0, 0xbb, 0xbb, 0xb0, 0x66, 0x66, 0x66, 0x66,
    0x66, 0x60, 0xff, 0xff, 0xff, 0xff, 0xff, 0xf1,
    0xff, 0xff, 0xff, 0xff, 0xff, 0xf1, 0xff, 0xff,
    0xff, 0xff, 0xff, 0xf1, 0xff, 0xff, 0xff, 0xff,
    0xff, 0xf0, 0xdf, 0xff, 0xff, 0xff, 0xff, 0xe0,
    0x7f, 0xff, 0xff, 0xff, 0xff, 0x80, 0xb, 0xff,
    0xff, 0xff, 0xfc, 0x0, 0x0, 0x6c, 0xff, 0xfd,
    0x70, 0x0,

    /* U+F021 "" */
    0x0, 0x0, 0x38, 0xaa, 0x82, 0x0, 0x21, 0x0,
    0x1b, 0xff, 0xff, 0xff, 0x90, 0xec, 0x1, 0xdf,
    0xc5, 0x22, 0x6d, 0xfc, 0xfd, 0xa, 0xfa, 0x0,
    0x0, 0x1, 0xcf, 0xfd, 0x1f, 0xe0, 0x0, 0x0,
    0x1f, 0xff, 0xfd, 0xb, 0x40, 0x0, 0x0, 0x1b,
    0xcc, 0xc7, 0x0, 0x0, 0x0, 0x0, 0x0, 0x0,
    0x0, 0x8b, 0xbb, 0x90, 0x0, 0x0, 0x2, 0x50,
    0xff, 0xff, 0xe0, 0x0, 0x0, 0xe, 0xf0, 0xff,
    0xf9, 0x0, 0x0, 0x0, 0x9f, 0xa0, 0xff, 0xff,
    0x91, 0x0, 0x1a, 0xfe, 0x10, 0xfc, 0x3e, 0xff,
    0xdd, 0xff, 0xd2, 0x0, 0x21, 0x1, 0x8d, 0xff,
    0xd7, 0x0, 0x0, 0x0, 0x0, 0x0, 0x0, 0x0,
    0x0, 0x0,

    /* U+F027 "" */
    0x0, 0x0, 0x0, 0x0, 0x0, 0x0, 0x0, 0x0,
    0x0, 0xad, 0x0, 0x0, 0x0, 0x0, 0x1c, 0xff,
    0x0, 0x0, 0x0, 0x1, 0xdf, 0xff, 0x0, 0x0,
    0x5c, 0xdf, 0xff, 0xff, 0x3, 0x20, 0xff, 0xff,
    0xff, 0xff, 0x7, 0xd0, 0xff, 0xff, 0xff, 0xff,
    0x1, 0xf2, 0xff, 0xff, 0xff, 0xff, 0x6, 0xe0,
    0x7e, 0xff, 0xff, 0xff, 0x4, 0x30, 0x0, 0x3,
    0xef, 0xff, 0x0, 0x0, 0x0, 0x0, 0x2d, 0xff,
    0x0, 0x0, 0x0, 0x0, 0x1, 0xce, 0x0, 0x0,
    0x0, 0x0, 0x0, 0x1, 0x0, 0x0,

    /* U+F028 "" */
    0x0, 0x0, 0x0, 0x0, 0x0, 0x0, 0x0, 0x0,
    0x0, 0x0, 0x0, 0xad, 0x0, 0x0, 0xab, 0x0,
    0x0, 0x0, 0x1c, 0xff, 0x0, 0x2, 0x1d, 0xa0,
    0x0, 0x1, 0xdf, 0xff, 0x0, 0x1f, 0x52, 0xf3,
    0x5c, 0xdf, 0xff, 0xff, 0x3, 0x25, 0xe0, 0xaa,
    0xff, 0xff, 0xff, 0xff, 0x7, 0xd0, 0xe5, 0x5d,
    0xff, 0xff, 0xff, 0xff, 0x1, 0xf2, 0xc6, 0x3f,
    0xff, 0xff, 0xff, 0xff, 0x6, 0xe0, 0xd5, 0x5e,
    0x7e, 0xff, 0xff, 0xff, 0x4, 0x34, 0xf1, 0x9a,
    0x0, 0x3, 0xef, 0xff, 0x0, 0xe, 0x71, 0xf4,
    0x0, 0x0, 0x2d, 0xff, 0x0, 0x4, 0xc, 0xb0,
    0x0, 0x0, 0x1, 0xce, 0x0, 0x0, 0xad, 0x10,
    0x0, 0x0, 0x0, 0x1, 0x0, 0x0, 0x20, 0x0,

    /* U+F03E "" */
    0x4e, 0xff, 0xff, 0xff, 0xff, 0xff, 0xfd, 0x4e,
    0xb7, 0x77, 0x77, 0x77, 0x77, 0x77, 0xcd, 0xf6,
    0x0, 0x0, 0x0, 0x0, 0x0, 0x7, 0xef, 0x60,
    0xdf, 0x40, 0x0, 0x0, 0x0, 0x7e, 0xf6, 0x2f,
    0xf7, 0x0, 0x0, 0x0, 0x7, 0xef, 0x60, 0x68,
    0x10, 0x3, 0x10, 0x0, 0x7e, 0xf6, 0x0, 0x0,
    0x3, 0xfd, 0x0, 0x7, 0xef, 0x60, 0x16, 0x1,
    0xef, 0xfa, 0x0, 0x7e, 0xf6, 0xa, 0xf7, 0xbf,
    0xff, 0xf7, 0x7, 0xef, 0x66, 0xff, 0xff, 0xff,
    0xff, 0xf3, 0x7e, 0xf8, 0xff, 0xff, 0xff, 0xff,
    0xff, 0xe9, 0xee, 0xff, 0xff, 0xff, 0xff, 0xff,
    0xff, 0xfd, 0x5f, 0xff, 0xff, 0xff, 0xff, 0xff,
    0xfe, 0x50, 0x0, 0x0, 0x0, 0x0, 0x0, 0x0,
    0x0,

    /* U+F058 "" */
    0x0, 0x0, 0x39, 0xbc, 0xb8, 0x20, 0x0, 0x0,
    0x1, 0xbf, 0xff, 0xff, 0xff, 0x80, 0x0, 0x1,
    0xdf, 0xff, 0xff, 0xff, 0xff, 0xb0, 0x0, 0xcf,
    0xff, 0xff, 0xff, 0xff, 0xff, 0x80, 0x5f, 0xff,
    0xff, 0xff, 0xff, 0xff, 0xff, 0x1b, 0xff, 0xff,
    0xff, 0xff, 0x65, 0xff, 0xf7, 0xef, 0xff, 0xff,
    0xff, 0x60, 0xaf, 0xff, 0xaf, 0xff, 0xf0, 0x7f,
    0x60, 0xaf, 0xff, 0xfb, 0xef, 0xff, 0x90, 0x20,
    0xaf, 0xff, 0xff, 0xab, 0xff, 0xff, 0x90, 0xaf,
    0xff, 0xff, 0xf7, 0x6f, 0xff, 0xff, 0xff, 0xff,
    0xff, 0xff, 0x20, 0xdf, 0xff, 0xff, 0xff, 0xff,
    0xff, 0x90, 0x2, 0xef, 0xff, 0xff, 0xff, 0xff,
    0xc0, 0x0, 0x2, 0xcf, 0xff, 0xff, 0xff, 0xa0,
    0x0, 0x0, 0x0, 0x5b, 0xde, 0xda, 0x40, 0x0,
    0x0,

    /* U+F0C4 "" */
    0x3, 0xac, 0x81, 0x0, 0x0, 0x0, 0x0, 0x4,
    0xff, 0xff, 0xd0, 0x0, 0x0, 0x5d, 0xd3, 0xcf,
    0x51, 0xaf, 0x60, 0x0, 0x5f, 0xff, 0x4f, 0xe0,
    0x4, 0xf9, 0x0, 0x4f, 0xff, 0x50, 0xcf, 0x73,
    0xbf, 0x80, 0x4f, 0xff, 0x50, 0x3, 0xff, 0xff,
    0xff, 0x7f, 0xff, 0x50, 0x0, 0x2, 0x8a, 0x9f,
    0xff, 0xff, 0x50, 0x0, 0x0, 0x0, 0x0, 0x9f,
    0xff, 0x50, 0x0, 0x0, 0x1, 0x8a, 0x9f, 0xff,
    0x67, 0x60, 0x0, 0x3, 0xff, 0xff, 0xff, 0x66,
    0xff, 0x50, 0x0, 0xcf, 0x73, 0xcf, 0x80, 0x5f,
    0xff, 0x50, 0xf, 0xe0, 0x4, 0xf9, 0x0, 0x6f,
    0xff, 0x40, 0xdf, 0x30, 0x9f, 0x70, 0x0, 0x6f,
    0xff, 0x35, 0xff, 0xff, 0xe1, 0x0, 0x0, 0x6f,
    0xf4, 0x5, 0xce, 0xa2, 0x0, 0x0, 0x0, 0x0,
    0x0,

    /* U+F0C5 "" */
    0x0, 0x0, 0x9e, 0xff, 0xfe, 0x90, 0x0, 0x0,
    0x3f, 0x86, 0x66, 0x8f, 0x90, 0x0, 0x4, 0xf1,
    0x0, 0x0, 0x6f, 0x80, 0x1, 0x4f, 0x10, 0x0,
    0x0, 0x9e, 0x7f, 0xc4, 0xf1, 0x0, 0x0, 0x7,
    0xef, 0x93, 0x4f, 0x10, 0x0, 0x0, 0x7e, 0xf6,
    0x4, 0xf1, 0x0, 0x0, 0x7, 0xef, 0x60, 0x4f,
    0x10, 0x0, 0x0, 0x7e, 0xf6, 0x4, 0xf1, 0x0,
    0x0, 0x7, 0xef, 0x60, 0x4f, 0x42, 0x22, 0x22,
    0x9e, 0xf6, 0x0, 0xdf, 0xff, 0xff, 0xff, 0x7f,
    0x60, 0x0, 0x34, 0x44, 0x44, 0x20, 0xf6, 0x0,
    0x0, 0x2, 0xd3, 0x0, 0xe, 0xb7, 0x77, 0x77,
    0x9f, 0x20, 0x0, 0x4e, 0xff, 0xff, 0xfe, 0x80,
    0x0, 0x0,

    /* U+F0EA "" */
    0x0, 0x5, 0xc8, 0x0, 0x0, 0x0, 0x0, 0x7,
    0xee, 0xf7, 0xee, 0xea, 0x0, 0x0, 0x0, 0xff,
    0xff, 0x6e, 0xff, 0xf3, 0x0, 0x0, 0xf, 0xff,
    0xff, 0xf7, 0x12, 0x22, 0x10, 0x0, 0xff, 0xff,
    0xfb, 0x4f, 0xff, 0xff, 0x90, 0xf, 0xff, 0xff,
    0x88, 0xff, 0xff, 0xff, 0xa0, 0xff, 0xff, 0xf8,
    0x8f, 0xff, 0xff, 0xff, 0x8f, 0xff, 0xff, 0x88,
    0xff, 0xff, 0xff, 0xfc, 0xff, 0xff, 0xf8, 0x8f,
    0xff, 0xff, 0xff, 0xcf, 0xff, 0xff, 0x88, 0xff,
    0xff, 0xff, 0xfc, 0xff, 0xff, 0xf8, 0x8f, 0xff,
    0xff, 0xff, 0xcf, 0xff, 0xff, 0x88, 0xff, 0xff,
    0xff, 0xfc, 0xaf, 0xff, 0xf8, 0x8f, 0xff, 0xff,
    0xff, 0xc0, 0x11, 0x11, 0x8, 0xff, 0xff, 0xff,
    0xfb, 0x0, 0x0, 0x0, 0x2d, 0xff, 0xff, 0xfe,
    0x50,

    /* U+F100 "" */
    0x0, 0x0, 0x5e, 0x40, 0x0, 0xbc, 0x0, 0x5,
    0xff, 0x30, 0xb, 0xfc, 0x0, 0x5f, 0xf5, 0x0,
    0xbf, 0xc0, 0x5, 0xff, 0x40, 0xb, 0xfc, 0x0,
    0x5f, 0xf4, 0x0, 0xbf, 0xc0, 0x0, 0xff, 0x70,
    0x6, 0xff, 0x10, 0x0, 0x7f, 0xf3, 0x1, 0xdf,
    0xa0, 0x0, 0x7, 0xff, 0x30, 0x1d, 0xfa, 0x0,
    0x0, 0x7f, 0xf3, 0x1, 0xdf, 0xa0, 0x0, 0x7,
    0xff, 0x20, 0x1d, 0xfa, 0x0, 0x0, 0x7f, 0x50,
    0x1, 0xdd, 0x0, 0x0, 0x0, 0x0, 0x0, 0x0,

    /* U+F101 "" */
    0xcb, 0x0, 0x4, 0xe5, 0x0, 0x0, 0xcf, 0xb0,
    0x3, 0xff, 0x50, 0x0, 0xc, 0xfb, 0x0, 0x5f,
    0xf5, 0x0, 0x0, 0xcf, 0xb0, 0x5, 0xff, 0x50,
    0x0, 0xc, 0xfb, 0x0, 0x4f, 0xf5, 0x0, 0x1,
    0xff, 0x60, 0x7, 0xff, 0x0, 0xa, 0xfd, 0x10,
    0x3f, 0xf7, 0x0, 0xaf, 0xd1, 0x3, 0xff, 0x70,
    0xa, 0xfd, 0x10, 0x3f, 0xf7, 0x0, 0xaf, 0xd1,
    0x2, 0xff, 0x70, 0x0, 0xdd, 0x10, 0x5, 0xf7,
    0x0, 0x0, 0x0, 0x0, 0x0, 0x0, 0x0, 0x0,

    /* U+F102 "" */
    0x0, 0x0, 0x4d, 0x50, 0x0, 0x0, 0x0, 0x4,
    0xff, 0xf5, 0x0, 0x0, 0x0, 0x4f, 0xf9, 0xff,
    0x50, 0x0, 0x4, 0xff, 0x60, 0x4f, 0xf5, 0x0,
    0x4f, 0xf6, 0x0, 0x4, 0xff, 0x50, 0xef, 0x60,
    0x4, 0x0, 0x4f, 0xf0, 0x65, 0x0, 0xaf, 0xb0,
    0x4, 0x60, 0x0, 0xa, 0xff, 0xfb, 0x0, 0x0,
    0x0, 0xaf, 0xd2, 0xcf, 0xb0, 0x0, 0xa, 0xfd,
    0x10, 0xc, 0xfb, 0x0, 0xaf, 0xd1, 0x0, 0x0,
    0xcf, 0xb0, 0xdd, 0x10, 0x0, 0x0, 0xc, 0xe0,
    0x0, 0x0, 0x0, 0x0, 0x0, 0x0,

    /* U+F103 "" */
    0xcb, 0x0, 0x0, 0x0, 0xa, 0xd0, 0xcf, 0xb0,
    0x0, 0x0, 0xaf, 0xd0, 0xc, 0xfb, 0x0, 0xa,
    0xfd, 0x10, 0x0, 0xcf, 0xb0, 0xaf, 0xd1, 0x0,
    0x0, 0xc, 0xfe, 0xfd, 0x10, 0x0, 0x43, 0x0,
    0xcf, 0xd1, 0x2, 0x40, 0xff, 0x40, 0x6, 0x10,
    0x3f, 0xf0, 0x6f, 0xf4, 0x0, 0x3, 0xff, 0x70,
    0x6, 0xff, 0x40, 0x3f, 0xf7, 0x0, 0x0, 0x6f,
    0xf7, 0xef, 0x70, 0x0, 0x0, 0x5, 0xff, 0xf7,
    0x0, 0x0, 0x0, 0x0, 0x5f, 0x70, 0x0, 0x0,
    0x0, 0x0, 0x0, 0x0, 0x0, 0x0,

    /* U+F11C "" */
    0x5e, 0xff, 0xff, 0xff, 0xff, 0xff, 0xff, 0xe5,
    0xea, 0x66, 0x66, 0x66, 0x66, 0x66, 0x66, 0xae,
    0xf5, 0x6, 0x5, 0x14, 0x22, 0x50, 0x60, 0x5f,
    0xf5, 0x1e, 0x2c, 0x4a, 0x76, 0xc2, 0xe1, 0x5f,
    0xf5, 0x1, 0x1, 0x0, 0x0, 0x0, 0x10, 0x5f,
    0xf5, 0x1f, 0x2e, 0x5b, 0x87, 0xd3, 0xf1, 0x5f,
    0xf5, 0x3, 0x2, 0x2, 0x11, 0x20, 0x30, 0x5f,
    0xf5, 0x0, 0x4a, 0xaa, 0xaa, 0xa4, 0x0, 0x5f,
    0xf5, 0x0, 0x5b, 0xbb, 0xbb, 0xb5, 0x0, 0x5f,
    0xea, 0x66, 0x66, 0x66, 0x66, 0x66, 0x66, 0xae,
    0x5e, 0xff, 0xff, 0xff, 0xff, 0xff, 0xff, 0xe5,

    /* U+F1EC "" */
    0x3b, 0xdd, 0xdd, 0xdd, 0xdc, 0x40, 0xef, 0xff,
    0xff, 0xff, 0xff, 0xf0, 0xff, 0x20, 0x0, 0x0,
    0x1e, 0xf1, 0xfd, 0x0, 0x0, 0x0, 0xc, 0xf1,
    0xff, 0x20, 0x0, 0x0, 0x1e, 0xf1, 0xff, 0xff,
    0xff, 0xff, 0xff, 0xf1, 0xfe, 0x16, 0xd0, 0xd6,
    0xe, 0xf1, 0xff, 0x59, 0xe5, 0xe9, 0x5f, 0xf1,
    0xff, 0xde, 0xfc, 0xfe, 0xcf, 0xf1, 0xfe, 0x5,
    0xc0, 0xc5, 0xd, 0xf1, 0xff, 0xef, 0xfd, 0xff,
    0xef, 0xf1, 0xff, 0x32, 0x23, 0xe8, 0x3e, 0xf1,
    0xfe, 0x0, 0x0, 0xc6, 0xe, 0xf1, 0xef, 0xfe,
    0xef, 0xff, 0xff, 0xf0, 0x4e, 0xff, 0xff, 0xff,
    0xfe, 0x50,

    /* U+F204 "" */
    0x0, 0x7, 0xbc, 0xcc, 0xcc, 0xcb, 0x70, 0x0,
    0x3, 0xef, 0xff, 0xff, 0xff, 0xff, 0xfe, 0x20,
    0x1e, 0xf8, 0x20, 0x0, 0x0, 0x2, 0x9f, 0xe1,
    0x9f, 0x75, 0xef, 0xc1, 0x0, 0x0, 0x7, 0xf8,
    0xdf, 0x2f, 0xff, 0xfb, 0x0, 0x0, 0x0, 0xfd,
    0xfc, 0x4f, 0xff, 0xff, 0x0, 0x0, 0x0, 0xdf,
    0xee, 0x2f, 0xff, 0xfc, 0x0, 0x0, 0x0, 0xee,
    0xaf, 0x57, 0xff, 0xe3, 0x0, 0x0, 0x6, 0xf9,
    0x2f, 0xf5, 0x13, 0x0, 0x0, 0x0, 0x6f, 0xf2,
    0x5, 0xff, 0xfd, 0xdd, 0xdd, 0xdf, 0xff, 0x40,
    0x0, 0x29, 0xdf, 0xff, 0xff, 0xfd, 0x92, 0x0,

    /* U+F205 "" */
    0x0, 0x6, 0xab, 0xbb, 0xbb, 0xba, 0x60, 0x0,
    0x2, 0xdf, 0xff, 0xff, 0xff, 0xff, 0xfd, 0x20,
    0x1e, 0xff, 0xff, 0xff, 0xff, 0xff, 0xff, 0xe1,
    0x8f, 0xff, 0xff, 0xff, 0xe4, 0x2, 0xbf, 0xf8,
    0xdf, 0xff, 0xff, 0xff, 0x40, 0x0, 0xe, 0xfd,
    0xff, 0xff, 0xff, 0xff, 0x0, 0x0, 0xb, 0xff,
    0xef, 0xff, 0xff, 0xff, 0x30, 0x0, 0xd, 0xfe,
    0xaf, 0xff, 0xff, 0xff, 0xc1, 0x0, 0x8f, 0xf9,
    0x2f, 0xff, 0xff, 0xff, 0xff, 0xce, 0xff, 0xf2,
    0x5, 0xff, 0xff, 0xff, 0xff, 0xff, 0xff, 0x40,
    0x0, 0x29, 0xdf, 0xff, 0xff, 0xfd, 0x92, 0x0,

    /* U+F2D3 "" */
    0x4d, 0xee, 0xee, 0xee, 0xee, 0xec, 0x3e, 0xff,
    0xff, 0xff, 0xff, 0xff, 0xfd, 0xff, 0xff, 0xff,
    0xff, 0xff, 0xff, 0xef, 0xff, 0xff, 0xff, 0xff,
    0xff, 0xfe, 0xff, 0xff, 0x29, 0xf8, 0x2f, 0xff,
    0xef, 0xff, 0xf6, 0x5, 0x8, 0xff, 0xfe, 0xff,
    0xff, 0xf3, 0x4, 0xff, 0xff, 0xef, 0xff, 0xf8,
    0x3, 0x9, 0xff, 0xfe, 0xff, 0xff, 0x7, 0xf6,
    0x1f, 0xff, 0xef, 0xff, 0xff, 0xff, 0xff, 0xff,
    0xfe, 0xff, 0xff, 0xff, 0xff, 0xff, 0xff, 0xee,
    0xff, 0xff, 0xff, 0xff, 0xff, 0xfd, 0x5f, 0xff,
    0xff, 0xff, 0xff, 0xfe, 0x40, 0x0, 0x0, 0x0,
    0x0, 0x0, 0x0,

    /* U+F2EA "" */
    0x41, 0x0, 0x6b, 0xdd, 0xb5, 0x0, 0x0, 0xfd,
    0x4d, 0xff, 0xff, 0xff, 0xc1, 0x0, 0xff, 0xff,
    0xa3, 0x0, 0x3b, 0xfd, 0x0, 0xff, 0xfe, 0x10,
    0x0, 0x0, 0xaf, 0x80, 0xff, 0xff, 0xc0, 0x0,
    0x0, 0xe, 0xe0, 0x8a, 0xaa, 0x80, 0x0, 0x0,
    0x9, 0xf3, 0x0, 0x0, 0x0, 0x0, 0x0, 0x7,
    0xf5, 0x0, 0x0, 0x0, 0x0, 0x0, 0x9, 0xf3,
    0x0, 0x0, 0x0, 0x0, 0x0, 0xe, 0xf0, 0x0,
    0x34, 0x0, 0x0, 0x0, 0x8f, 0x90, 0x0, 0xdf,
    0x81, 0x0, 0x1a, 0xfe, 0x10, 0x0, 0x4f, 0xff,
    0xdd, 0xff, 0xd2, 0x0, 0x0, 0x1, 0x9d, 0xff,
    0xd7, 0x0, 0x0, 0x0, 0x0, 0x0, 0x0, 0x0,
    0x0, 0x0,

    /* U+F2F9 "" */
    0x0, 0x2, 0x9d, 0xec, 0x82, 0x0, 0x51, 0x0,
    0x8f, 0xff, 0xff, 0xff, 0x78, 0xf5, 0x8, 0xfe,
    0x61, 0x1, 0x7f, 0xff, 0xf6, 0x3f, 0xe2, 0x0,
    0x0, 0x9, 0xff, 0xf6, 0xaf, 0x50, 0x0, 0x0,
    0x7f, 0xff, 0xf5, 0xef, 0x0, 0x0, 0x0, 0x5a,
    0xaa, 0x91, 0xfd, 0x0, 0x0, 0x0, 0x0, 0x0,
    0x0, 0xee, 0x0, 0x0, 0x0, 0x0, 0x0, 0x0,
    0xbf, 0x40, 0x0, 0x0, 0x0, 0x0, 0x0, 0x4f,
    0xd1, 0x0, 0x0, 0x1, 0x60, 0x0, 0xa, 0xfd,
    0x40, 0x0, 0x4e, 0xf3, 0x0, 0x0, 0xaf, 0xfe,
    0xde, 0xff, 0x90, 0x0, 0x0, 0x4, 0xbf, 0xfe,
    0xb4, 0x0, 0x0, 0x0, 0x0, 0x0, 0x0, 0x0,
    0x0, 0x0,

    /* U+F4EE "" */
    0x0, 0x0, 0x0, 0x0, 0x20, 0x0, 0x0, 0x0,
    0x0, 0x0, 0x0, 0xee, 0x60, 0x0, 0x0, 0x0,
    0x0, 0x0, 0xcf, 0xf9, 0x0, 0x0, 0x0, 0x0,
    0x0, 0xad, 0x8f, 0x60, 0x0, 0x0, 0x0, 0x0,
    0xbc, 0xb, 0xf0, 0x0, 0x0, 0x0, 0x0, 0xf9,
    0x4, 0xf5, 0x0, 0x0, 0x0, 0x7, 0xf3, 0x0,
    0xf8, 0x0, 0x0, 0x0, 0x4f, 0xa0, 0x0, 0xe9,
    0x21, 0x0, 0x28, 0xfc, 0x0, 0x0, 0xf8, 0xef,
    0xee, 0xff, 0x90, 0x0, 0x5, 0xf4, 0xaf, 0xb8,
    0x61, 0x0, 0x0, 0xd, 0xd0, 0x1e, 0xe2, 0x0,
    0x0, 0x0, 0xbf, 0x40, 0x3, 0xef, 0x94, 0x23,
    0x7e, 0xf5, 0x0, 0x0, 0x1a, 0xff, 0xff, 0xfc,
    0x30, 0x0, 0x0, 0x0, 0x4, 0x54, 0x10, 0x0,
    0x0,

    /* U+F522 "" */
    0x0, 0x0, 0x0, 0x1, 0x0, 0x0, 0x0, 0x0,
    0x0, 0x0, 0x0, 0xd, 0x80, 0x0, 0x0, 0x0,
    0x0, 0x0, 0x0, 0xe, 0x90, 0x0, 0x0, 0x0,
    0x0, 0xbb, 0x0, 0x8, 0x40, 0x1, 0xcb, 0x0,
    0x0, 0x3f, 0x70, 0x26, 0x62, 0x9, 0xf4, 0x0,
    0x0, 0x1, 0x8, 0xff, 0xff, 0x81, 0x10, 0x0,
    0x0, 0x0, 0x7f, 0x92, 0x2a, 0xf6, 0x0, 0x0,
    0x0, 0x0, 0xeb, 0x0, 0x0, 0xcd, 0x0, 0x0,
    0xdf, 0xd0, 0xf7, 0x0, 0x0, 0x8f, 0xd, 0xfd,
    0x57, 0x50, 0xea, 0x0, 0x0, 0xbd, 0x5, 0x74,
    0x0, 0x0, 0x8f, 0x70, 0x8, 0xf7, 0x0, 0x0,
    0x0, 0x0, 0xa, 0xff, 0xff, 0xa0, 0x0, 0x0,
    0x0, 0x1d, 0x80, 0x48, 0x83, 0x9, 0xd1, 0x0,
    0x0, 0xbf, 0x30, 0x1, 0x0, 0x4, 0xfb, 0x0,
    0x0, 0x64, 0x0, 0xd, 0x80, 0x0, 0x46, 0x0,
    0x0, 0x0, 0x0, 0xe, 0x90, 0x0, 0x0, 0x0,
    0x0, 0x0, 0x0, 0x8, 0x40, 0x0, 0x0, 0x0,

    /* U+F01EA "󰇪" */
    0x0, 0x0, 0x0, 0x0, 0x0, 0x0, 0x0, 0xa1,
    0x0, 0x0, 0x0, 0x6, 0xfb, 0x0, 0x0, 0x0,
    0x1f, 0xff, 0x60, 0x0, 0x0, 0xbf, 0xff, 0xf1,
    0x0, 0x6, 0xff, 0xff, 0xfb, 0x0, 0x1f, 0xff,
    0xff, 0xff, 0x60, 0x58, 0x88, 0x88, 0x88, 0x80,
    0x11, 0x11, 0x11, 0x11, 0x10, 0xff, 0xff, 0xff,
    0xff, 0xf5, 0x33, 0x33, 0x33, 0x33, 0x31,

    /* U+F0311 "󰌑" */
    0x0, 0x0, 0x20, 0x0, 0x0, 0x0, 0x0, 0x0,
    0x3, 0xf7, 0x0, 0x0, 0x0, 0xb5, 0x0, 0x3f,
    0xb0, 0x0, 0x0, 0x0, 0xe6, 0x3, 0xfc, 0x11,
    0x11, 0x11, 0x11, 0xe6, 0xe, 0xff, 0xff, 0xff,
    0xff, 0xff, 0xf6, 0x4, 0xfc, 0x33, 0x33, 0x33,
    0x33, 0x31, 0x0, 0x4f, 0x90, 0x0, 0x0, 0x0,
    0x0, 0x0, 0x4, 0xf7, 0x0, 0x0, 0x0, 0x0,
    0x0, 0x0, 0x40, 0x0, 0x0, 0x0, 0x0,

    /* U+F0312 "󰌒" */
    0x0, 0x0, 0x0, 0x0, 0x0, 0x0, 0x13, 0x0,
    0x0, 0x0, 0xa, 0xb0, 0x0, 0x4f, 0x0, 0x0,
    0x0, 0x3, 0xfb, 0x0, 0x4f, 0x0, 0x0, 0x0,
    0x0, 0x3f, 0xb0, 0x4f, 0xdd, 0xdd, 0xdd, 0xdd,
    0xdf, 0xfa, 0x4f, 0x66, 0x66, 0x66, 0x66, 0x7e,
    0xf4, 0x4f, 0x0, 0x0, 0x0, 0x0, 0x9f, 0x40,
    0x4f, 0x0, 0x0, 0x0, 0x9, 0xf4, 0x0, 0x4f,
    0x0, 0x0, 0x0, 0x4, 0x40, 0x0, 0x3c,

    /* U+F0379 "󰍹" */
    0x1, 0x11, 0x11, 0x11, 0x11, 0x11, 0x11, 0xb,
    0xff, 0xff, 0xff, 0xff, 0xff, 0xff, 0xf9, 0xf7,
    0x33, 0x33, 0x33, 0x33, 0x33, 0x38, 0xef, 0x50,
    0x0, 0x0, 0x0, 0x0, 0x0, 0x6e, 0xf5, 0x0,
    0x0, 0x0, 0x0, 0x0, 0x6, 0xef, 0x50, 0x0,
    0x0, 0x0, 0x0, 0x0, 0x6e, 0xf5, 0x0, 0x0,
    0x0, 0x0, 0x0, 0x6, 0xef, 0x50, 0x0, 0x0,
    0x0, 0x0, 0x0, 0x6e, 0xf5, 0x0, 0x0, 0x0,
    0x0, 0x0, 0x6, 0xef, 0x50, 0x0, 0x0, 0x0,
    0x0, 0x0, 0x6e, 0xef, 0xff, 0xff, 0xff, 0xff,
    0xff, 0xff, 0xc1, 0x66, 0x66, 0x6f, 0xfc, 0x66,
    0x66, 0x51, 0x0, 0x0, 0x1, 0xff, 0xb1, 0x0,
    0x0, 0x0, 0x0, 0x4, 0xff, 0xff, 0xf0, 0x0,
    0x0, 0x0, 0x0, 0x13, 0x33, 0x33, 0x0, 0x0,
    0x0,

    /* U+F0387 "󰎇" */
    0x0, 0x0, 0x99, 0x99, 0x0, 0x0, 0xff, 0xff,
    0x0, 0x0, 0xff, 0xff, 0x0, 0x0, 0xf5, 0x0,
    0x0, 0x0, 0xf5, 0x0, 0x0, 0x0, 0xf5, 0x0,
    0x0, 0x0, 0xf5, 0x0, 0x8, 0xca, 0xf5, 0x0,
    0x9f, 0xff, 0xf5, 0x0, 0xef, 0xff, 0xf5, 0x0,
    0xdf, 0xff, 0xf3, 0x0, 0x5f, 0xff, 0xa0, 0x0,
    0x2, 0x64, 0x0, 0x0,

    /* U+F03E4 "󰏤" */
    0x11, 0x0, 0x0, 0x11, 0xff, 0xa0, 0xa, 0xff,
    0xff, 0xa0, 0xa, 0xff, 0xff, 0xa0, 0xa, 0xff,
    0xff, 0xa0, 0xa, 0xff, 0xff, 0xa0, 0xa, 0xff,
    0xff, 0xa0, 0xa, 0xff, 0xff, 0xa0, 0xa, 0xff,
    0xff, 0xa0, 0xa, 0xff, 0xff, 0xa0, 0xa, 0xff,
    0x33, 0x20, 0x2, 0x33,

    /* U+F0425 "󰐥" */
    0x0, 0x0, 0x0, 0x0, 0x0, 0x0, 0x0, 0x4,
    0xf0, 0x0, 0x0, 0x0, 0x20, 0x4f, 0x0, 0x20,
    0x0, 0xae, 0x4, 0xf0, 0x4f, 0x50, 0x5f, 0x30,
    0x4f, 0x0, 0x8f, 0x1c, 0xa0, 0x4, 0xf0, 0x0,
    0xe7, 0xf6, 0x0, 0x4f, 0x0, 0xa, 0xae, 0x60,
    0x3, 0x90, 0x0, 0xba, 0xbb, 0x0, 0x0, 0x0,
    0xf, 0x74, 0xf5, 0x0, 0x0, 0x9, 0xe1, 0x8,
    0xf9, 0x32, 0x5b, 0xf4, 0x0, 0x5, 0xdf, 0xff,
    0xb3, 0x0, 0x0, 0x0, 0x12, 0x10, 0x0, 0x0,

    /* U+F04AD "󰒭" */
    0x0, 0x0, 0x0, 0x13, 0xd2, 0x0, 0x0, 0x5f,
    0xff, 0x70, 0x0, 0x5f, 0xff, 0xfb, 0x10, 0x5f,
    0xff, 0xff, 0xe4, 0x5f, 0xff, 0xff, 0x90, 0x5f,
    0xff, 0xe5, 0x0, 0x5f, 0xfb, 0x10, 0x0, 0x5f,
    0x60, 0x0, 0x0, 0x4c,

    /* U+F04AE "󰒮" */
    0x31, 0x0, 0x0, 0x0, 0xf5, 0x0, 0x0, 0x2d,
    0xf5, 0x0, 0x7, 0xff, 0xf5, 0x1, 0xbf, 0xff,
    0xf5, 0x4e, 0xff, 0xff, 0xf5, 0x9, 0xff, 0xff,
    0xf5, 0x0, 0x4e, 0xff, 0xf5, 0x0, 0x1, 0xbf,
    0xc4, 0x0, 0x0, 0x6,

    /* U+F04B2 "󰒲" */
    0x0, 0x0, 0x0, 0x0, 0x0, 0xbf, 0xff, 0x30,
    0x0, 0x0, 0x0, 0x0, 0x4, 0x6d, 0xf2, 0x0,
    0x0, 0x3, 0x44, 0x40, 0x7, 0xf5, 0x0, 0x0,
    0x0, 0xef, 0xff, 0x24, 0xf7, 0x0, 0x0, 0x0,
    0x0, 0x2e, 0xc0, 0xbf, 0xff, 0x39, 0x99, 0x90,
    0xc, 0xe1, 0x4, 0x66, 0x61, 0xee, 0xff, 0x8,
    0xf5, 0x10, 0x0, 0x0, 0x0, 0x3f, 0x80, 0xef,
    0xff, 0x20, 0x0, 0x0, 0x2e, 0xa0, 0x3, 0x33,
    0x30, 0x0, 0x0, 0xd, 0xf6, 0x60, 0x0, 0x0,
    0x0, 0x0, 0x0, 0xff, 0xff, 0x0, 0x0, 0x0,
    0x0, 0x0, 0x0,

    /* U+F04B3 "󰒳" */
    0x6, 0x0, 0x0, 0x0, 0x0, 0x6, 0x66, 0x51,
    0xdb, 0x0, 0x0, 0x0, 0x1, 0xff, 0xfe, 0x1,
    0xdb, 0x0, 0x0, 0x0, 0x0, 0x5f, 0x60, 0x1,
    0xda, 0x8, 0xff, 0x70, 0x4f, 0x70, 0x0, 0x1,
    0xda, 0x8, 0xf5, 0x1f, 0xea, 0x94, 0x44, 0x41,
    0xda, 0x4, 0x1, 0xbb, 0xba, 0xff, 0xff, 0x4,
    0xfa, 0x0, 0x0, 0x0, 0x0, 0x3f, 0xa0, 0x9f,
    0xfa, 0x0, 0x0, 0x0, 0xd, 0xd0, 0x3, 0x55,
    0xda, 0x0, 0x0, 0xa, 0xf3, 0x10, 0x0, 0x1,
    0xda, 0x0, 0x0, 0xff, 0xff, 0x0, 0x0, 0x1,
    0xda, 0x0, 0x4, 0x44, 0x40, 0x0, 0x0, 0x1,
    0xd9, 0x0, 0x0, 0x0, 0x0, 0x0, 0x0, 0x1,
    0x30, 0x0,

    /* U+F04DB "󰓛" */
    0x33, 0x33, 0x33, 0x33, 0xff, 0xff, 0xff, 0xff,
    0xff, 0xff, 0xff, 0xff, 0xff, 0xff, 0xff, 0xff,
    0xff, 0xff, 0xff, 0xff, 0xff, 0xff, 0xff, 0xff,
    0xff, 0xff, 0xff, 0xff, 0xff, 0xff, 0xff, 0xff,
    0xcc, 0xcc, 0xcc, 0xcc,

    /* U+F0634 "󰘴" */
    0x0, 0x0, 0x3, 0x0, 0x0, 0x0, 0x0, 0xc,
    0xf3, 0x0, 0x0, 0x0, 0xc, 0xeb, 0xf3, 0x0,
    0x0, 0xc, 0xe2, 0xb, 0xf3, 0x0, 0xc, 0xe2,
    0x0, 0xa, 0xf3, 0xb, 0xe2, 0x0, 0x0, 0xa,
    0xf2, 0x32, 0x0, 0x0, 0x0, 0x5, 0x0,

    /* U+F0635 "󰘵" */
    0xff, 0xff, 0x40, 0xa, 0xff, 0xff, 0x66, 0x6c,
    0xc0, 0x4, 0x66, 0x66, 0x0, 0x3, 0xf4, 0x0,
    0x0, 0x0, 0x0, 0x0, 0xcc, 0x0, 0x0, 0x0,
    0x0, 0x0, 0x4f, 0x40, 0x0, 0x0, 0x0, 0x0,
    0xc, 0xc0, 0x0, 0x0, 0x0, 0x0, 0x4, 0xf3,
    0x0, 0x0, 0x0, 0x0, 0x0, 0xcb, 0x0, 0x0,
    0x0, 0x0, 0x0, 0x4f, 0x30, 0x0, 0x0, 0x0,
    0x0, 0xc, 0xc6, 0x66, 0x0, 0x0, 0x0, 0x5,
    0xff, 0xff,

    /* U+F0636 "󰘶" */
    0x0, 0x0, 0x0, 0x7, 0x0, 0x0, 0x0, 0x0,
    0x0, 0x0, 0xb, 0xfb, 0x0, 0x0, 0x0, 0x0,
    0x0, 0xb, 0xf6, 0xfb, 0x0, 0x0, 0x0, 0x0,
    0xb, 0xe3, 0x3, 0xeb, 0x0, 0x0, 0x0, 0xb,
    0xe3, 0x0, 0x3, 0xeb, 0x0, 0x0, 0xb, 0xf9,
    0x20, 0x0, 0x29, 0xfb, 0x0, 0xa, 0xff, 0xf7,
    0x0, 0x6, 0xff, 0xfb, 0x0, 0x0, 0xe, 0x70,
    0x0, 0x6e, 0x0, 0x0, 0x0, 0x0, 0xe7, 0x0,
    0x6, 0xe0, 0x0, 0x0, 0x0, 0xe, 0xa6, 0x66,
    0xae, 0x0, 0x0, 0x0, 0x0, 0xdf, 0xff, 0xff,
    0xe0, 0x0, 0x0,

    /* U+F0B5C "󰭜" */
    0x0, 0x0, 0x56, 0x66, 0x66, 0x66, 0x66, 0x61,
    0x0, 0x9, 0xff, 0xff, 0xff, 0xff, 0xff, 0xfd,
    0x0, 0x4f, 0x40, 0x0, 0x0, 0x0, 0x0, 0x5f,
    0x1, 0xe9, 0x0, 0x54, 0x0, 0x7, 0x10, 0x5f,
    0xa, 0xd0, 0x0, 0x9f, 0x40, 0x8f, 0x40, 0x5f,
    0x5f, 0x30, 0x0, 0x9, 0xfb, 0xf5, 0x0, 0x5f,
    0xdb, 0x0, 0x0, 0x0, 0xdf, 0x80, 0x0, 0x5f,
    0x5f, 0x30, 0x0, 0x9, 0xfb, 0xf5, 0x0, 0x5f,
    0xa, 0xd0, 0x0, 0x9f, 0x40, 0x8f, 0x40, 0x5f,
    0x1, 0xe9, 0x0, 0x54, 0x0, 0x7, 0x10, 0x5f,
    0x0, 0x4f, 0x40, 0x0, 0x0, 0x0, 0x0, 0x5f,
    0x0, 0x9, 0xff, 0xff, 0xff, 0xff, 0xff, 0xfe,
    0x0, 0x0, 0x56, 0x66, 0x66, 0x66, 0x66, 0x61,

    /* U+F0BEA "󰯪" */
    0x0, 0x0, 0x0, 0x37, 0x0, 0x0, 0x0, 0x0,
    0x0, 0x0, 0x6, 0xe0, 0x0, 0x0, 0x0, 0x1,
    0xb1, 0x0, 0x36, 0x0, 0x1b, 0x10, 0x0, 0x1c,
    0xb1, 0x8c, 0xc8, 0x1a, 0xd1, 0x0, 0x0, 0x12,
    0xee, 0x88, 0xee, 0x21, 0x0, 0x0, 0x0, 0xae,
    0x10, 0x1, 0xea, 0x0, 0x0, 0x11, 0xe, 0x70,
    0x0, 0x7, 0xf0, 0x11, 0xf, 0xf0, 0xf5, 0x0,
    0x0, 0x5f, 0xf, 0xf0, 0x33, 0xf, 0x50, 0x0,
    0x5, 0xf0, 0x33, 0x0, 0x0, 0xf5, 0x0, 0x0,
    0x5f, 0x0, 0x0, 0x0, 0xf, 0x50, 0x0, 0x5,
    0xf0, 0x0, 0x0, 0x0, 0xfe, 0xee, 0xee, 0xef,
    0x0, 0x0, 0x0, 0x5, 0x66, 0x66, 0x66, 0x60,
    0x0, 0x0, 0x1c, 0xff, 0xff, 0xff, 0xff, 0xc1,
    0x0, 0x1, 0x55, 0x55, 0x55, 0x55, 0x55, 0x10,
    0x0,

    /* U+F1050 "󱁐" */
    0x93, 0x0, 0x0, 0x0, 0x0, 0x39, 0xf5, 0x0,
    0x0, 0x0, 0x0, 0x5f, 0xf5, 0x0, 0x0, 0x0,
    0x0, 0x5f, 0xdf, 0xff, 0xff, 0xff, 0xff, 0xfd,
    0x16, 0x66, 0x66, 0x66, 0x66, 0x61,

    /* U+F1356 "󱍖" */
    0x0, 0x0, 0x3, 0x20, 0x2, 0x20, 0x0, 0x0,
    0x3, 0x10, 0xc, 0xa0, 0xa, 0x80, 0x4, 0x10,
    0xc, 0xc0, 0x8, 0x70, 0x7, 0x60, 0x3f, 0x80,
    0x2, 0x60, 0x0, 0x0, 0x0, 0x0, 0x17, 0x0,
    0x0, 0x7, 0xef, 0xff, 0xff, 0xfd, 0x20, 0x0,
    0x99, 0xd, 0xa6, 0x66, 0x66, 0x6e, 0x62, 0x97,
    0xff, 0xe, 0x70, 0x0, 0x0, 0xe, 0x73, 0xfb,
    0x0, 0xe, 0x70, 0x0, 0x0, 0xe, 0x70, 0x0,
    0x0, 0xe, 0x70, 0x0, 0x0, 0xe, 0x70, 0x0,
    0xfc, 0xe, 0x70, 0x0, 0x0, 0xe, 0x73, 0xfc,
    0x0, 0xb, 0xff, 0xff, 0xff, 0xff, 0x50, 0x0,
    0x0, 0x11, 0x56, 0xff, 0xff, 0x64, 0x1, 0x0,
    0x7, 0xd0, 0x0, 0xbb, 0xbb, 0x0, 0x4f, 0x30,
    0x9, 0x60, 0x0, 0x0, 0x0, 0x0, 0xa, 0x60,
    0x0, 0x0, 0x0, 0x0, 0x0, 0x0, 0x0, 0x0
};


/*---------------------
 *  GLYPH DESCRIPTION
 *--------------------*/

static const lv_font_fmt_txt_glyph_dsc_t glyph_dsc[] = {
    {.bitmap_index = 0, .adv_w = 0, .box_w = 0, .box_h = 0, .ofs_x = 0, .ofs_y = 0} /* id = 0 reserved */,
    {.bitmap_index = 0, .adv_w = 69, .box_w = 0, .box_h = 0, .ofs_x = 0, .ofs_y = 0},
    {.bitmap_index = 0, .adv_w = 69, .box_w = 3, .box_h = 12, .ofs_x = 1, .ofs_y = 0},
    {.bitmap_index = 18, .adv_w = 100, .box_w = 5, .box_h = 5, .ofs_x = 1, .ofs_y = 7},
    {.bitmap_index = 31, .adv_w = 180, .box_w = 11, .box_h = 12, .ofs_x = 0, .ofs_y = 0},
    {.bitmap_index = 97, .adv_w = 159, .box_w = 10, .box_h = 16, .ofs_x = 0, .ofs_y = -2},
    {.bitmap_index = 177, .adv_w = 216, .box_w = 13, .box_h = 12, .ofs_x = 0, .ofs_y = 0},
    {.bitmap_index = 255, .adv_w = 176, .box_w = 11, .box_h = 13, .ofs_x = 0, .ofs_y = -1},
    {.bitmap_index = 327, .adv_w = 54, .box_w = 2, .box_h = 5, .ofs_x = 1, .ofs_y = 7},
    {.bitmap_index = 332, .adv_w = 86, .box_w = 4, .box_h = 15, .ofs_x = 1, .ofs_y = -3},
    {.bitmap_index = 362, .adv_w = 87, .box_w = 4, .box_h = 15, .ofs_x = 0, .ofs_y = -3},
    {.bitmap_index = 392, .adv_w = 102, .box_w = 7, .box_h = 7, .ofs_x = 0, .ofs_y = 5},
    {.bitmap_index = 417, .adv_w = 128, .box_w = 6, .box_h = 7, .ofs_x = 1, .ofs_y = 2},
    {.bitmap_index = 438, .adv_w = 58, .box_w = 3, .box_h = 5, .ofs_x = 0, .ofs_y = -2},
    {.bitmap_index = 446, .adv_w = 98, .box_w = 6, .box_h = 3, .ofs_x = 0, .ofs_y = 3},
    {.bitmap_index = 455, .adv_w = 58, .box_w = 3, .box_h = 3, .ofs_x = 0, .ofs_y = 0},
    {.bitmap_index = 460, .adv_w = 90, .box_w = 8, .box_h = 16, .ofs_x = -1, .ofs_y = -2},
    {.bitmap_index = 524, .adv_w = 171, .box_w = 10, .box_h = 12, .ofs_x = 0, .ofs_y = 0},
    {.bitmap_index = 584, .adv_w = 95, .box_w = 5, .box_h = 12, .ofs_x = 0, .ofs_y = 0},
    {.bitmap_index = 614, .adv_w = 147, .box_w = 9, .box_h = 12, .ofs_x = 0, .ofs_y = 0},
    {.bitmap_index = 668, .adv_w = 146, .box_w = 9, .box_h = 12, .ofs_x = 0, .ofs_y = 0},
    {.bitmap_index = 722, .adv_w = 171, .box_w = 11, .box_h = 12, .ofs_x = 0, .ofs_y = 0},
    {.bitmap_index = 788, .adv_w = 147, .box_w = 9, .box_h = 12, .ofs_x = 0, .ofs_y = 0},
    {.bitmap_index = 842, .adv_w = 158, .box_w = 10, .box_h = 12, .ofs_x = 0, .ofs_y = 0},
    {.bitmap_index = 902, .adv_w = 153, .box_w = 9, .box_h = 12, .ofs_x = 0, .ofs_y = 0},
    {.bitmap_index = 956, .adv_w = 165, .box_w = 10, .box_h = 12, .ofs_x = 0, .ofs_y = 0},
    {.bitmap_index = 1016, .adv_w = 158, .box_w = 10, .box_h = 12, .ofs_x = 0, .ofs_y = 0},
    {.bitmap_index = 1076, .adv_w = 58, .box_w = 3, .box_h = 9, .ofs_x = 0, .ofs_y = 0},
    {.bitmap_index = 1090, .adv_w = 58, .box_w = 3, .box_h = 12, .ofs_x = 0, .ofs_y = -3},
    {.bitmap_index = 1108, .adv_w = 149, .box_w = 8, .box_h = 8, .ofs_x = 1, .ofs_y = 2},
    {.bitmap_index = 1140, .adv_w = 149, .box_w = 8, .box_h = 6, .ofs_x = 1, .ofs_y = 3},
    {.bitmap_index = 1164, .adv_w = 149, .box_w = 8, .box_h = 8, .ofs_x = 1, .ofs_y = 2},
    {.bitmap_index = 1196, .adv_w = 147, .box_w = 9, .box_h = 12, .ofs_x = 0, .ofs_y = 0},
    {.bitmap_index = 1250, .adv_w = 265, .box_w = 16, .box_h = 15, .ofs_x = 0, .ofs_y = -3},
    {.bitmap_index = 1370, .adv_w = 187, .box_w = 13, .box_h = 12, .ofs_x = -1, .ofs_y = 0},
    {.bitmap_index = 1448, .adv_w = 194, .box_w = 11, .box_h = 12, .ofs_x = 1, .ofs_y = 0},
    {.bitmap_index = 1514, .adv_w = 183, .box_w = 11, .box_h = 12, .ofs_x = 0, .ofs_y = 0},
    {.bitmap_index = 1580, .adv_w = 211, .box_w = 12, .box_h = 12, .ofs_x = 1, .ofs_y = 0},
    {.bitmap_index = 1652, .adv_w = 172, .box_w = 9, .box_h = 12, .ofs_x = 1, .ofs_y = 0},
    {.bitmap_index = 1706, .adv_w = 163, .box_w = 9, .box_h = 12, .ofs_x = 1, .ofs_y = 0},
    {.bitmap_index = 1760, .adv_w = 198, .box_w = 12, .box_h = 12, .ofs_x = 0, .ofs_y = 0},
    {.bitmap_index = 1832, .adv_w = 208, .box_w = 11, .box_h = 12, .ofs_x = 1, .ofs_y = 0},
    {.bitmap_index = 1898, .adv_w = 79, .box_w = 3, .box_h = 12, .ofs_x = 1, .ofs_y = 0},
    {.bitmap_index = 1916, .adv_w = 131, .box_w = 8, .box_h = 12, .ofs_x = -1, .ofs_y = 0},
    {.bitmap_index = 1964, .adv_w = 184, .box_w = 11, .box_h = 12, .ofs_x = 1, .ofs_y = 0},
    {.bitmap_index = 2030, .adv_w = 152, .box_w = 9, .box_h = 12, .ofs_x = 1, .ofs_y = 0},
    {.bitmap_index = 2084, .adv_w = 244, .box_w = 13, .box_h = 12, .ofs_x = 1, .ofs_y = 0},
    {.bitmap_index = 2162, .adv_w = 208, .box_w = 11, .box_h = 12, .ofs_x = 1, .ofs_y = 0},
    {.bitmap_index = 2228, .adv_w = 215, .box_w = 13, .box_h = 12, .ofs_x = 0, .ofs_y = 0},
    {.bitmap_index = 2306, .adv_w = 185, .box_w = 10, .box_h = 12, .ofs_x = 1, .ofs_y = 0},
    {.bitmap_index = 2366, .adv_w = 215, .box_w = 14, .box_h = 15, .ofs_x = 0, .ofs_y = -3},
    {.bitmap_index = 2471, .adv_w = 186, .box_w = 10, .box_h = 12, .ofs_x = 1, .ofs_y = 0},
    {.bitmap_index = 2531, .adv_w = 159, .box_w = 10, .box_h = 12, .ofs_x = 0, .ofs_y = 0},
    {.bitmap_index = 2591, .adv_w = 150, .box_w = 10, .box_h = 12, .ofs_x = 0, .ofs_y = 0},
    {.bitmap_index = 2651, .adv_w = 202, .box_w = 11, .box_h = 12, .ofs_x = 1, .ofs_y = 0},
    {.bitmap_index = 2717, .adv_w = 182, .box_w = 13, .box_h = 12, .ofs_x = -1, .ofs_y = 0},
    {.bitmap_index = 2795, .adv_w = 288, .box_w = 18, .box_h = 12, .ofs_x = 0, .ofs_y = 0},
    {.bitmap_index = 2903, .adv_w = 172, .box_w = 11, .box_h = 12, .ofs_x = 0, .ofs_y = 0},
    {.bitmap_index = 2969, .adv_w = 166, .box_w = 12, .box_h = 12, .ofs_x = -1, .ofs_y = 0},
    {.bitmap_index = 3041, .adv_w = 168, .box_w = 11, .box_h = 12, .ofs_x = 0, .ofs_y = 0},
    {.bitmap_index = 3107, .adv_w = 85, .box_w = 5, .box_h = 15, .ofs_x = 1, .ofs_y = -3},
    {.bitmap_index = 3145, .adv_w = 90, .box_w = 8, .box_h = 16, .ofs_x = -1, .ofs_y = -2},
    {.bitmap_index = 3209, .adv_w = 85, .box_w = 4, .box_h = 15, .ofs_x = 0, .ofs_y = -3},
    {.bitmap_index = 3239, .adv_w = 149, .box_w = 8, .box_h = 7, .ofs_x = 1, .ofs_y = 2},
    {.bitmap_index = 3267, .adv_w = 128, .box_w = 8, .box_h = 2, .ofs_x = 0, .ofs_y = -2},
    {.bitmap_index = 3275, .adv_w = 154, .box_w = 5, .box_h = 2, .ofs_x = 1, .ofs_y = 10},
    {.bitmap_index = 3280, .adv_w = 153, .box_w = 9, .box_h = 9, .ofs_x = 0, .ofs_y = 0},
    {.bitmap_index = 3321, .adv_w = 175, .box_w = 10, .box_h = 12, .ofs_x = 1, .ofs_y = 0},
    {.bitmap_index = 3381, .adv_w = 146, .box_w = 9, .box_h = 9, .ofs_x = 0, .ofs_y = 0},
    {.bitmap_index = 3422, .adv_w = 175, .box_w = 10, .box_h = 12, .ofs_x = 0, .ofs_y = 0},
    {.bitmap_index = 3482, .adv_w = 157, .box_w = 10, .box_h = 9, .ofs_x = 0, .ofs_y = 0},
    {.bitmap_index = 3527, .adv_w = 90, .box_w = 7, .box_h = 12, .ofs_x = 0, .ofs_y = 0},
    {.bitmap_index = 3569, .adv_w = 177, .box_w = 10, .box_h = 12, .ofs_x = 0, .ofs_y = -3},
    {.bitmap_index = 3629, .adv_w = 174, .box_w = 9, .box_h = 12, .ofs_x = 1, .ofs_y = 0},
    {.bitmap_index = 3683, .adv_w = 71, .box_w = 3, .box_h = 12, .ofs_x = 1, .ofs_y = 0},
    {.bitmap_index = 3701, .adv_w = 73, .box_w = 6, .box_h = 15, .ofs_x = -2, .ofs_y = -3},
    {.bitmap_index = 3746, .adv_w = 157, .box_w = 9, .box_h = 12, .ofs_x = 1, .ofs_y = 0},
    {.bitmap_index = 3800, .adv_w = 71, .box_w = 2, .box_h = 12, .ofs_x = 1, .ofs_y = 0},
    {.bitmap_index = 3812, .adv_w = 271, .box_w = 15, .box_h = 9, .ofs_x = 1, .ofs_y = 0},
    {.bitmap_index = 3880, .adv_w = 174, .box_w = 9, .box_h = 9, .ofs_x = 1, .ofs_y = 0},
    {.bitmap_index = 3921, .adv_w = 163, .box_w = 10, .box_h = 9, .ofs_x = 0, .ofs_y = 0},
    {.bitmap_index = 3966, .adv_w = 175, .box_w = 10, .box_h = 12, .ofs_x = 1, .ofs_y = -3},
    {.bitmap_index = 4026, .adv_w = 175, .box_w = 10, .box_h = 12, .ofs_x = 0, .ofs_y = -3},
    {.bitmap_index = 4086, .adv_w = 105, .box_w = 6, .box_h = 9, .ofs_x = 1, .ofs_y = 0},
    {.bitmap_index = 4113, .adv_w = 128, .box_w = 8, .box_h = 9, .ofs_x = 0, .ofs_y = 0},
    {.bitmap_index = 4149, .adv_w = 106, .box_w = 7, .box_h = 11, .ofs_x = 0, .ofs_y = 0},
    {.bitmap_index = 4188, .adv_w = 173, .box_w = 9, .box_h = 9, .ofs_x = 1, .ofs_y = 0},
    {.bitmap_index = 4229, .adv_w = 143, .box_w = 10, .box_h = 9, .ofs_x = -1, .ofs_y = 0},
    {.bitmap_index = 4274, .adv_w = 230, .box_w = 15, .box_h = 9, .ofs_x = 0, .ofs_y = 0},
    {.bitmap_index = 4342, .adv_w = 141, .box_w = 9, .box_h = 9, .ofs_x = 0, .ofs_y = 0},
    {.bitmap_index = 4383, .adv_w = 143, .box_w = 10, .box_h = 12, .ofs_x = -1, .ofs_y = -3},
    {.bitmap_index = 4443, .adv_w = 133, .box_w = 8, .box_h = 9, .ofs_x = 0, .ofs_y = 0},
    {.bitmap_index = 4479, .adv_w = 90, .box_w = 6, .box_h = 15, .ofs_x = 0, .ofs_y = -3},
    {.bitmap_index = 4524, .adv_w = 77, .box_w = 3, .box_h = 15, .ofs_x = 1, .ofs_y = -3},
    {.bitmap_index = 4547, .adv_w = 90, .box_w = 5, .box_h = 15, .ofs_x = 0, .ofs_y = -3},
    {.bitmap_index = 4585, .adv_w = 149, .box_w = 9, .box_h = 5, .ofs_x = 0, .ofs_y = 4},
    {.bitmap_index = 4608, .adv_w = 107, .box_w = 6, .box_h = 6, .ofs_x = 0, .ofs_y = 6},
    {.bitmap_index = 4626, .adv_w = 128, .box_w = 8, .box_h = 9, .ofs_x = 0, .ofs_y = 1},
    {.bitmap_index = 4662, .adv_w = 128, .box_w = 6, .box_h = 9, .ofs_x = 1, .ofs_y = 1},
    {.bitmap_index = 4689, .adv_w = 194, .box_w = 12, .box_h = 12, .ofs_x = 0, .ofs_y = 0},
    {.bitmap_index = 4761, .adv_w = 187, .box_w = 10, .box_h = 12, .ofs_x = 1, .ofs_y = 0},
    {.bitmap_index = 4821, .adv_w = 191, .box_w = 11, .box_h = 12, .ofs_x = 1, .ofs_y = 0},
    {.bitmap_index = 4887, .adv_w = 148, .box_w = 9, .box_h = 12, .ofs_x = 1, .ofs_y = 0},
    {.bitmap_index = 4941, .adv_w = 206, .box_w = 13, .box_h = 15, .ofs_x = 0, .ofs_y = -3},
    {.bitmap_index = 5039, .adv_w = 170, .box_w = 9, .box_h = 12, .ofs_x = 1, .ofs_y = 0},
    {.bitmap_index = 5093, .adv_w = 263, .box_w = 17, .box_h = 12, .ofs_x = 0, .ofs_y = 0},
    {.bitmap_index = 5195, .adv_w = 162, .box_w = 10, .box_h = 12, .ofs_x = 0, .ofs_y = 0},
    {.bitmap_index = 5255, .adv_w = 211, .box_w = 11, .box_h = 12, .ofs_x = 1, .ofs_y = 0},
    {.bitmap_index = 5321, .adv_w = 211, .box_w = 11, .box_h = 15, .ofs_x = 1, .ofs_y = 0},
    {.bitmap_index = 5404, .adv_w = 182, .box_w = 11, .box_h = 12, .ofs_x = 1, .ofs_y = 0},
    {.bitmap_index = 5470, .adv_w = 202, .box_w = 11, .box_h = 12, .ofs_x = 0, .ofs_y = 0},
    {.bitmap_index = 5536, .adv_w = 247, .box_w = 13, .box_h = 12, .ofs_x = 1, .ofs_y = 0},
    {.bitmap_index = 5614, .adv_w = 210, .box_w = 11, .box_h = 12, .ofs_x = 1, .ofs_y = 0},
    {.bitmap_index = 5680, .adv_w = 217, .box_w = 13, .box_h = 12, .ofs_x = 0, .ofs_y = 0},
    {.bitmap_index = 5758, .adv_w = 210, .box_w = 11, .box_h = 12, .ofs_x = 1, .ofs_y = 0},
    {.bitmap_index = 5824, .adv_w = 183, .box_w = 10, .box_h = 12, .ofs_x = 1, .ofs_y = 0},
    {.bitmap_index = 5884, .adv_w = 184, .box_w = 12, .box_h = 12, .ofs_x = 0, .ofs_y = 0},
    {.bitmap_index = 5956, .adv_w = 154, .box_w = 10, .box_h = 12, .ofs_x = 0, .ofs_y = 0},
    {.bitmap_index = 6016, .adv_w = 177, .box_w = 11, .box_h = 13, .ofs_x = 0, .ofs_y = -1},
    {.bitmap_index = 6088, .adv_w = 237, .box_w = 15, .box_h = 13, .ofs_x = 0, .ofs_y = 0},
    {.bitmap_index = 6186, .adv_w = 171, .box_w = 11, .box_h = 12, .ofs_x = 0, .ofs_y = 0},
    {.bitmap_index = 6252, .adv_w = 212, .box_w = 12, .box_h = 15, .ofs_x = 1, .ofs_y = -3},
    {.bitmap_index = 6342, .adv_w = 184, .box_w = 10, .box_h = 12, .ofs_x = 0, .ofs_y = 0},
    {.bitmap_index = 6402, .adv_w = 280, .box_w = 15, .box_h = 12, .ofs_x = 1, .ofs_y = 0},
    {.bitmap_index = 6492, .adv_w = 287, .box_w = 17, .box_h = 15, .ofs_x = 1, .ofs_y = -3},
    {.bitmap_index = 6620, .adv_w = 212, .box_w = 13, .box_h = 12, .ofs_x = 0, .ofs_y = 0},
    {.bitmap_index = 6698, .adv_w = 254, .box_w = 14, .box_h = 12, .ofs_x = 1, .ofs_y = 0},
    {.bitmap_index = 6782, .adv_w = 183, .box_w = 10, .box_h = 12, .ofs_x = 1, .ofs_y = 0},
    {.bitmap_index = 6842, .adv_w = 181, .box_w = 11, .box_h = 12, .ofs_x = 0, .ofs_y = 0},
    {.bitmap_index = 6908, .adv_w = 281, .box_w = 16, .box_h = 12, .ofs_x = 1, .ofs_y = 0},
    {.bitmap_index = 7004, .adv_w = 187, .box_w = 10, .box_h = 12, .ofs_x = 0, .ofs_y = 0},
    {.bitmap_index = 7064, .adv_w = 151, .box_w = 9, .box_h = 9, .ofs_x = 0, .ofs_y = 0},
    {.bitmap_index = 7105, .adv_w = 169, .box_w = 10, .box_h = 13, .ofs_x = 0, .ofs_y = 0},
    {.bitmap_index = 7170, .adv_w = 157, .box_w = 8, .box_h = 9, .ofs_x = 1, .ofs_y = 0},
    {.bitmap_index = 7206, .adv_w = 125, .box_w = 7, .box_h = 9, .ofs_x = 1, .ofs_y = 0},
    {.bitmap_index = 7238, .adv_w = 170, .box_w = 11, .box_h = 12, .ofs_x = 0, .ofs_y = -3},
    {.bitmap_index = 7304, .adv_w = 161, .box_w = 10, .box_h = 9, .ofs_x = 0, .ofs_y = 0},
    {.bitmap_index = 7349, .adv_w = 217, .box_w = 14, .box_h = 9, .ofs_x = 0, .ofs_y = 0},
    {.bitmap_index = 7412, .adv_w = 139, .box_w = 8, .box_h = 9, .ofs_x = 0, .ofs_y = 0},
    {.bitmap_index = 7448, .adv_w = 178, .box_w = 9, .box_h = 9, .ofs_x = 1, .ofs_y = 0},
    {.bitmap_index = 7489, .adv_w = 178, .box_w = 9, .box_h = 13, .ofs_x = 1, .ofs_y = 0},
    {.bitmap_index = 7548, .adv_w = 153, .box_w = 9, .box_h = 9, .ofs_x = 1, .ofs_y = 0},
    {.bitmap_index = 7589, .adv_w = 164, .box_w = 9, .box_h = 9, .ofs_x = 0, .ofs_y = 0},
    {.bitmap_index = 7630, .adv_w = 204, .box_w = 11, .box_h = 9, .ofs_x = 1, .ofs_y = 0},
    {.bitmap_index = 7680, .adv_w = 174, .box_w = 9, .box_h = 9, .ofs_x = 1, .ofs_y = 0},
    {.bitmap_index = 7721, .adv_w = 164, .box_w = 10, .box_h = 9, .ofs_x = 0, .ofs_y = 0},
    {.bitmap_index = 7766, .adv_w = 173, .box_w = 9, .box_h = 9, .ofs_x = 1, .ofs_y = 0},
    {.bitmap_index = 7807, .adv_w = 176, .box_w = 10, .box_h = 12, .ofs_x = 1, .ofs_y = -3},
    {.bitmap_index = 7867, .adv_w = 146, .box_w = 9, .box_h = 9, .ofs_x = 0, .ofs_y = 0},
    {.bitmap_index = 7908, .adv_w = 126, .box_w = 8, .box_h = 9, .ofs_x = 0, .ofs_y = 0},
    {.bitmap_index = 7944, .adv_w = 146, .box_w = 11, .box_h = 12, .ofs_x = -1, .ofs_y = -3},
    {.bitmap_index = 8010, .adv_w = 206, .box_w = 13, .box_h = 16, .ofs_x = 0, .ofs_y = -3},
    {.bitmap_index = 8114, .adv_w = 138, .box_w = 9, .box_h = 9, .ofs_x = 0, .ofs_y = 0},
    {.bitmap_index = 8155, .adv_w = 177, .box_w = 10, .box_h = 12, .ofs_x = 1, .ofs_y = -3},
    {.bitmap_index = 8215, .adv_w = 156, .box_w = 9, .box_h = 9, .ofs_x = 0, .ofs_y = 0},
    {.bitmap_index = 8256, .adv_w = 241, .box_w = 13, .box_h = 9, .ofs_x = 1, .ofs_y = 0},
    {.bitmap_index = 8315, .adv_w = 241, .box_w = 14, .box_h = 11, .ofs_x = 1, .ofs_y = -2},
    {.bitmap_index = 8392, .adv_w = 164, .box_w = 10, .box_h = 9, .ofs_x = 0, .ofs_y = 0},
    {.bitmap_index = 8437, .adv_w = 207, .box_w = 11, .box_h = 9, .ofs_x = 1, .ofs_y = 0},
    {.bitmap_index = 8487, .adv_w = 147, .box_w = 8, .box_h = 9, .ofs_x = 1, .ofs_y = 0},
    {.bitmap_index = 8523, .adv_w = 147, .box_w = 9, .box_h = 9, .ofs_x = 0, .ofs_y = 0},
    {.bitmap_index = 8564, .adv_w = 224, .box_w = 13, .box_h = 9, .ofs_x = 1, .ofs_y = 0},
    {.bitmap_index = 8623, .adv_w = 157, .box_w = 9, .box_h = 9, .ofs_x = 0, .ofs_y = 0},
    {.bitmap_index = 8664, .adv_w = 161, .box_w = 10, .box_h = 12, .ofs_x = 0, .ofs_y = 0},
    {.bitmap_index = 8724, .adv_w = 80, .box_w = 3, .box_h = 4, .ofs_x = 1, .ofs_y = 3},
    {.bitmap_index = 8730, .adv_w = 128, .box_w = 6, .box_h = 2, .ofs_x = 1, .ofs_y = 4},
    {.bitmap_index = 8736, .adv_w = 243, .box_w = 16, .box_h = 13, .ofs_x = 0, .ofs_y = -1},
    {.bitmap_index = 8840, .adv_w = 223, .box_w = 14, .box_h = 15, .ofs_x = 0, .ofs_y = -2},
    {.bitmap_index = 8945, .adv_w = 199, .box_w = 13, .box_h = 13, .ofs_x = 0, .ofs_y = -1},
    {.bitmap_index = 9030, .adv_w = 162, .box_w = 11, .box_h = 13, .ofs_x = 0, .ofs_y = -1},
    {.bitmap_index = 9102, .adv_w = 240, .box_w = 16, .box_h = 17, .ofs_x = 0, .ofs_y = -3},
    {.bitmap_index = 9238, .adv_w = 220, .box_w = 15, .box_h = 15, .ofs_x = -1, .ofs_y = -2},
    {.bitmap_index = 9351, .adv_w = 256, .box_w = 11, .box_h = 13, .ofs_x = 3, .ofs_y = -1},
    {.bitmap_index = 9423, .adv_w = 256, .box_w = 13, .box_h = 12, .ofs_x = 2, .ofs_y = -1},
    {.bitmap_index = 9501, .adv_w = 256, .box_w = 13, .box_h = 12, .ofs_x = 2, .ofs_y = -1},
    {.bitmap_index = 9579, .adv_w = 256, .box_w = 11, .box_h = 13, .ofs_x = 3, .ofs_y = -1},
    {.bitmap_index = 9651, .adv_w = 208, .box_w = 14, .box_h = 14, .ofs_x = 0, .ofs_y = -2},
    {.bitmap_index = 9749, .adv_w = 224, .box_w = 14, .box_h = 13, .ofs_x = 0, .ofs_y = -1},
    {.bitmap_index = 9840, .adv_w = 215, .box_w = 14, .box_h = 13, .ofs_x = 0, .ofs_y = -1},
    {.bitmap_index = 9931, .adv_w = 224, .box_w = 14, .box_h = 11, .ofs_x = 0, .ofs_y = 0},
    {.bitmap_index = 10008, .adv_w = 256, .box_w = 16, .box_h = 13, .ofs_x = 0, .ofs_y = -1},
    {.bitmap_index = 10112, .adv_w = 177, .box_w = 12, .box_h = 15, .ofs_x = 0, .ofs_y = -2},
    {.bitmap_index = 10202, .adv_w = 221, .box_w = 14, .box_h = 14, .ofs_x = 0, .ofs_y = -2},
    {.bitmap_index = 10300, .adv_w = 179, .box_w = 12, .box_h = 13, .ofs_x = 0, .ofs_y = -1},
    {.bitmap_index = 10378, .adv_w = 256, .box_w = 16, .box_h = 13, .ofs_x = 0, .ofs_y = -1},
    {.bitmap_index = 10482, .adv_w = 236, .box_w = 15, .box_h = 14, .ofs_x = 0, .ofs_y = -2},
    {.bitmap_index = 10587, .adv_w = 236, .box_w = 15, .box_h = 15, .ofs_x = 0, .ofs_y = -2},
    {.bitmap_index = 10700, .adv_w = 233, .box_w = 15, .box_h = 15, .ofs_x = 0, .ofs_y = -2},
    {.bitmap_index = 10813, .adv_w = 207, .box_w = 13, .box_h = 15, .ofs_x = 0, .ofs_y = -2},
    {.bitmap_index = 10911, .adv_w = 236, .box_w = 15, .box_h = 15, .ofs_x = 0, .ofs_y = -2},
    {.bitmap_index = 11024, .adv_w = 192, .box_w = 12, .box_h = 12, .ofs_x = 0, .ofs_y = -1},
    {.bitmap_index = 11096, .adv_w = 192, .box_w = 12, .box_h = 12, .ofs_x = 0, .ofs_y = -1},
    {.bitmap_index = 11168, .adv_w = 177, .box_w = 12, .box_h = 13, .ofs_x = 0, .ofs_y = -1},
    {.bitmap_index = 11246, .adv_w = 177, .box_w = 12, .box_h = 13, .ofs_x = 0, .ofs_y = -2},
    {.bitmap_index = 11324, .adv_w = 256, .box_w = 16, .box_h = 11, .ofs_x = 0, .ofs_y = 0},
    {.bitmap_index = 11412, .adv_w = 177, .box_w = 12, .box_h = 15, .ofs_x = 0, .ofs_y = -2},
    {.bitmap_index = 11502, .adv_w = 256, .box_w = 16, .box_h = 11, .ofs_x = 0, .ofs_y = 0},
    {.bitmap_index = 11590, .adv_w = 256, .box_w = 16, .box_h = 11, .ofs_x = 0, .ofs_y = 0},
    {.bitmap_index = 11678, .adv_w = 207, .box_w = 13, .box_h = 14, .ofs_x = 0, .ofs_y = -2},
    {.bitmap_index = 11769, .adv_w = 214, .box_w = 14, .box_h = 14, .ofs_x = 0, .ofs_y = -2},
    {.bitmap_index = 11867, .adv_w = 214, .box_w = 14, .box_h = 14, .ofs_x = 0, .ofs_y = -2},
    {.bitmap_index = 11965, .adv_w = 218, .box_w = 14, .box_h = 15, .ofs_x = 0, .ofs_y = -2},
    {.bitmap_index = 12070, .adv_w = 256, .box_w = 16, .box_h = 17, .ofs_x = 0, .ofs_y = -3},
    {.bitmap_index = 12206, .adv_w = 149, .box_w = 10, .box_h = 11, .ofs_x = 0, .ofs_y = 0},
    {.bitmap_index = 12261, .adv_w = 202, .box_w = 14, .box_h = 9, .ofs_x = -1, .ofs_y = 1},
    {.bitmap_index = 12324, .adv_w = 224, .box_w = 14, .box_h = 9, .ofs_x = 0, .ofs_y = 1},
    {.bitmap_index = 12387, .adv_w = 235, .box_w = 15, .box_h = 15, .ofs_x = 0, .ofs_y = -2},
    {.bitmap_index = 12500, .adv_w = 128, .box_w = 8, .box_h = 13, .ofs_x = 0, .ofs_y = -1},
    {.bitmap_index = 12552, .adv_w = 128, .box_w = 8, .box_h = 11, .ofs_x = 0, .ofs_y = 0},
    {.bitmap_index = 12596, .adv_w = 171, .box_w = 11, .box_h = 13, .ofs_x = 0, .ofs_y = -1},
    {.bitmap_index = 12668, .adv_w = 128, .box_w = 8, .box_h = 9, .ofs_x = 0, .ofs_y = 1},
    {.bitmap_index = 12704, .adv_w = 128, .box_w = 8, .box_h = 9, .ofs_x = 0, .ofs_y = 1},
    {.bitmap_index = 12740, .adv_w = 235, .box_w = 15, .box_h = 11, .ofs_x = 0, .ofs_y = 0},
    {.bitmap_index = 12823, .adv_w = 235, .box_w = 15, .box_h = 13, .ofs_x = 0, .ofs_y = -1},
    {.bitmap_index = 12921, .adv_w = 128, .box_w = 8, .box_h = 9, .ofs_x = 0, .ofs_y = 1},
    {.bitmap_index = 12957, .adv_w = 166, .box_w = 11, .box_h = 7, .ofs_x = 0, .ofs_y = 2},
    {.bitmap_index = 12996, .adv_w = 192, .box_w = 12, .box_h = 11, .ofs_x = 0, .ofs_y = 0},
    {.bitmap_index = 13062, .adv_w = 213, .box_w = 15, .box_h = 11, .ofs_x = -1, .ofs_y = 0},
    {.bitmap_index = 13145, .adv_w = 256, .box_w = 16, .box_h = 13, .ofs_x = 0, .ofs_y = -1},
    {.bitmap_index = 13249, .adv_w = 224, .box_w = 15, .box_h = 15, .ofs_x = 0, .ofs_y = -2},
    {.bitmap_index = 13362, .adv_w = 192, .box_w = 12, .box_h = 5, .ofs_x = 0, .ofs_y = 3},
    {.bitmap_index = 13392, .adv_w = 256, .box_w = 16, .box_h = 15, .ofs_x = 0, .ofs_y = -2}
};

/*---------------------
 *  CHARACTER MAPPING
 *--------------------*/

static const uint16_t unicode_list_1[] = {
    0x0, 0x27, 0x47
};

static const uint16_t unicode_list_3[] = {
    0x0, 0x1bd1, 0x1dc1, 0xde06, 0xe23f, 0xe2be, 0xe2c0, 0xe61c,
    0xe623, 0xe649, 0xe64a, 0xe64b, 0xe650, 0xe6b0, 0xe6b4, 0xe6b5,
    0xe6cb, 0xea97, 0xeb69, 0xebd0, 0xebd6, 0xebd7, 0xebed, 0xec07,
    0xec73, 0xec74, 0xec99, 0xecaf, 0xecb0, 0xecb1, 0xecb2, 0xeccb,
    0xed9b, 0xedb3, 0xedb4, 0xee82, 0xee99, 0xeea8, 0xf09d, 0xf0d1
};

static const uint16_t unicode_list_4[] = {
    0x0, 0x127, 0x128, 0x18f, 0x19d, 0x1fa, 0x23b, 0x2c3,
    0x2c4, 0x2c8, 0x2c9, 0x2f1, 0x44a, 0x44b, 0x44c, 0x972,
    0xa00, 0xe66, 0x116c
};

/*Collect the unicode lists and glyph_id offsets*/
static const lv_font_fmt_txt_cmap_t cmaps[] =
{
    {
        .range_start = 32, .range_length = 95, .glyph_id_start = 1,
        .unicode_list = NULL, .glyph_id_ofs_list = NULL, .list_length = 0, .type = LV_FONT_FMT_TXT_CMAP_FORMAT0_TINY
    },
    {
        .range_start = 176, .range_length = 72, .glyph_id_start = 96,
        .unicode_list = unicode_list_1, .glyph_id_ofs_list = NULL, .list_length = 3, .type = LV_FONT_FMT_TXT_CMAP_SPARSE_TINY
    },
    {
        .range_start = 1040, .range_length = 64, .glyph_id_start = 99,
        .unicode_list = NULL, .glyph_id_ofs_list = NULL, .list_length = 0, .type = LV_FONT_FMT_TXT_CMAP_FORMAT0_TINY
    },
    {
        .range_start = 1105, .range_length = 61650, .glyph_id_start = 163,
        .unicode_list = unicode_list_3, .glyph_id_ofs_list = NULL, .list_length = 40, .type = LV_FONT_FMT_TXT_CMAP_SPARSE_TINY
    },
    {
        .range_start = 983530, .range_length = 4461, .glyph_id_start = 203,
        .unicode_list = unicode_list_4, .glyph_id_ofs_list = NULL, .list_length = 19, .type = LV_FONT_FMT_TXT_CMAP_SPARSE_TINY
    }
};

/*-----------------
 *    KERNING
 *----------------*/


/*Map glyph_ids to kern left classes*/
static const uint8_t kern_left_class_mapping[] =
{
    0, 0, 1, 2, 0, 3, 4, 5,
    2, 6, 0, 7, 0, 8, 9, 8,
    10, 11, 0, 12, 13, 14, 15, 16,
    17, 18, 11, 19, 19, 0, 0, 0,
    20, 21, 0, 0, 0, 0, 0, 0,
    0, 0, 0, 0, 0, 0, 0, 0,
    0, 0, 0, 0, 0, 0, 0, 0,
    0, 0, 0, 0, 22, 23, 0, 0,
    24, 0, 0, 0, 0, 0, 0, 0,
    0, 0, 0, 0, 0, 0, 0, 0,
    0, 0, 0, 0, 0, 0, 0, 0,
    0, 0, 0, 0, 22, 0, 0, 9,
    25, 0, 0, 0, 0, 0, 0, 0,
    0, 0, 0, 0, 0, 0, 0, 0,
    0, 0, 0, 0, 0, 0, 0, 0,
    0, 0, 0, 0, 0, 0, 0, 0,
    0, 0, 0, 0, 0, 0, 0, 0,
    0, 0, 0, 0, 0, 0, 0, 0,
    0, 0, 0, 0, 0, 0, 0, 0,
    0, 0, 0, 0, 0, 0, 0, 0,
    0, 0, 0, 0, 9, 0, 0, 0,
    0, 0, 0, 0, 0, 0, 0, 0,
    0, 0, 0, 0, 0, 0, 0, 0,
    0, 0, 0, 0, 0, 0, 0, 0,
    0, 0, 0, 0, 0, 0, 0, 0,
    0, 0, 0, 0, 0, 0, 0, 0,
    0, 0, 0, 0, 0, 0, 0, 0,
    0, 0, 0, 0, 0, 0
};

/*Map glyph_ids to kern right classes*/
static const uint8_t kern_right_class_mapping[] =
{
    0, 0, 1, 2, 0, 3, 4, 5,
    2, 0, 6, 7, 0, 8, 9, 8,
    10, 11, 12, 13, 14, 15, 16, 11,
    17, 18, 19, 20, 20, 0, 0, 0,
    21, 22, 0, 0, 0, 0, 0, 0,
    0, 0, 0, 0, 0, 0, 0, 0,
    0, 0, 0, 0, 0, 0, 0, 0,
    0, 0, 0, 0, 23, 24, 25, 0,
    26, 0, 0, 0, 0, 0, 0, 0,
    0, 0, 0, 0, 0, 0, 0, 0,
    0, 0, 0, 0, 0, 0, 0, 0,
    0, 0, 0, 0, 0, 0, 25, 9,
    27, 0, 0, 0, 0, 0, 0, 0,
    0, 0, 0, 0, 0, 0, 0, 0,
    0, 0, 0, 0, 0, 0, 0, 0,
    0, 0, 0, 0, 0, 0, 0, 0,
    0, 0, 0, 0, 0, 0, 0, 0,
    0, 0, 0, 0, 0, 0, 0, 0,
    0, 0, 0, 0, 0, 0, 0, 0,
    0, 0, 0, 0, 0, 0, 0, 0,
    0, 0, 0, 0, 9, 0, 0, 0,
    0, 0, 0, 0, 0, 0, 0, 0,
    0, 0, 0, 0, 0, 0, 0, 0,
    0, 0, 0, 0, 0, 0, 0, 0,
    0, 0, 0, 0, 0, 0, 0, 0,
    0, 0, 0, 0, 0, 0, 0, 0,
    0, 0, 0, 0, 0, 0, 0, 0,
    0, 0, 0, 0, 0, 0
};

/*Kern values between classes*/
static const int8_t kern_class_values[] =
{
    0, 0, 0, 0, 0, 0, 2, 0,
    0, 0, 0, 3, 0, 0, 0, 0,
    2, 0, 0, 0, 0, 0, 0, 0,
    0, 0, 0, 0, 12, 0, 7, -6,
    0, 5, -14, 0, -15, 2, 12, 6,
    4, -10, 2, 13, 0, 11, 3, 8,
    -4, 0, 15, 2, -2, 5, 0, -8,
    0, 0, 0, 0, -5, 5, 4, 0,
    0, -3, 0, -2, 3, 0, -3, 0,
    -3, -1, -5, 0, 0, -3, 0, -5,
    -4, 0, -7, 0, -31, 0, -5, -13,
    8, 5, 0, 0, -5, 3, 3, 8,
    5, -4, 5, 0, 0, -15, 0, 0,
    -9, 0, 0, -7, -3, -13, 0, -10,
    -2, 0, -8, 1, 0, 10, 0, -8,
    -2, 0, 0, 0, -4, 0, 0, -2,
    -19, 0, 0, -20, -2, 10, -10, 0,
    0, 0, 0, 0, 0, 0, 0, 0,
    8, 0, 3, 0, 0, -5, 0, 0,
    0, 0, 0, 0, 0, 0, 10, 2,
    0, 0, 2, 5, 3, 8, -3, 0,
    5, -8, -3, -35, 2, 7, 5, 0,
    -3, 0, 9, 0, 8, 0, 8, 0,
    0, 0, 0, -3, 8, 0, -14, 3,
    -16, 0, 0, -8, 0, -2, 25, -3,
    -3, 3, 3, -2, 0, -3, 3, 0,
    0, -14, -5, 0, -25, 0, 3, -16,
    0, 0, -4, -9, 0, 0, -3, -2,
    0, 0, 2, -5, -3, -5, 2, 0,
    -3, 0, 0, 0, -10, 2, 0, -17,
    0, 0, 0, 0, 15, -5, 0, -9,
    8, 0, -25, -17, -17, -5, 8, 0,
    0, -17, 0, 3, -6, 0, -4, 0,
    -5, 0, 7, 8, -31, 12, 0, 2,
    0, 0, 0, 0, 2, -3, 2, -5,
    0, 0, 0, -3, 0, 0, -2, 0,
    0, 0, -5, 0, 0, -5, 0, -5,
    0, 0, 0, 0, 3, -2, 0, 0,
    3, -2, 3, 0, 0, 0, 0, -5,
    0, 0, 0, 0, 0, 0, 0, 0,
    -2, 0, 8, 0, 0, -3, 0, -3,
    0, 0, 0, 0, 0, 0, 0, 0,
    -1, -1, 0, -3, -3, 0, 0, 0,
    0, 0, 0, 0, 0, 0, -4, 0,
    -8, -2, -8, 5, 0, -5, 5, 3,
    7, 0, -6, 0, -3, 0, 0, -12,
    3, -2, 2, -14, 3, 0, -13, 0,
    5, -8, 0, 0, 0, -3, 0, 0,
    -3, 0, 0, 0, 0, 0, -1, -1,
    0, -1, -3, 0, 0, 0, 0, 0,
    0, -3, 0, 0, -3, 0, -2, 0,
    -5, 3, 0, -3, 3, 1, 3, 0,
    0, 0, 0, 0, 0, -2, 0, 0,
    0, 0, 0, 0, 0, 0, 0, -5,
    0, 8, -2, 0, -8, 0, 7, -13,
    -13, -11, -5, 3, 0, -2, -17, -5,
    0, -5, 0, -5, 4, -5, 0, 3,
    -1, -8, 2, 0, 0, 0, -3, 0,
    0, 2, 3, 0, 0, 0, 0, 0,
    0, 0, 0, 0, 0, 0, 0, -3,
    0, 0, -8, 0, 0, 0, 0, 3,
    0, 0, 0, 0, 0, 0, 0, 12,
    0, 0, 0, 0, 0, 0, 2, 0,
    0, 0, -3, 0, 0, -5, 0, 3,
    0, -2, 0, 0, 0, -5, 0, 3,
    -13, 0, -8, 0, 0, 0, -4, -13,
    0, 0, -3, 3, 0, -12, 0, -4,
    0, 0, -5, 3, 0, -4, 0, 0,
    0, 3, 0, -5, 2, -5, 0, -3,
    -3, -3, 0, 0, 0, 0, 0, 0,
    -8, 0, 0, -5, 2, -8, 3, 0,
    2, 0, 0, 0, 2, 0, 0, -2,
    10, 0, 5, 0, 0, -3, 0, 5,
    0, 0, 0, 2, 0, 0, 8, 0,
    7, 0, 0, -15, 0, -3, 4, 8,
    -35, 25, 0, 3, -5, -5, 3, 3,
    -2, 0, -13, 0, 0, 12, -15, -5,
    0, -17, 10, 36, -15, 0, -2, 5,
    -7, 0, 0, -3, 3, 0, 33, -5,
    -2, 8, 7, -7, 3, 0, 0, 3,
    3, -3, -8, 0, -33, 7, 0, 0,
    0, 5, 5, 6, 0, 0, 8, -16,
    0, -15, 0, 11, 8, 4, -10, 2,
    11, 0, 9, 0, 5, 3, 0, 14,
    0, 0, 0
};


/*Collect the kern class' data in one place*/
static const lv_font_fmt_txt_kern_classes_t kern_classes =
{
    .class_pair_values   = kern_class_values,
    .left_class_mapping  = kern_left_class_mapping,
    .right_class_mapping = kern_right_class_mapping,
    .left_class_cnt      = 25,
    .right_class_cnt     = 27,
};

/*--------------------
 *  ALL CUSTOM DATA
 *--------------------*/

#if LVGL_VERSION_MAJOR == 8
/*Store all the custom data of the font*/
static  lv_font_fmt_txt_glyph_cache_t cache;
#endif

#if LVGL_VERSION_MAJOR >= 8
static const lv_font_fmt_txt_dsc_t font_dsc = {
#else
static lv_font_fmt_txt_dsc_t font_dsc = {
#endif
    .glyph_bitmap = glyph_bitmap,
    .glyph_dsc = glyph_dsc,
    .cmaps = cmaps,
    .kern_dsc = &kern_classes,
    .kern_scale = 16,
    .cmap_num = 5,
    .bpp = 4,
    .kern_classes = 1,
    .bitmap_format = 0,
#if LVGL_VERSION_MAJOR == 8
    .cache = &cache
#endif

};



/*-----------------
 *  PUBLIC FONT
 *----------------*/

/*Initialize a public general font descriptor*/
#if LVGL_VERSION_MAJOR >= 8
const lv_font_t eh_font_montserrat_16 = {
#else
lv_font_t eh_font_montserrat_16 = {
#endif
    .get_glyph_dsc = lv_font_get_glyph_dsc_fmt_txt,    /*Function pointer to get glyph's data*/
    .get_glyph_bitmap = lv_font_get_bitmap_fmt_txt,    /*Function pointer to get glyph's bitmap*/
    .line_height = 18,          /*The maximum line height required by the font*/
    .base_line = 3,             /*Baseline measured from the bottom of the line*/
#if !(LVGL_VERSION_MAJOR == 6 && LVGL_VERSION_MINOR == 0)
    .subpx = LV_FONT_SUBPX_NONE,
#endif
#if LV_VERSION_CHECK(7, 4, 0) || LVGL_VERSION_MAJOR >= 8
    .underline_position = -2,
    .underline_thickness = 1,
#endif
    .dsc = &font_dsc,          /*The custom font data. Will be accessed by `get_glyph_bitmap/dsc` */
#if LV_VERSION_CHECK(8, 2, 0) || LVGL_VERSION_MAJOR >= 9
    .fallback = NULL,
#endif
    .user_data = NULL,
};



#endif /*#if EH_FONT_MONTSERRAT_16*/
