/*******************************************************************************
 * Size: 18 px
 * Bpp: 4
 * Opts: --bpp 4 --size 18 --no-compress --stride 1 --align 1 --font Montserrat-Medium.ttf --range 32-127,176,8226,1040-1103,1105 --font IosevkaNerdFontPropo-Regular.ttf --symbols ÷×−+󰍹󰘶󰘴󰘵󱁐󰌒󰭜󰌑󰐥󰒭󰒮󰓛󰏤󰎇󰇪󰒲󰒳󰯪󱍖 --format lvgl -o eh_font_montserrat_18.c
 ******************************************************************************/

#ifdef __has_include
    #if __has_include("lvgl.h")
        #ifndef LV_LVGL_H_INCLUDE_SIMPLE
            #define LV_LVGL_H_INCLUDE_SIMPLE
        #endif
    #endif
#endif

#ifdef LV_LVGL_H_INCLUDE_SIMPLE
    #include "lvgl.h"
#else
    #include "lvgl/lvgl.h"
#endif



#ifndef EH_FONT_MONTSERRAT_18
#define EH_FONT_MONTSERRAT_18 1
#endif

#if EH_FONT_MONTSERRAT_18

/*-----------------
 *    BITMAPS
 *----------------*/

/*Store the image of the glyphs*/
static LV_ATTRIBUTE_LARGE_CONST const uint8_t glyph_bitmap[] = {
    /* U+0020 " " */

    /* U+0021 "!" */
    0x9f, 0x68, 0xf6, 0x8f, 0x57, 0xf4, 0x6f, 0x46,
    0xf3, 0x5f, 0x35, 0xf2, 0x4f, 0x10, 0x0, 0x15,
    0xa, 0xf7, 0x7f, 0x40,

    /* U+0022 "\"" */
    0xda, 0x9, 0xed, 0x90, 0x9d, 0xd9, 0x8, 0xdc,
    0x80, 0x8d, 0xc8, 0x8, 0xc0, 0x0, 0x0,

    /* U+0023 "#" */
    0x0, 0x0, 0xe5, 0x0, 0x4f, 0x0, 0x0, 0x0,
    0x1f, 0x30, 0x6, 0xe0, 0x0, 0x0, 0x3, 0xf1,
    0x0, 0x8c, 0x0, 0x0, 0xff, 0xff, 0xff, 0xff,
    0xff, 0xf2, 0x5, 0x5a, 0xe5, 0x55, 0xda, 0x55,
    0x0, 0x0, 0x9b, 0x0, 0xe, 0x60, 0x0, 0x0,
    0xb, 0x90, 0x0, 0xf4, 0x0, 0x0, 0x11, 0xd8,
    0x11, 0x3f, 0x31, 0x0, 0x8f, 0xff, 0xff, 0xff,
    0xff, 0xf9, 0x2, 0x45, 0xf7, 0x44, 0x8e, 0x44,
    0x20, 0x0, 0x2f, 0x20, 0x7, 0xc0, 0x0, 0x0,
    0x4, 0xf0, 0x0, 0x9a, 0x0, 0x0, 0x0, 0x5e,
    0x0, 0xb, 0x90, 0x0, 0x0,

    /* U+0024 "$" */
    0x0, 0x0, 0x7, 0x20, 0x0, 0x0, 0x0, 0x0,
    0xe4, 0x0, 0x0, 0x0, 0x0, 0xe, 0x40, 0x0,
    0x0, 0x2, 0xae, 0xff, 0xd8, 0x10, 0x3, 0xff,
    0xbf, 0xbc, 0xfc, 0x0, 0xbf, 0x40, 0xe4, 0x3,
    0x30, 0xe, 0xd0, 0xe, 0x40, 0x0, 0x0, 0xdf,
    0x30, 0xe4, 0x0, 0x0, 0x4, 0xff, 0xbf, 0x50,
    0x0, 0x0, 0x3, 0xbf, 0xff, 0xd6, 0x0, 0x0,
    0x0, 0xe, 0xbe, 0xfb, 0x0, 0x0, 0x0, 0xe4,
    0x1b, 0xf4, 0x0, 0x0, 0xe, 0x40, 0x6f, 0x60,
    0xb4, 0x0, 0xe4, 0xb, 0xf3, 0x1e, 0xfd, 0xaf,
    0xce, 0xfa, 0x0, 0x17, 0xcf, 0xff, 0xc6, 0x0,
    0x0, 0x0, 0xe, 0x40, 0x0, 0x0, 0x0, 0x0,
    0xe4, 0x0, 0x0,

    /* U+0025 "%" */
    0x2, 0xbf, 0xc3, 0x0, 0x0, 0x2f, 0x40, 0x0,
    0xc9, 0x16, 0xe1, 0x0, 0xc, 0x90, 0x0, 0x3f,
    0x0, 0xc, 0x50, 0x7, 0xe0, 0x0, 0x4, 0xd0,
    0x0, 0xa7, 0x2, 0xf4, 0x0, 0x0, 0x2f, 0x0,
    0xc, 0x50, 0xc9, 0x0, 0x0, 0x0, 0xc8, 0x5,
    0xe1, 0x7e, 0x0, 0x0, 0x0, 0x1, 0xbe, 0xc3,
    0x2f, 0x41, 0xbe, 0xc3, 0x0, 0x0, 0x0, 0xc,
    0x90, 0xd7, 0x5, 0xe0, 0x0, 0x0, 0x6, 0xe1,
    0x3e, 0x0, 0xc, 0x50, 0x0, 0x2, 0xf4, 0x4,
    0xd0, 0x0, 0xb7, 0x0, 0x0, 0xba, 0x0, 0x3f,
    0x0, 0xd, 0x50, 0x0, 0x6e, 0x10, 0x0, 0xd9,
    0x17, 0xe1, 0x0, 0x1f, 0x50, 0x0, 0x2, 0xbf,
    0xc3, 0x0,

    /* U+0026 "&" */
    0x0, 0x4, 0xcf, 0xe9, 0x0, 0x0, 0x0, 0x3,
    0xfb, 0x57, 0xf9, 0x0, 0x0, 0x0, 0x9f, 0x0,
    0xa, 0xd0, 0x0, 0x0, 0x8, 0xf1, 0x0, 0xcb,
    0x0, 0x0, 0x0, 0x2f, 0xa1, 0xbf, 0x30, 0x0,
    0x0, 0x0, 0x6f, 0xfc, 0x20, 0x0, 0x0, 0x0,
    0x4e, 0xef, 0xb0, 0x0, 0x10, 0x0, 0x5f, 0xa0,
    0x6f, 0xb0, 0x1f, 0x50, 0xe, 0xc0, 0x0, 0x6f,
    0xb7, 0xf2, 0x2, 0xf8, 0x0, 0x0, 0x6f, 0xfb,
    0x0, 0xf, 0xd0, 0x0, 0x1, 0xdf, 0xb0, 0x0,
    0x8f, 0xe9, 0x8a, 0xfe, 0x8f, 0xb0, 0x0, 0x5c,
    0xff, 0xd9, 0x10, 0x68, 0x0, 0x0, 0x0, 0x0,
    0x0, 0x0, 0x0,

    /* U+0027 "'" */
    0xda, 0xd9, 0xd9, 0xc8, 0xc8, 0x0,

    /* U+0028 "(" */
    0x0, 0x6f, 0x40, 0xd, 0xd0, 0x4, 0xf6, 0x0,
    0x9f, 0x20, 0xd, 0xd0, 0x0, 0xfb, 0x0, 0x2f,
    0x80, 0x3, 0xf7, 0x0, 0x4f, 0x60, 0x4, 0xf6,
    0x0, 0x3f, 0x70, 0x2, 0xf8, 0x0, 0xf, 0xb0,
    0x0, 0xdd, 0x0, 0x9, 0xf2, 0x0, 0x4f, 0x60,
    0x0, 0xdc, 0x0, 0x6, 0xf4,

    /* U+0029 ")" */
    0x3f, 0x70, 0x0, 0xbe, 0x0, 0x5, 0xf5, 0x0,
    0x1f, 0xa0, 0x0, 0xce, 0x0, 0x9, 0xf1, 0x0,
    0x7f, 0x30, 0x6, 0xf4, 0x0, 0x5f, 0x50, 0x5,
    0xf5, 0x0, 0x6f, 0x40, 0x7, 0xf3, 0x0, 0x9f,
    0x10, 0xc, 0xe0, 0x1, 0xfa, 0x0, 0x5f, 0x50,
    0xb, 0xe0, 0x3, 0xf7, 0x0,

    /* U+002A "*" */
    0x0, 0xf, 0x20, 0x3, 0x60, 0xe2, 0x56, 0x4d,
    0xdf, 0xce, 0x60, 0x1d, 0xff, 0x30, 0x4e, 0xcf,
    0xcf, 0x63, 0x60, 0xe2, 0x45, 0x0, 0xe, 0x20,
    0x0,

    /* U+002B "+" */
    0x0, 0x2f, 0x20, 0x0, 0x2, 0xf2, 0x0, 0x0,
    0x3f, 0x30, 0xd, 0xff, 0xff, 0xfd, 0x23, 0x5f,
    0x53, 0x20, 0x2, 0xf2, 0x0, 0x0, 0x2f, 0x20,
    0x0, 0x0, 0x50, 0x0,

    /* U+002C "," */
    0x1, 0x10, 0xe, 0xf1, 0xf, 0xf2, 0x7, 0xe0,
    0xb, 0x90, 0xe, 0x40,

    /* U+002D "-" */
    0x88, 0x88, 0x7f, 0xff, 0xfe,

    /* U+002E "." */
    0x5, 0x60, 0x1f, 0xf2, 0xc, 0xd0,

    /* U+002F "/" */
    0x0, 0x0, 0x0, 0x57, 0x0, 0x0, 0x0, 0xea,
    0x0, 0x0, 0x3, 0xf5, 0x0, 0x0, 0x9, 0xf0,
    0x0, 0x0, 0xe, 0xa0, 0x0, 0x0, 0x4f, 0x40,
    0x0, 0x0, 0x9f, 0x0, 0x0, 0x0, 0xe9, 0x0,
    0x0, 0x4, 0xf4, 0x0, 0x0, 0x9, 0xe0, 0x0,
    0x0, 0xe, 0x90, 0x0, 0x0, 0x4f, 0x40, 0x0,
    0x0, 0xae, 0x0, 0x0, 0x0, 0xf9, 0x0, 0x0,
    0x5, 0xf3, 0x0, 0x0, 0xa, 0xe0, 0x0, 0x0,
    0xf, 0x90, 0x0, 0x0, 0x5f, 0x30, 0x0, 0x0,

    /* U+0030 "0" */
    0x0, 0x4, 0xbe, 0xeb, 0x40, 0x0, 0x0, 0x6f,
    0xfb, 0xbf, 0xf6, 0x0, 0x3, 0xfd, 0x10, 0x1,
    0xdf, 0x30, 0xa, 0xf3, 0x0, 0x0, 0x3f, 0xa0,
    0xe, 0xe0, 0x0, 0x0, 0xe, 0xe0, 0xf, 0xb0,
    0x0, 0x0, 0xb, 0xf0, 0x1f, 0xa0, 0x0, 0x0,
    0xa, 0xf1, 0xf, 0xb0, 0x0, 0x0, 0xb, 0xf0,
    0xe, 0xe0, 0x0, 0x0, 0xe, 0xe0, 0xa, 0xf3,
    0x0, 0x0, 0x4f, 0xa0, 0x3, 0xfd, 0x20, 0x2,
    0xdf, 0x30, 0x0, 0x6f, 0xfb, 0xbf, 0xf6, 0x0,
    0x0, 0x4, 0xbe, 0xeb, 0x40, 0x0,

    /* U+0031 "1" */
    0xdf, 0xff, 0xc8, 0xaa, 0xfc, 0x0, 0xf, 0xc0,
    0x0, 0xfc, 0x0, 0xf, 0xc0, 0x0, 0xfc, 0x0,
    0xf, 0xc0, 0x0, 0xfc, 0x0, 0xf, 0xc0, 0x0,
    0xfc, 0x0, 0xf, 0xc0, 0x0, 0xfc, 0x0, 0xf,
    0xc0,

    /* U+0032 "2" */
    0x1, 0x8d, 0xfe, 0xc5, 0x0, 0x4f, 0xfd, 0xac,
    0xff, 0x70, 0x3c, 0x30, 0x0, 0x2f, 0xf0, 0x0,
    0x0, 0x0, 0xb, 0xf2, 0x0, 0x0, 0x0, 0xc,
    0xf0, 0x0, 0x0, 0x0, 0x3f, 0xb0, 0x0, 0x0,
    0x2, 0xee, 0x20, 0x0, 0x0, 0x2e, 0xf3, 0x0,
    0x0, 0x2, 0xef, 0x30, 0x0, 0x0, 0x2e, 0xf3,
    0x0, 0x0, 0x2, 0xef, 0x30, 0x0, 0x0, 0x2e,
    0xfc, 0xaa, 0xaa, 0xa7, 0x5f, 0xff, 0xff, 0xff,
    0xfb,

    /* U+0033 "3" */
    0x5f, 0xff, 0xff, 0xff, 0xf0, 0x3a, 0xaa, 0xaa,
    0xcf, 0xc0, 0x0, 0x0, 0x1, 0xee, 0x10, 0x0,
    0x0, 0xc, 0xf3, 0x0, 0x0, 0x0, 0x9f, 0x60,
    0x0, 0x0, 0x4, 0xfe, 0x61, 0x0, 0x0, 0x5,
    0xdf, 0xff, 0x50, 0x0, 0x0, 0x0, 0x3e, 0xf2,
    0x0, 0x0, 0x0, 0x7, 0xf6, 0x0, 0x0, 0x0,
    0x6, 0xf6, 0x69, 0x10, 0x0, 0x1d, 0xf2, 0x9f,
    0xfc, 0xbc, 0xff, 0x90, 0x4, 0xae, 0xfe, 0xc5,
    0x0,

    /* U+0034 "4" */
    0x0, 0x0, 0x0, 0x4f, 0xb0, 0x0, 0x0, 0x0,
    0x1, 0xed, 0x0, 0x0, 0x0, 0x0, 0xc, 0xf3,
    0x0, 0x0, 0x0, 0x0, 0x9f, 0x60, 0x0, 0x0,
    0x0, 0x5, 0xf9, 0x0, 0x0, 0x0, 0x0, 0x2f,
    0xc0, 0x3, 0xc5, 0x0, 0x0, 0xdf, 0x20, 0x4,
    0xf7, 0x0, 0xb, 0xf4, 0x0, 0x4, 0xf7, 0x0,
    0x4f, 0xff, 0xff, 0xff, 0xff, 0xfd, 0x39, 0x99,
    0x99, 0x9b, 0xfc, 0x98, 0x0, 0x0, 0x0, 0x5,
    0xf7, 0x0, 0x0, 0x0, 0x0, 0x5, 0xf7, 0x0,
    0x0, 0x0, 0x0, 0x5, 0xf7, 0x0,

    /* U+0035 "5" */
    0x2, 0xff, 0xff, 0xff, 0xf0, 0x4, 0xfc, 0xaa,
    0xaa, 0xa0, 0x5, 0xf5, 0x0, 0x0, 0x0, 0x7,
    0xf3, 0x0, 0x0, 0x0, 0x9, 0xf1, 0x0, 0x0,
    0x0, 0xa, 0xff, 0xfe, 0xc7, 0x0, 0x7, 0xaa,
    0xab, 0xff, 0xc0, 0x0, 0x0, 0x0, 0xa, 0xf6,
    0x0, 0x0, 0x0, 0x2, 0xfa, 0x0, 0x0, 0x0,
    0x3, 0xfa, 0x2c, 0x20, 0x0, 0xb, 0xf5, 0x6f,
    0xfd, 0xbb, 0xef, 0xb0, 0x3, 0x9d, 0xff, 0xc7,
    0x0,

    /* U+0036 "6" */
    0x0, 0x1, 0x8d, 0xfe, 0xc6, 0x0, 0x4, 0xef,
    0xca, 0xae, 0x90, 0x1, 0xee, 0x30, 0x0, 0x0,
    0x0, 0x9f, 0x40, 0x0, 0x0, 0x0, 0xe, 0xe0,
    0x0, 0x0, 0x0, 0x0, 0xfb, 0x2a, 0xef, 0xd7,
    0x0, 0x1f, 0xdf, 0xd9, 0x9d, 0xfb, 0x1, 0xff,
    0xb0, 0x0, 0xa, 0xf5, 0xf, 0xf3, 0x0, 0x0,
    0x3f, 0x90, 0xbf, 0x30, 0x0, 0x3, 0xf8, 0x4,
    0xfb, 0x0, 0x0, 0xaf, 0x40, 0x9, 0xfd, 0x99,
    0xdf, 0xa0, 0x0, 0x5, 0xcf, 0xfc, 0x60, 0x0,

    /* U+0037 "7" */
    0x7f, 0xff, 0xff, 0xff, 0xff, 0x7, 0xfb, 0xaa,
    0xaa, 0xaf, 0xe0, 0x7f, 0x40, 0x0, 0x5, 0xf8,
    0x6, 0xf4, 0x0, 0x0, 0xcf, 0x10, 0x0, 0x0,
    0x0, 0x3f, 0xa0, 0x0, 0x0, 0x0, 0xa, 0xf3,
    0x0, 0x0, 0x0, 0x2, 0xfc, 0x0, 0x0, 0x0,
    0x0, 0x8f, 0x50, 0x0, 0x0, 0x0, 0xf, 0xe0,
    0x0, 0x0, 0x0, 0x6, 0xf7, 0x0, 0x0, 0x0,
    0x0, 0xdf, 0x10, 0x0, 0x0, 0x0, 0x4f, 0x90,
    0x0, 0x0, 0x0, 0xb, 0xf2, 0x0, 0x0, 0x0,

    /* U+0038 "8" */
    0x0, 0x2a, 0xef, 0xfc, 0x70, 0x0, 0x3f, 0xfb,
    0x89, 0xdf, 0xc0, 0xa, 0xf4, 0x0, 0x0, 0xbf,
    0x30, 0xbf, 0x10, 0x0, 0x8, 0xf4, 0x4, 0xfc,
    0x42, 0x26, 0xfd, 0x0, 0x7, 0xff, 0xff, 0xfe,
    0x10, 0x5, 0xfe, 0x85, 0x6a, 0xfd, 0x10, 0xee,
    0x10, 0x0, 0x7, 0xf8, 0x2f, 0xa0, 0x0, 0x0,
    0x1f, 0xb2, 0xfb, 0x0, 0x0, 0x2, 0xfb, 0xd,
    0xf4, 0x0, 0x0, 0xaf, 0x70, 0x4f, 0xfb, 0x89,
    0xdf, 0xc0, 0x0, 0x2a, 0xef, 0xfc, 0x60, 0x0,

    /* U+0039 "9" */
    0x0, 0x6c, 0xff, 0xc6, 0x0, 0x0, 0xaf, 0xd9,
    0x9c, 0xfa, 0x0, 0x3f, 0xb0, 0x0, 0x8, 0xf6,
    0x7, 0xf5, 0x0, 0x0, 0xf, 0xd0, 0x6f, 0x60,
    0x0, 0x2, 0xff, 0x11, 0xff, 0x51, 0x4, 0xdf,
    0xf2, 0x4, 0xef, 0xff, 0xfb, 0x9f, 0x30, 0x0,
    0x57, 0x73, 0xa, 0xf1, 0x0, 0x0, 0x0, 0x0,
    0xef, 0x0, 0x0, 0x0, 0x0, 0x5f, 0xa0, 0x0,
    0x0, 0x0, 0x4e, 0xf2, 0x0, 0x8e, 0xba, 0xcf,
    0xf5, 0x0, 0x5, 0xce, 0xfd, 0x92, 0x0, 0x0,

    /* U+003A ":" */
    0xc, 0xd0, 0x1f, 0xf2, 0x5, 0x60, 0x0, 0x0,
    0x0, 0x0, 0x0, 0x0, 0x0, 0x0, 0x5, 0x60,
    0x1f, 0xf2, 0xc, 0xd0,

    /* U+003B ";" */
    0xc, 0xd0, 0x1f, 0xf2, 0x5, 0x60, 0x0, 0x0,
    0x0, 0x0, 0x0, 0x0, 0x0, 0x0, 0x1, 0x10,
    0xe, 0xf1, 0xf, 0xf2, 0x7, 0xe0, 0xb, 0x90,
    0xe, 0x40,

    /* U+003C "<" */
    0x0, 0x0, 0x0, 0x5, 0x20, 0x0, 0x1, 0x8e,
    0xf4, 0x0, 0x4b, 0xff, 0x93, 0x6, 0xdf, 0xc6,
    0x0, 0x0, 0xcf, 0x70, 0x0, 0x0, 0x5, 0xcf,
    0xe7, 0x10, 0x0, 0x0, 0x39, 0xff, 0xb4, 0x0,
    0x0, 0x1, 0x6d, 0xf4, 0x0, 0x0, 0x0, 0x4,
    0x20,

    /* U+003D "=" */
    0xcf, 0xff, 0xff, 0xff, 0x46, 0x77, 0x77, 0x77,
    0x72, 0x0, 0x0, 0x0, 0x0, 0x0, 0x0, 0x0,
    0x0, 0x0, 0x12, 0x22, 0x22, 0x22, 0xc, 0xff,
    0xff, 0xff, 0xf4, 0x45, 0x55, 0x55, 0x55, 0x10,

    /* U+003E ">" */
    0x62, 0x0, 0x0, 0x0, 0xc, 0xfb, 0x40, 0x0,
    0x0, 0x6, 0xcf, 0xe7, 0x10, 0x0, 0x0, 0x39,
    0xff, 0xa1, 0x0, 0x0, 0x2, 0xdf, 0x40, 0x0,
    0x4b, 0xff, 0x91, 0x18, 0xef, 0xc6, 0x0, 0xc,
    0xfa, 0x30, 0x0, 0x0, 0x51, 0x0, 0x0, 0x0,
    0x0,

    /* U+003F "?" */
    0x2, 0x9d, 0xfe, 0xc5, 0x0, 0x4f, 0xfb, 0x9b,
    0xff, 0x80, 0x4c, 0x20, 0x0, 0x2f, 0xf0, 0x0,
    0x0, 0x0, 0xc, 0xf0, 0x0, 0x0, 0x0, 0x1f,
    0xd0, 0x0, 0x0, 0x1, 0xcf, 0x30, 0x0, 0x0,
    0xd, 0xf4, 0x0, 0x0, 0x0, 0x9f, 0x50, 0x0,
    0x0, 0x0, 0xbc, 0x0, 0x0, 0x0, 0x0, 0x0,
    0x0, 0x0, 0x0, 0x0, 0x33, 0x0, 0x0, 0x0,
    0x1, 0xff, 0x10, 0x0, 0x0, 0x0, 0xdd, 0x0,
    0x0,

    /* U+0040 "@" */
    0x0, 0x0, 0x2, 0x8c, 0xef, 0xec, 0x71, 0x0,
    0x0, 0x0, 0x0, 0x9f, 0xc7, 0x54, 0x58, 0xdf,
    0x70, 0x0, 0x0, 0xc, 0xe4, 0x0, 0x0, 0x0,
    0x6, 0xf9, 0x0, 0x0, 0xae, 0x10, 0x3b, 0xff,
    0xb2, 0xbd, 0x3f, 0x60, 0x3, 0xf4, 0x4, 0xfe,
    0x97, 0xcf, 0xed, 0x6, 0xe0, 0xa, 0xc0, 0xd,
    0xe1, 0x0, 0x8, 0xfd, 0x0, 0xe5, 0xe, 0x60,
    0x3f, 0x60, 0x0, 0x0, 0xfd, 0x0, 0xa9, 0xf,
    0x40, 0x6f, 0x30, 0x0, 0x0, 0xcd, 0x0, 0x8b,
    0x1f, 0x30, 0x6f, 0x30, 0x0, 0x0, 0xcd, 0x0,
    0x8b, 0xf, 0x40, 0x3f, 0x60, 0x0, 0x0, 0xfd,
    0x0, 0x99, 0xe, 0x60, 0xd, 0xe1, 0x0, 0x8,
    0xfd, 0x0, 0xe5, 0xa, 0xc0, 0x3, 0xfe, 0x87,
    0xbf, 0xaf, 0x8b, 0xe0, 0x3, 0xf4, 0x0, 0x3b,
    0xff, 0xb3, 0x1b, 0xfd, 0x30, 0x0, 0xae, 0x10,
    0x0, 0x0, 0x0, 0x0, 0x0, 0x0, 0x0, 0xc,
    0xe3, 0x0, 0x0, 0x0, 0x0, 0x0, 0x0, 0x0,
    0x0, 0xaf, 0xc7, 0x54, 0x6a, 0xe0, 0x0, 0x0,
    0x0, 0x0, 0x3, 0x8d, 0xef, 0xdb, 0x50, 0x0,
    0x0,

    /* U+0041 "A" */
    0x0, 0x0, 0x0, 0x8f, 0xa0, 0x0, 0x0, 0x0,
    0x0, 0x0, 0xe, 0xff, 0x20, 0x0, 0x0, 0x0,
    0x0, 0x6, 0xf6, 0xf9, 0x0, 0x0, 0x0, 0x0,
    0x0, 0xdd, 0xb, 0xf0, 0x0, 0x0, 0x0, 0x0,
    0x4f, 0x60, 0x4f, 0x70, 0x0, 0x0, 0x0, 0xb,
    0xe0, 0x0, 0xdd, 0x0, 0x0, 0x0, 0x2, 0xf8,
    0x0, 0x6, 0xf5, 0x0, 0x0, 0x0, 0x9f, 0x10,
    0x0, 0xe, 0xc0, 0x0, 0x0, 0x1f, 0xff, 0xff,
    0xff, 0xff, 0x30, 0x0, 0x7, 0xf8, 0x88, 0x88,
    0x88, 0xfa, 0x0, 0x0, 0xed, 0x0, 0x0, 0x0,
    0xb, 0xf1, 0x0, 0x5f, 0x60, 0x0, 0x0, 0x0,
    0x4f, 0x80, 0xc, 0xf1, 0x0, 0x0, 0x0, 0x0,
    0xee, 0x0,

    /* U+0042 "B" */
    0x1f, 0xff, 0xff, 0xfe, 0xb4, 0x0, 0x1f, 0xd8,
    0x88, 0x8a, 0xff, 0x70, 0x1f, 0xb0, 0x0, 0x0,
    0x2f, 0xf0, 0x1f, 0xb0, 0x0, 0x0, 0xc, 0xf0,
    0x1f, 0xb0, 0x0, 0x0, 0x2f, 0xc0, 0x1f, 0xd8,
    0x88, 0x8a, 0xfe, 0x30, 0x1f, 0xff, 0xff, 0xff,
    0xfd, 0x40, 0x1f, 0xb0, 0x0, 0x1, 0x4d, 0xf3,
    0x1f, 0xb0, 0x0, 0x0, 0x4, 0xf9, 0x1f, 0xb0,
    0x0, 0x0, 0x2, 0xfb, 0x1f, 0xb0, 0x0, 0x0,
    0x8, 0xf8, 0x1f, 0xd8, 0x88, 0x89, 0xcf, 0xe1,
    0x1f, 0xff, 0xff, 0xff, 0xd9, 0x10,

    /* U+0043 "C" */
    0x0, 0x0, 0x5b, 0xef, 0xeb, 0x50, 0x0, 0x1,
    0xbf, 0xfc, 0xac, 0xff, 0xb0, 0x0, 0xcf, 0xb2,
    0x0, 0x1, 0x9c, 0x0, 0x6f, 0xb0, 0x0, 0x0,
    0x0, 0x0, 0xd, 0xf1, 0x0, 0x0, 0x0, 0x0,
    0x0, 0xfc, 0x0, 0x0, 0x0, 0x0, 0x0, 0x1f,
    0xa0, 0x0, 0x0, 0x0, 0x0, 0x0, 0xfc, 0x0,
    0x0, 0x0, 0x0, 0x0, 0xd, 0xf1, 0x0, 0x0,
    0x0, 0x0, 0x0, 0x6f, 0xb0, 0x0, 0x0, 0x0,
    0x0, 0x0, 0xcf, 0xb2, 0x0, 0x1, 0xac, 0x10,
    0x1, 0xbf, 0xfc, 0xbc, 0xff, 0xb0, 0x0, 0x0,
    0x5b, 0xef, 0xeb, 0x50, 0x0,

    /* U+0044 "D" */
    0x1f, 0xff, 0xff, 0xfd, 0xa4, 0x0, 0x1, 0xfe,
    0xaa, 0xaa, 0xcf, 0xfa, 0x0, 0x1f, 0xb0, 0x0,
    0x0, 0x2b, 0xfa, 0x1, 0xfb, 0x0, 0x0, 0x0,
    0xc, 0xf4, 0x1f, 0xb0, 0x0, 0x0, 0x0, 0x3f,
    0xb1, 0xfb, 0x0, 0x0, 0x0, 0x0, 0xee, 0x1f,
    0xb0, 0x0, 0x0, 0x0, 0xd, 0xf1, 0xfb, 0x0,
    0x0, 0x0, 0x0, 0xee, 0x1f, 0xb0, 0x0, 0x0,
    0x0, 0x3f, 0xb1, 0xfb, 0x0, 0x0, 0x0, 0xc,
    0xf4, 0x1f, 0xb0, 0x0, 0x0, 0x2b, 0xfa, 0x1,
    0xfe, 0xaa, 0xaa, 0xcf, 0xfa, 0x0, 0x1f, 0xff,
    0xff, 0xfd, 0xa4, 0x0, 0x0,

    /* U+0045 "E" */
    0x1f, 0xff, 0xff, 0xff, 0xfc, 0x1, 0xfe, 0xaa,
    0xaa, 0xaa, 0x70, 0x1f, 0xb0, 0x0, 0x0, 0x0,
    0x1, 0xfb, 0x0, 0x0, 0x0, 0x0, 0x1f, 0xb0,
    0x0, 0x0, 0x0, 0x1, 0xfd, 0x99, 0x99, 0x99,
    0x0, 0x1f, 0xff, 0xff, 0xff, 0xf0, 0x1, 0xfb,
    0x0, 0x0, 0x0, 0x0, 0x1f, 0xb0, 0x0, 0x0,
    0x0, 0x1, 0xfb, 0x0, 0x0, 0x0, 0x0, 0x1f,
    0xb0, 0x0, 0x0, 0x0, 0x1, 0xfe, 0xaa, 0xaa,
    0xaa, 0xa0, 0x1f, 0xff, 0xff, 0xff, 0xff, 0x0,

    /* U+0046 "F" */
    0x1f, 0xff, 0xff, 0xff, 0xfc, 0x1f, 0xea, 0xaa,
    0xaa, 0xa7, 0x1f, 0xb0, 0x0, 0x0, 0x0, 0x1f,
    0xb0, 0x0, 0x0, 0x0, 0x1f, 0xb0, 0x0, 0x0,
    0x0, 0x1f, 0xb0, 0x0, 0x0, 0x0, 0x1f, 0xff,
    0xff, 0xff, 0xf0, 0x1f, 0xe9, 0x99, 0x99, 0x90,
    0x1f, 0xb0, 0x0, 0x0, 0x0, 0x1f, 0xb0, 0x0,
    0x0, 0x0, 0x1f, 0xb0, 0x0, 0x0, 0x0, 0x1f,
    0xb0, 0x0, 0x0, 0x0, 0x1f, 0xb0, 0x0, 0x0,
    0x0,

    /* U+0047 "G" */
    0x0, 0x0, 0x4a, 0xef, 0xeb, 0x60, 0x0, 0x1,
    0xbf, 0xfc, 0xbb, 0xff, 0xc1, 0x0, 0xcf, 0xb2,
    0x0, 0x0, 0x7d, 0x10, 0x6f, 0xb0, 0x0, 0x0,
    0x0, 0x0, 0xd, 0xf1, 0x0, 0x0, 0x0, 0x0,
    0x0, 0xfc, 0x0, 0x0, 0x0, 0x0, 0x0, 0x1f,
    0xa0, 0x0, 0x0, 0x0, 0x39, 0x30, 0xfc, 0x0,
    0x0, 0x0, 0x6, 0xf5, 0xd, 0xf1, 0x0, 0x0,
    0x0, 0x6f, 0x50, 0x6f, 0xb0, 0x0, 0x0, 0x6,
    0xf5, 0x0, 0xcf, 0xb2, 0x0, 0x0, 0x9f, 0x50,
    0x1, 0xbf, 0xfd, 0xbc, 0xff, 0xd2, 0x0, 0x0,
    0x5b, 0xef, 0xeb, 0x60, 0x0,

    /* U+0048 "H" */
    0x1f, 0xb0, 0x0, 0x0, 0x1, 0xfb, 0x1f, 0xb0,
    0x0, 0x0, 0x1, 0xfb, 0x1f, 0xb0, 0x0, 0x0,
    0x1, 0xfb, 0x1f, 0xb0, 0x0, 0x0, 0x1, 0xfb,
    0x1f, 0xb0, 0x0, 0x0, 0x1, 0xfb, 0x1f, 0xea,
    0xaa, 0xaa, 0xaa, 0xfb, 0x1f, 0xff, 0xff, 0xff,
    0xff, 0xfb, 0x1f, 0xb0, 0x0, 0x0, 0x1, 0xfb,
    0x1f, 0xb0, 0x0, 0x0, 0x1, 0xfb, 0x1f, 0xb0,
    0x0, 0x0, 0x1, 0xfb, 0x1f, 0xb0, 0x0, 0x0,
    0x1, 0xfb, 0x1f, 0xb0, 0x0, 0x0, 0x1, 0xfb,
    0x1f, 0xb0, 0x0, 0x0, 0x1, 0xfb,

    /* U+0049 "I" */
    0x1f, 0xb1, 0xfb, 0x1f, 0xb1, 0xfb, 0x1f, 0xb1,
    0xfb, 0x1f, 0xb1, 0xfb, 0x1f, 0xb1, 0xfb, 0x1f,
    0xb1, 0xfb, 0x1f, 0xb0,

    /* U+004A "J" */
    0x0, 0xef, 0xff, 0xff, 0x70, 0x8, 0xaa, 0xab,
    0xf7, 0x0, 0x0, 0x0, 0x5f, 0x70, 0x0, 0x0,
    0x5, 0xf7, 0x0, 0x0, 0x0, 0x5f, 0x70, 0x0,
    0x0, 0x5, 0xf7, 0x0, 0x0, 0x0, 0x5f, 0x70,
    0x0, 0x0, 0x5, 0xf7, 0x0, 0x0, 0x0, 0x5f,
    0x70, 0x0, 0x0, 0x6, 0xf6, 0xa, 0x70, 0x0,
    0xcf, 0x30, 0xcf, 0xda, 0xdf, 0xc0, 0x0, 0x8d,
    0xfe, 0x90, 0x0,

    /* U+004B "K" */
    0x1f, 0xb0, 0x0, 0x0, 0x1d, 0xe2, 0x1f, 0xb0,
    0x0, 0x1, 0xdf, 0x30, 0x1f, 0xb0, 0x0, 0xc,
    0xf4, 0x0, 0x1f, 0xb0, 0x0, 0xbf, 0x50, 0x0,
    0x1f, 0xb0, 0xa, 0xf7, 0x0, 0x0, 0x1f, 0xb0,
    0xaf, 0x80, 0x0, 0x0, 0x1f, 0xb9, 0xff, 0xb0,
    0x0, 0x0, 0x1f, 0xff, 0xbb, 0xf8, 0x0, 0x0,
    0x1f, 0xfb, 0x1, 0xdf, 0x50, 0x0, 0x1f, 0xd0,
    0x0, 0x2f, 0xf2, 0x0, 0x1f, 0xb0, 0x0, 0x4,
    0xfd, 0x10, 0x1f, 0xb0, 0x0, 0x0, 0x6f, 0xb0,
    0x1f, 0xb0, 0x0, 0x0, 0x9, 0xf8,

    /* U+004C "L" */
    0x1f, 0xb0, 0x0, 0x0, 0x0, 0x1f, 0xb0, 0x0,
    0x0, 0x0, 0x1f, 0xb0, 0x0, 0x0, 0x0, 0x1f,
    0xb0, 0x0, 0x0, 0x0, 0x1f, 0xb0, 0x0, 0x0,
    0x0, 0x1f, 0xb0, 0x0, 0x0, 0x0, 0x1f, 0xb0,
    0x0, 0x0, 0x0, 0x1f, 0xb0, 0x0, 0x0, 0x0,
    0x1f, 0xb0, 0x0, 0x0, 0x0, 0x1f, 0xb0, 0x0,
    0x0, 0x0, 0x1f, 0xb0, 0x0, 0x0, 0x0, 0x1f,
    0xea, 0xaa, 0xaa, 0xa5, 0x1f, 0xff, 0xff, 0xff,
    0xf8,

    /* U+004D "M" */
    0x1f, 0xa0, 0x0, 0x0, 0x0, 0x0, 0x7f, 0x41,
    0xff, 0x30, 0x0, 0x0, 0x0, 0x1f, 0xf4, 0x1f,
    0xfc, 0x0, 0x0, 0x0, 0x9, 0xff, 0x41, 0xff,
    0xf5, 0x0, 0x0, 0x2, 0xfe, 0xf4, 0x1f, 0xad,
    0xe0, 0x0, 0x0, 0xbe, 0x8f, 0x41, 0xfa, 0x4f,
    0x80, 0x0, 0x4f, 0x67, 0xf4, 0x1f, 0xa0, 0xaf,
    0x20, 0xd, 0xd0, 0x7f, 0x41, 0xfa, 0x2, 0xfa,
    0x7, 0xf4, 0x7, 0xf4, 0x1f, 0xa0, 0x8, 0xf5,
    0xea, 0x0, 0x7f, 0x41, 0xfa, 0x0, 0xe, 0xff,
    0x20, 0x6, 0xf4, 0x1f, 0xa0, 0x0, 0x5f, 0x80,
    0x0, 0x6f, 0x41, 0xfa, 0x0, 0x0, 0x60, 0x0,
    0x6, 0xf4, 0x1f, 0xa0, 0x0, 0x0, 0x0, 0x0,
    0x6f, 0x40,

    /* U+004E "N" */
    0x1f, 0xb0, 0x0, 0x0, 0x1, 0xfb, 0x1f, 0xf8,
    0x0, 0x0, 0x1, 0xfb, 0x1f, 0xff, 0x50, 0x0,
    0x1, 0xfb, 0x1f, 0xdf, 0xf2, 0x0, 0x1, 0xfb,
    0x1f, 0xb6, 0xfd, 0x0, 0x1, 0xfb, 0x1f, 0xb0,
    0x9f, 0xa0, 0x1, 0xfb, 0x1f, 0xb0, 0xc, 0xf6,
    0x1, 0xfb, 0x1f, 0xb0, 0x1, 0xef, 0x31, 0xfb,
    0x1f, 0xb0, 0x0, 0x4f, 0xe2, 0xfb, 0x1f, 0xb0,
    0x0, 0x7, 0xfd, 0xfb, 0x1f, 0xb0, 0x0, 0x0,
    0xbf, 0xfb, 0x1f, 0xb0, 0x0, 0x0, 0x1d, 0xfb,
    0x1f, 0xb0, 0x0, 0x0, 0x2, 0xfb,

    /* U+004F "O" */
    0x0, 0x0, 0x5a, 0xef, 0xeb, 0x60, 0x0, 0x0,
    0x1, 0xbf, 0xfc, 0xbc, 0xff, 0xc1, 0x0, 0x0,
    0xcf, 0xb1, 0x0, 0x1, 0xaf, 0xd0, 0x0, 0x6f,
    0xb0, 0x0, 0x0, 0x0, 0x9f, 0x80, 0xd, 0xf1,
    0x0, 0x0, 0x0, 0x0, 0xfe, 0x0, 0xfc, 0x0,
    0x0, 0x0, 0x0, 0xa, 0xf2, 0x1f, 0xa0, 0x0,
    0x0, 0x0, 0x0, 0x9f, 0x30, 0xfc, 0x0, 0x0,
    0x0, 0x0, 0xa, 0xf2, 0xd, 0xf1, 0x0, 0x0,
    0x0, 0x0, 0xfe, 0x0, 0x6f, 0xb0, 0x0, 0x0,
    0x0, 0x9f, 0x80, 0x0, 0xcf, 0xb2, 0x0, 0x1,
    0xaf, 0xd0, 0x0, 0x1, 0xbf, 0xfc, 0xbc, 0xff,
    0xc1, 0x0, 0x0, 0x0, 0x4b, 0xef, 0xeb, 0x50,
    0x0, 0x0,

    /* U+0050 "P" */
    0x1f, 0xff, 0xff, 0xfc, 0x70, 0x0, 0x1f, 0xea,
    0xaa, 0xbe, 0xfd, 0x10, 0x1f, 0xb0, 0x0, 0x0,
    0x9f, 0x90, 0x1f, 0xb0, 0x0, 0x0, 0xe, 0xf0,
    0x1f, 0xb0, 0x0, 0x0, 0xc, 0xf0, 0x1f, 0xb0,
    0x0, 0x0, 0xe, 0xf0, 0x1f, 0xb0, 0x0, 0x0,
    0x9f, 0x90, 0x1f, 0xea, 0xaa, 0xbe, 0xfd, 0x10,
    0x1f, 0xff, 0xff, 0xfc, 0x70, 0x0, 0x1f, 0xb0,
    0x0, 0x0, 0x0, 0x0, 0x1f, 0xb0, 0x0, 0x0,
    0x0, 0x0, 0x1f, 0xb0, 0x0, 0x0, 0x0, 0x0,
    0x1f, 0xb0, 0x0, 0x0, 0x0, 0x0,

    /* U+0051 "Q" */
    0x0, 0x0, 0x4a, 0xef, 0xeb, 0x60, 0x0, 0x0,
    0x1, 0xbf, 0xfc, 0xbc, 0xff, 0xc1, 0x0, 0x0,
    0xbf, 0xb1, 0x0, 0x1, 0xaf, 0xd0, 0x0, 0x6f,
    0xb0, 0x0, 0x0, 0x0, 0x9f, 0x80, 0xc, 0xf1,
    0x0, 0x0, 0x0, 0x0, 0xfe, 0x0, 0xfc, 0x0,
    0x0, 0x0, 0x0, 0xa, 0xf2, 0x1f, 0xa0, 0x0,
    0x0, 0x0, 0x0, 0x9f, 0x30, 0xfc, 0x0, 0x0,
    0x0, 0x0, 0xa, 0xf2, 0xd, 0xf1, 0x0, 0x0,
    0x0, 0x0, 0xfe, 0x0, 0x7f, 0xa0, 0x0, 0x0,
    0x0, 0x8f, 0x80, 0x0, 0xcf, 0xa1, 0x0, 0x0,
    0x9f, 0xd0, 0x0, 0x1, 0xcf, 0xfb, 0xab, 0xff,
    0xd1, 0x0, 0x0, 0x0, 0x6c, 0xef, 0xfd, 0x60,
    0x0, 0x0, 0x0, 0x0, 0x0, 0x5f, 0xe6, 0x34,
    0xa7, 0x0, 0x0, 0x0, 0x0, 0x3c, 0xff, 0xfe,
    0x30, 0x0, 0x0, 0x0, 0x0, 0x2, 0x43, 0x0,

    /* U+0052 "R" */
    0x1f, 0xff, 0xff, 0xfc, 0x70, 0x0, 0x1f, 0xea,
    0xaa, 0xbe, 0xfd, 0x10, 0x1f, 0xb0, 0x0, 0x0,
    0x9f, 0x90, 0x1f, 0xb0, 0x0, 0x0, 0xe, 0xf0,
    0x1f, 0xb0, 0x0, 0x0, 0xc, 0xf0, 0x1f, 0xb0,
    0x0, 0x0, 0xe, 0xe0, 0x1f, 0xb0, 0x0, 0x0,
    0x8f, 0x90, 0x1f, 0xd9, 0x99, 0xae, 0xfd, 0x10,
    0x1f, 0xff, 0xff, 0xff, 0xa0, 0x0, 0x1f, 0xb0,
    0x0, 0x1f, 0xd0, 0x0, 0x1f, 0xb0, 0x0, 0x6,
    0xf9, 0x0, 0x1f, 0xb0, 0x0, 0x0, 0xbf, 0x40,
    0x1f, 0xb0, 0x0, 0x0, 0x1e, 0xe0,

    /* U+0053 "S" */
    0x0, 0x29, 0xdf, 0xfd, 0x81, 0x0, 0x3f, 0xfc,
    0x9a, 0xdf, 0xc0, 0xb, 0xf4, 0x0, 0x0, 0x23,
    0x0, 0xed, 0x0, 0x0, 0x0, 0x0, 0xd, 0xf3,
    0x0, 0x0, 0x0, 0x0, 0x4f, 0xfa, 0x51, 0x0,
    0x0, 0x0, 0x3b, 0xff, 0xfd, 0x60, 0x0, 0x0,
    0x0, 0x49, 0xef, 0xb0, 0x0, 0x0, 0x0, 0x0,
    0xbf, 0x40, 0x0, 0x0, 0x0, 0x6, 0xf6, 0xb,
    0x50, 0x0, 0x0, 0xcf, 0x31, 0xdf, 0xeb, 0x9a,
    0xef, 0x90, 0x0, 0x6b, 0xef, 0xeb, 0x50, 0x0,

    /* U+0054 "T" */
    0xef, 0xff, 0xff, 0xff, 0xff, 0x89, 0xaa, 0xad,
    0xfb, 0xaa, 0xa5, 0x0, 0x0, 0x9f, 0x20, 0x0,
    0x0, 0x0, 0x9, 0xf2, 0x0, 0x0, 0x0, 0x0,
    0x9f, 0x20, 0x0, 0x0, 0x0, 0x9, 0xf2, 0x0,
    0x0, 0x0, 0x0, 0x9f, 0x20, 0x0, 0x0, 0x0,
    0x9, 0xf2, 0x0, 0x0, 0x0, 0x0, 0x9f, 0x20,
    0x0, 0x0, 0x0, 0x9, 0xf2, 0x0, 0x0, 0x0,
    0x0, 0x9f, 0x20, 0x0, 0x0, 0x0, 0x9, 0xf2,
    0x0, 0x0, 0x0, 0x0, 0x9f, 0x20, 0x0, 0x0,

    /* U+0055 "U" */
    0x3f, 0x90, 0x0, 0x0, 0x5, 0xf7, 0x3f, 0x90,
    0x0, 0x0, 0x5, 0xf7, 0x3f, 0x90, 0x0, 0x0,
    0x5, 0xf7, 0x3f, 0x90, 0x0, 0x0, 0x5, 0xf7,
    0x3f, 0x90, 0x0, 0x0, 0x5, 0xf7, 0x3f, 0x90,
    0x0, 0x0, 0x5, 0xf7, 0x3f, 0x90, 0x0, 0x0,
    0x5, 0xf7, 0x3f, 0x90, 0x0, 0x0, 0x5, 0xf6,
    0x2f, 0xb0, 0x0, 0x0, 0x6, 0xf5, 0xe, 0xf0,
    0x0, 0x0, 0xb, 0xf2, 0x8, 0xfb, 0x10, 0x0,
    0x8f, 0xb0, 0x0, 0xcf, 0xfc, 0xbe, 0xfe, 0x10,
    0x0, 0x7, 0xcf, 0xfd, 0x81, 0x0,

    /* U+0056 "V" */
    0xc, 0xf2, 0x0, 0x0, 0x0, 0x2, 0xf9, 0x6,
    0xf8, 0x0, 0x0, 0x0, 0x9, 0xf3, 0x0, 0xef,
    0x0, 0x0, 0x0, 0x1f, 0xc0, 0x0, 0x8f, 0x60,
    0x0, 0x0, 0x7f, 0x50, 0x0, 0x1f, 0xd0, 0x0,
    0x0, 0xee, 0x0, 0x0, 0xa, 0xf4, 0x0, 0x5,
    0xf7, 0x0, 0x0, 0x3, 0xfa, 0x0, 0xb, 0xf1,
    0x0, 0x0, 0x0, 0xdf, 0x10, 0x2f, 0xa0, 0x0,
    0x0, 0x0, 0x6f, 0x80, 0x9f, 0x30, 0x0, 0x0,
    0x0, 0xe, 0xe1, 0xfc, 0x0, 0x0, 0x0, 0x0,
    0x8, 0xfc, 0xf5, 0x0, 0x0, 0x0, 0x0, 0x1,
    0xff, 0xe0, 0x0, 0x0, 0x0, 0x0, 0x0, 0xaf,
    0x80, 0x0, 0x0,

    /* U+0057 "W" */
    0x4f, 0x90, 0x0, 0x0, 0xc, 0xf3, 0x0, 0x0,
    0x2, 0xf8, 0xe, 0xe0, 0x0, 0x0, 0x2f, 0xf8,
    0x0, 0x0, 0x8, 0xf3, 0x9, 0xf3, 0x0, 0x0,
    0x7f, 0xfd, 0x0, 0x0, 0xd, 0xe0, 0x4, 0xf9,
    0x0, 0x0, 0xcd, 0x9f, 0x20, 0x0, 0x2f, 0x80,
    0x0, 0xfe, 0x0, 0x2, 0xf8, 0x3f, 0x80, 0x0,
    0x7f, 0x30, 0x0, 0xaf, 0x30, 0x7, 0xf3, 0xe,
    0xd0, 0x0, 0xde, 0x0, 0x0, 0x5f, 0x80, 0xc,
    0xd0, 0x9, 0xf2, 0x2, 0xf9, 0x0, 0x0, 0xf,
    0xd0, 0x2f, 0x80, 0x3, 0xf7, 0x7, 0xf4, 0x0,
    0x0, 0xa, 0xf2, 0x7f, 0x30, 0x0, 0xed, 0xc,
    0xe0, 0x0, 0x0, 0x5, 0xf7, 0xce, 0x0, 0x0,
    0x9f, 0x4f, 0x90, 0x0, 0x0, 0x0, 0xfe, 0xf8,
    0x0, 0x0, 0x3f, 0xdf, 0x40, 0x0, 0x0, 0x0,
    0xbf, 0xf3, 0x0, 0x0, 0xe, 0xff, 0x0, 0x0,
    0x0, 0x0, 0x6f, 0xe0, 0x0, 0x0, 0x9, 0xfa,
    0x0, 0x0,

    /* U+0058 "X" */
    0x2f, 0xd0, 0x0, 0x0, 0xb, 0xf3, 0x6, 0xfa,
    0x0, 0x0, 0x7f, 0x70, 0x0, 0xbf, 0x50, 0x2,
    0xfc, 0x0, 0x0, 0x1e, 0xe1, 0xd, 0xf2, 0x0,
    0x0, 0x5, 0xfc, 0x8f, 0x50, 0x0, 0x0, 0x0,
    0x9f, 0xfa, 0x0, 0x0, 0x0, 0x0, 0x3f, 0xf5,
    0x0, 0x0, 0x0, 0x0, 0xdf, 0xfe, 0x10, 0x0,
    0x0, 0x9, 0xf7, 0x5f, 0xa0, 0x0, 0x0, 0x4f,
    0xb0, 0xa, 0xf6, 0x0, 0x1, 0xee, 0x10, 0x1,
    0xef, 0x20, 0xb, 0xf5, 0x0, 0x0, 0x4f, 0xc0,
    0x6f, 0xa0, 0x0, 0x0, 0x8, 0xf8,

    /* U+0059 "Y" */
    0xc, 0xf2, 0x0, 0x0, 0x0, 0x5f, 0x60, 0x3f,
    0xb0, 0x0, 0x0, 0xe, 0xd0, 0x0, 0x9f, 0x50,
    0x0, 0x8, 0xf3, 0x0, 0x1, 0xee, 0x0, 0x2,
    0xfa, 0x0, 0x0, 0x6, 0xf8, 0x0, 0xbf, 0x10,
    0x0, 0x0, 0xc, 0xf2, 0x5f, 0x70, 0x0, 0x0,
    0x0, 0x3f, 0xbe, 0xd0, 0x0, 0x0, 0x0, 0x0,
    0xaf, 0xf4, 0x0, 0x0, 0x0, 0x0, 0x2, 0xfc,
    0x0, 0x0, 0x0, 0x0, 0x0, 0x1f, 0xb0, 0x0,
    0x0, 0x0, 0x0, 0x1, 0xfb, 0x0, 0x0, 0x0,
    0x0, 0x0, 0x1f, 0xb0, 0x0, 0x0, 0x0, 0x0,
    0x1, 0xfb, 0x0, 0x0, 0x0,

    /* U+005A "Z" */
    0x1f, 0xff, 0xff, 0xff, 0xff, 0xf1, 0xa, 0xaa,
    0xaa, 0xaa, 0xcf, 0xd0, 0x0, 0x0, 0x0, 0x1,
    0xef, 0x20, 0x0, 0x0, 0x0, 0xc, 0xf5, 0x0,
    0x0, 0x0, 0x0, 0x9f, 0x80, 0x0, 0x0, 0x0,
    0x5, 0xfb, 0x0, 0x0, 0x0, 0x0, 0x2f, 0xe1,
    0x0, 0x0, 0x0, 0x0, 0xdf, 0x30, 0x0, 0x0,
    0x0, 0xa, 0xf6, 0x0, 0x0, 0x0, 0x0, 0x7f,
    0xa0, 0x0, 0x0, 0x0, 0x4, 0xfd, 0x0, 0x0,
    0x0, 0x0, 0x1e, 0xfb, 0xaa, 0xaa, 0xaa, 0xa2,
    0x3f, 0xff, 0xff, 0xff, 0xff, 0xf4,

    /* U+005B "[" */
    0x1f, 0xff, 0xa1, 0xfc, 0x74, 0x1f, 0xa0, 0x1,
    0xfa, 0x0, 0x1f, 0xa0, 0x1, 0xfa, 0x0, 0x1f,
    0xa0, 0x1, 0xfa, 0x0, 0x1f, 0xa0, 0x1, 0xfa,
    0x0, 0x1f, 0xa0, 0x1, 0xfa, 0x0, 0x1f, 0xa0,
    0x1, 0xfa, 0x0, 0x1f, 0xa0, 0x1, 0xfa, 0x0,
    0x1f, 0xc7, 0x41, 0xff, 0xfa,

    /* U+005C "\\" */
    0x47, 0x0, 0x0, 0x0, 0x5f, 0x30, 0x0, 0x0,
    0xf, 0x80, 0x0, 0x0, 0xa, 0xe0, 0x0, 0x0,
    0x5, 0xf3, 0x0, 0x0, 0x0, 0xf9, 0x0, 0x0,
    0x0, 0xae, 0x0, 0x0, 0x0, 0x5f, 0x40, 0x0,
    0x0, 0xf, 0x90, 0x0, 0x0, 0xa, 0xe0, 0x0,
    0x0, 0x4, 0xf4, 0x0, 0x0, 0x0, 0xe9, 0x0,
    0x0, 0x0, 0x9e, 0x0, 0x0, 0x0, 0x4f, 0x40,
    0x0, 0x0, 0xe, 0xa0, 0x0, 0x0, 0x9, 0xf0,
    0x0, 0x0, 0x4, 0xf5, 0x0, 0x0, 0x0, 0xea,

    /* U+005D "]" */
    0xaf, 0xff, 0x14, 0x7c, 0xf1, 0x0, 0xaf, 0x10,
    0xa, 0xf1, 0x0, 0xaf, 0x10, 0xa, 0xf1, 0x0,
    0xaf, 0x10, 0xa, 0xf1, 0x0, 0xaf, 0x10, 0xa,
    0xf1, 0x0, 0xaf, 0x10, 0xa, 0xf1, 0x0, 0xaf,
    0x10, 0xa, 0xf1, 0x0, 0xaf, 0x10, 0xa, 0xf1,
    0x47, 0xcf, 0x1a, 0xff, 0xf1,

    /* U+005E "^" */
    0x0, 0xa, 0xf2, 0x0, 0x0, 0x1, 0xfe, 0x80,
    0x0, 0x0, 0x7d, 0x6e, 0x0, 0x0, 0xd, 0x70,
    0xf5, 0x0, 0x4, 0xf1, 0x9, 0xc0, 0x0, 0xab,
    0x0, 0x3f, 0x20, 0x1f, 0x50, 0x0, 0xd8, 0x7,
    0xe0, 0x0, 0x6, 0xe0,

    /* U+005F "_" */
    0xff, 0xff, 0xff, 0xff, 0xf2, 0x22, 0x22, 0x22,
    0x22,

    /* U+0060 "`" */
    0x48, 0x40, 0x0, 0xaf, 0x40, 0x0, 0x7f, 0x40,

    /* U+0061 "a" */
    0x0, 0x7c, 0xff, 0xc5, 0x0, 0x9, 0xfc, 0x99,
    0xef, 0x80, 0x1, 0x30, 0x0, 0xd, 0xf0, 0x0,
    0x0, 0x0, 0x9, 0xf2, 0x1, 0x9e, 0xff, 0xff,
    0xf3, 0xb, 0xf7, 0x43, 0x3a, 0xf3, 0xf, 0xb0,
    0x0, 0x8, 0xf3, 0xf, 0xc0, 0x0, 0x1e, 0xf3,
    0x9, 0xfa, 0x68, 0xee, 0xf3, 0x0, 0x8d, 0xfe,
    0x87, 0xf3,

    /* U+0062 "b" */
    0x5f, 0x50, 0x0, 0x0, 0x0, 0x5, 0xf5, 0x0,
    0x0, 0x0, 0x0, 0x5f, 0x50, 0x0, 0x0, 0x0,
    0x5, 0xf5, 0x0, 0x0, 0x0, 0x0, 0x5f, 0x56,
    0xdf, 0xea, 0x20, 0x5, 0xfd, 0xfc, 0x9b, 0xff,
    0x30, 0x5f, 0xf5, 0x0, 0x4, 0xfe, 0x5, 0xfa,
    0x0, 0x0, 0x8, 0xf4, 0x5f, 0x60, 0x0, 0x0,
    0x4f, 0x75, 0xf6, 0x0, 0x0, 0x4, 0xf7, 0x5f,
    0xa0, 0x0, 0x0, 0x8f, 0x45, 0xff, 0x50, 0x0,
    0x4f, 0xe0, 0x5f, 0xcf, 0xc9, 0xbf, 0xf3, 0x5,
    0xf4, 0x6d, 0xfe, 0xa2, 0x0,

    /* U+0063 "c" */
    0x0, 0x7, 0xdf, 0xea, 0x30, 0x0, 0xdf, 0xd9,
    0xaf, 0xf4, 0x9, 0xf7, 0x0, 0x2, 0xc3, 0xf,
    0xc0, 0x0, 0x0, 0x0, 0x3f, 0x80, 0x0, 0x0,
    0x0, 0x3f, 0x80, 0x0, 0x0, 0x0, 0xf, 0xc0,
    0x0, 0x0, 0x0, 0x9, 0xf7, 0x0, 0x2, 0xc3,
    0x0, 0xcf, 0xd9, 0xaf, 0xf3, 0x0, 0x7, 0xdf,
    0xeb, 0x30,

    /* U+0064 "d" */
    0x0, 0x0, 0x0, 0x0, 0x1f, 0xa0, 0x0, 0x0,
    0x0, 0x1, 0xfa, 0x0, 0x0, 0x0, 0x0, 0x1f,
    0xa0, 0x0, 0x0, 0x0, 0x1, 0xfa, 0x0, 0x8,
    0xdf, 0xe8, 0x2f, 0xa0, 0x1d, 0xfd, 0x9a, 0xfd,
    0xfa, 0xa, 0xf7, 0x0, 0x2, 0xef, 0xa0, 0xfc,
    0x0, 0x0, 0x6, 0xfa, 0x3f, 0x80, 0x0, 0x0,
    0x2f, 0xa3, 0xf8, 0x0, 0x0, 0x2, 0xfa, 0xf,
    0xd0, 0x0, 0x0, 0x6f, 0xa0, 0xaf, 0x80, 0x0,
    0x2e, 0xfa, 0x1, 0xdf, 0xd9, 0xbf, 0xcf, 0xa0,
    0x0, 0x8d, 0xfe, 0x81, 0xfa,

    /* U+0065 "e" */
    0x0, 0x8, 0xdf, 0xe9, 0x10, 0x0, 0x1d, 0xfb,
    0x8a, 0xfe, 0x20, 0xa, 0xf4, 0x0, 0x3, 0xfb,
    0x0, 0xfa, 0x0, 0x0, 0x8, 0xf1, 0x3f, 0xff,
    0xff, 0xff, 0xff, 0x33, 0xfa, 0x33, 0x33, 0x33,
    0x30, 0xf, 0xd0, 0x0, 0x0, 0x0, 0x0, 0x9f,
    0x90, 0x0, 0x9, 0x10, 0x0, 0xcf, 0xda, 0x9e,
    0xf6, 0x0, 0x0, 0x7d, 0xff, 0xc5, 0x0,

    /* U+0066 "f" */
    0x0, 0x1a, 0xef, 0x90, 0xb, 0xf9, 0x88, 0x0,
    0xfb, 0x0, 0x0, 0x1f, 0x90, 0x0, 0xbf, 0xff,
    0xff, 0x55, 0x8f, 0xc7, 0x72, 0x1, 0xfa, 0x0,
    0x0, 0x1f, 0xa0, 0x0, 0x1, 0xfa, 0x0, 0x0,
    0x1f, 0xa0, 0x0, 0x1, 0xfa, 0x0, 0x0, 0x1f,
    0xa0, 0x0, 0x1, 0xfa, 0x0, 0x0, 0x1f, 0xa0,
    0x0,

    /* U+0067 "g" */
    0x0, 0x8, 0xdf, 0xe9, 0x1e, 0xc0, 0x1d, 0xfd,
    0x9a, 0xfe, 0xec, 0xa, 0xf8, 0x0, 0x1, 0xdf,
    0xc0, 0xfc, 0x0, 0x0, 0x3, 0xfc, 0x3f, 0x80,
    0x0, 0x0, 0xf, 0xc3, 0xf8, 0x0, 0x0, 0x0,
    0xfc, 0xf, 0xd0, 0x0, 0x0, 0x4f, 0xc0, 0xaf,
    0x80, 0x0, 0x1d, 0xfc, 0x1, 0xdf, 0xd9, 0xaf,
    0xdf, 0xc0, 0x0, 0x8d, 0xfe, 0x91, 0xfb, 0x0,
    0x0, 0x0, 0x0, 0x2f, 0x90, 0x27, 0x0, 0x0,
    0xb, 0xf4, 0x7, 0xff, 0xb9, 0xae, 0xfa, 0x0,
    0x4, 0xae, 0xff, 0xc6, 0x0,

    /* U+0068 "h" */
    0x5f, 0x50, 0x0, 0x0, 0x0, 0x5f, 0x50, 0x0,
    0x0, 0x0, 0x5f, 0x50, 0x0, 0x0, 0x0, 0x5f,
    0x50, 0x0, 0x0, 0x0, 0x5f, 0x57, 0xdf, 0xe9,
    0x10, 0x5f, 0xef, 0xca, 0xdf, 0xd0, 0x5f, 0xf4,
    0x0, 0xa, 0xf6, 0x5f, 0x90, 0x0, 0x2, 0xf9,
    0x5f, 0x60, 0x0, 0x0, 0xfa, 0x5f, 0x50, 0x0,
    0x0, 0xfb, 0x5f, 0x50, 0x0, 0x0, 0xfb, 0x5f,
    0x50, 0x0, 0x0, 0xfb, 0x5f, 0x50, 0x0, 0x0,
    0xfb, 0x5f, 0x50, 0x0, 0x0, 0xfb,

    /* U+0069 "i" */
    0x6f, 0x69, 0xf9, 0x4, 0x0, 0x0, 0x5f, 0x55,
    0xf5, 0x5f, 0x55, 0xf5, 0x5f, 0x55, 0xf5, 0x5f,
    0x55, 0xf5, 0x5f, 0x55, 0xf5,

    /* U+006A "j" */
    0x0, 0x4, 0xf7, 0x0, 0x7, 0xfa, 0x0, 0x0,
    0x40, 0x0, 0x0, 0x0, 0x0, 0x4, 0xf7, 0x0,
    0x4, 0xf7, 0x0, 0x4, 0xf7, 0x0, 0x4, 0xf7,
    0x0, 0x4, 0xf7, 0x0, 0x4, 0xf7, 0x0, 0x4,
    0xf7, 0x0, 0x4, 0xf7, 0x0, 0x4, 0xf7, 0x0,
    0x4, 0xf7, 0x0, 0x4, 0xf7, 0x0, 0x6, 0xf5,
    0x4b, 0x9e, 0xe1, 0x5e, 0xfc, 0x30,

    /* U+006B "k" */
    0x5f, 0x50, 0x0, 0x0, 0x0, 0x5, 0xf5, 0x0,
    0x0, 0x0, 0x0, 0x5f, 0x50, 0x0, 0x0, 0x0,
    0x5, 0xf5, 0x0, 0x0, 0x0, 0x0, 0x5f, 0x50,
    0x0, 0x1d, 0xf3, 0x5, 0xf5, 0x0, 0x2d, 0xf3,
    0x0, 0x5f, 0x50, 0x2e, 0xf4, 0x0, 0x5, 0xf5,
    0x2e, 0xf4, 0x0, 0x0, 0x5f, 0x9e, 0xfe, 0x0,
    0x0, 0x5, 0xff, 0xfa, 0xfa, 0x0, 0x0, 0x5f,
    0xe3, 0xc, 0xf6, 0x0, 0x5, 0xf6, 0x0, 0x1e,
    0xf3, 0x0, 0x5f, 0x50, 0x0, 0x3f, 0xd0, 0x5,
    0xf5, 0x0, 0x0, 0x7f, 0xa0,

    /* U+006C "l" */
    0x5f, 0x55, 0xf5, 0x5f, 0x55, 0xf5, 0x5f, 0x55,
    0xf5, 0x5f, 0x55, 0xf5, 0x5f, 0x55, 0xf5, 0x5f,
    0x55, 0xf5, 0x5f, 0x55, 0xf5,

    /* U+006D "m" */
    0x5f, 0x58, 0xdf, 0xe8, 0x0, 0x8d, 0xfe, 0x80,
    0x5, 0xfe, 0xfa, 0x9d, 0xfb, 0xdf, 0xa9, 0xdf,
    0xb0, 0x5f, 0xf2, 0x0, 0xd, 0xff, 0x30, 0x0,
    0xcf, 0x35, 0xf9, 0x0, 0x0, 0x7f, 0xa0, 0x0,
    0x6, 0xf6, 0x5f, 0x60, 0x0, 0x5, 0xf7, 0x0,
    0x0, 0x4f, 0x75, 0xf5, 0x0, 0x0, 0x5f, 0x60,
    0x0, 0x4, 0xf7, 0x5f, 0x50, 0x0, 0x5, 0xf6,
    0x0, 0x0, 0x4f, 0x75, 0xf5, 0x0, 0x0, 0x5f,
    0x60, 0x0, 0x4, 0xf7, 0x5f, 0x50, 0x0, 0x5,
    0xf6, 0x0, 0x0, 0x4f, 0x75, 0xf5, 0x0, 0x0,
    0x5f, 0x60, 0x0, 0x4, 0xf7,

    /* U+006E "n" */
    0x5f, 0x57, 0xdf, 0xe9, 0x10, 0x5f, 0xef, 0xa8,
    0xcf, 0xd0, 0x5f, 0xf3, 0x0, 0x9, 0xf6, 0x5f,
    0x90, 0x0, 0x2, 0xf9, 0x5f, 0x60, 0x0, 0x0,
    0xfa, 0x5f, 0x50, 0x0, 0x0, 0xfb, 0x5f, 0x50,
    0x0, 0x0, 0xfb, 0x5f, 0x50, 0x0, 0x0, 0xfb,
    0x5f, 0x50, 0x0, 0x0, 0xfb, 0x5f, 0x50, 0x0,
    0x0, 0xfb,

    /* U+006F "o" */
    0x0, 0x7, 0xdf, 0xea, 0x30, 0x0, 0xd, 0xfd,
    0x9a, 0xff, 0x50, 0x9, 0xf7, 0x0, 0x2, 0xef,
    0x10, 0xfc, 0x0, 0x0, 0x6, 0xf7, 0x3f, 0x80,
    0x0, 0x0, 0x2f, 0x93, 0xf8, 0x0, 0x0, 0x2,
    0xf9, 0xf, 0xd0, 0x0, 0x0, 0x6f, 0x70, 0x9f,
    0x80, 0x0, 0x2e, 0xf1, 0x0, 0xcf, 0xd9, 0xaf,
    0xf5, 0x0, 0x0, 0x7d, 0xfe, 0xa3, 0x0,

    /* U+0070 "p" */
    0x5f, 0x47, 0xdf, 0xea, 0x20, 0x5, 0xfd, 0xfa,
    0x8a, 0xff, 0x30, 0x5f, 0xf4, 0x0, 0x3, 0xfe,
    0x5, 0xfa, 0x0, 0x0, 0x8, 0xf4, 0x5f, 0x60,
    0x0, 0x0, 0x4f, 0x75, 0xf6, 0x0, 0x0, 0x4,
    0xf7, 0x5f, 0xa0, 0x0, 0x0, 0x8f, 0x45, 0xff,
    0x50, 0x0, 0x4f, 0xe0, 0x5f, 0xdf, 0xc9, 0xbf,
    0xf3, 0x5, 0xf5, 0x6d, 0xfe, 0xa2, 0x0, 0x5f,
    0x50, 0x0, 0x0, 0x0, 0x5, 0xf5, 0x0, 0x0,
    0x0, 0x0, 0x5f, 0x50, 0x0, 0x0, 0x0, 0x5,
    0xf5, 0x0, 0x0, 0x0, 0x0,

    /* U+0071 "q" */
    0x0, 0x8, 0xdf, 0xe8, 0x1f, 0xa0, 0x1d, 0xfd,
    0x9a, 0xfc, 0xfa, 0xa, 0xf7, 0x0, 0x2, 0xef,
    0xa0, 0xfc, 0x0, 0x0, 0x6, 0xfa, 0x3f, 0x80,
    0x0, 0x0, 0x2f, 0xa3, 0xf8, 0x0, 0x0, 0x2,
    0xfa, 0xf, 0xc0, 0x0, 0x0, 0x6f, 0xa0, 0xaf,
    0x80, 0x0, 0x2e, 0xfa, 0x1, 0xdf, 0xd9, 0xbf,
    0xdf, 0xa0, 0x0, 0x8d, 0xfe, 0x82, 0xfa, 0x0,
    0x0, 0x0, 0x0, 0x1f, 0xa0, 0x0, 0x0, 0x0,
    0x1, 0xfa, 0x0, 0x0, 0x0, 0x0, 0x1f, 0xa0,
    0x0, 0x0, 0x0, 0x1, 0xfa,

    /* U+0072 "r" */
    0x5f, 0x57, 0xdb, 0x5f, 0xdf, 0xc8, 0x5f, 0xf4,
    0x0, 0x5f, 0xa0, 0x0, 0x5f, 0x60, 0x0, 0x5f,
    0x50, 0x0, 0x5f, 0x50, 0x0, 0x5f, 0x50, 0x0,
    0x5f, 0x50, 0x0, 0x5f, 0x50, 0x0,

    /* U+0073 "s" */
    0x1, 0x8d, 0xfe, 0xb7, 0x0, 0xcf, 0xb8, 0xae,
    0xd0, 0x3f, 0x90, 0x0, 0x1, 0x3, 0xfb, 0x10,
    0x0, 0x0, 0xa, 0xff, 0xc8, 0x40, 0x0, 0x4,
    0x9c, 0xff, 0xc0, 0x0, 0x0, 0x0, 0x9f, 0x60,
    0x50, 0x0, 0x5, 0xf7, 0x5f, 0xea, 0x9a, 0xfe,
    0x10, 0x6c, 0xef, 0xd9, 0x20,

    /* U+0074 "t" */
    0x1, 0xfa, 0x0, 0x0, 0x1f, 0xa0, 0x0, 0xbf,
    0xff, 0xff, 0x55, 0x8f, 0xc7, 0x72, 0x1, 0xfa,
    0x0, 0x0, 0x1f, 0xa0, 0x0, 0x1, 0xfa, 0x0,
    0x0, 0x1f, 0xa0, 0x0, 0x1, 0xfa, 0x0, 0x0,
    0xf, 0xb0, 0x0, 0x0, 0xbf, 0xa9, 0x90, 0x1,
    0xbe, 0xe9,

    /* U+0075 "u" */
    0x7f, 0x40, 0x0, 0x3, 0xf8, 0x7f, 0x40, 0x0,
    0x3, 0xf8, 0x7f, 0x40, 0x0, 0x3, 0xf8, 0x7f,
    0x40, 0x0, 0x3, 0xf8, 0x7f, 0x40, 0x0, 0x3,
    0xf8, 0x7f, 0x40, 0x0, 0x4, 0xf8, 0x6f, 0x60,
    0x0, 0x7, 0xf8, 0x2f, 0xd1, 0x0, 0x2e, 0xf8,
    0xa, 0xfe, 0xab, 0xfd, 0xf8, 0x0, 0x7d, 0xfe,
    0x82, 0xf8,

    /* U+0076 "v" */
    0xd, 0xe0, 0x0, 0x0, 0xd, 0xd0, 0x6, 0xf6,
    0x0, 0x0, 0x3f, 0x70, 0x0, 0xfc, 0x0, 0x0,
    0xaf, 0x10, 0x0, 0x9f, 0x30, 0x1, 0xf9, 0x0,
    0x0, 0x2f, 0x90, 0x7, 0xf3, 0x0, 0x0, 0xb,
    0xf0, 0xe, 0xc0, 0x0, 0x0, 0x5, 0xf6, 0x5f,
    0x50, 0x0, 0x0, 0x0, 0xed, 0xbe, 0x0, 0x0,
    0x0, 0x0, 0x7f, 0xf8, 0x0, 0x0, 0x0, 0x0,
    0x1f, 0xf1, 0x0, 0x0,

    /* U+0077 "w" */
    0xbe, 0x0, 0x0, 0xc, 0xf1, 0x0, 0x0, 0xae,
    0x5, 0xf4, 0x0, 0x2, 0xff, 0x60, 0x0, 0xf,
    0x80, 0xf, 0x90, 0x0, 0x8f, 0xeb, 0x0, 0x5,
    0xf2, 0x0, 0xae, 0x0, 0xd, 0xb8, 0xf1, 0x0,
    0xbd, 0x0, 0x4, 0xf4, 0x3, 0xf5, 0x2f, 0x70,
    0x1f, 0x70, 0x0, 0xe, 0xa0, 0x9e, 0x0, 0xcc,
    0x6, 0xf1, 0x0, 0x0, 0x9f, 0x1e, 0x90, 0x6,
    0xf2, 0xcc, 0x0, 0x0, 0x3, 0xfa, 0xf3, 0x0,
    0x1f, 0xaf, 0x60, 0x0, 0x0, 0xd, 0xfd, 0x0,
    0x0, 0xbf, 0xf1, 0x0, 0x0, 0x0, 0x8f, 0x70,
    0x0, 0x5, 0xfb, 0x0, 0x0,

    /* U+0078 "x" */
    0x3f, 0xb0, 0x0, 0xc, 0xf2, 0x7, 0xf7, 0x0,
    0x8f, 0x60, 0x0, 0xbf, 0x33, 0xfa, 0x0, 0x0,
    0x1e, 0xde, 0xd0, 0x0, 0x0, 0x4, 0xff, 0x30,
    0x0, 0x0, 0x6, 0xff, 0x50, 0x0, 0x0, 0x3f,
    0xbc, 0xf2, 0x0, 0x0, 0xde, 0x12, 0xfc, 0x0,
    0xa, 0xf4, 0x0, 0x5f, 0x90, 0x6f, 0x80, 0x0,
    0xa, 0xf5,

    /* U+0079 "y" */
    0xd, 0xe0, 0x0, 0x0, 0xd, 0xd0, 0x6, 0xf6,
    0x0, 0x0, 0x3f, 0x70, 0x0, 0xfc, 0x0, 0x0,
    0xaf, 0x10, 0x0, 0x9f, 0x30, 0x1, 0xfa, 0x0,
    0x0, 0x2f, 0x90, 0x7, 0xf3, 0x0, 0x0, 0xc,
    0xf0, 0xd, 0xc0, 0x0, 0x0, 0x5, 0xf6, 0x4f,
    0x60, 0x0, 0x0, 0x0, 0xed, 0xae, 0x0, 0x0,
    0x0, 0x0, 0x8f, 0xf8, 0x0, 0x0, 0x0, 0x0,
    0x2f, 0xf2, 0x0, 0x0, 0x0, 0x0, 0xf, 0xb0,
    0x0, 0x0, 0x1, 0x0, 0x7f, 0x40, 0x0, 0x0,
    0x1f, 0xaa, 0xfc, 0x0, 0x0, 0x0, 0x19, 0xee,
    0xa1, 0x0, 0x0, 0x0,

    /* U+007A "z" */
    0x2f, 0xff, 0xff, 0xff, 0x91, 0x77, 0x77, 0x7e,
    0xf4, 0x0, 0x0, 0x6, 0xf8, 0x0, 0x0, 0x3,
    0xfc, 0x0, 0x0, 0x1, 0xee, 0x10, 0x0, 0x0,
    0xbf, 0x40, 0x0, 0x0, 0x7f, 0x70, 0x0, 0x0,
    0x4f, 0xb0, 0x0, 0x0, 0x1e, 0xf8, 0x77, 0x77,
    0x54, 0xff, 0xff, 0xff, 0xfb,

    /* U+007B "{" */
    0x0, 0x7e, 0xf0, 0x4f, 0xd7, 0x7, 0xf4, 0x0,
    0x8f, 0x30, 0x8, 0xf3, 0x0, 0x8f, 0x30, 0x8,
    0xf3, 0x0, 0x9f, 0x20, 0x8e, 0xe0, 0xf, 0xf9,
    0x0, 0xb, 0xf2, 0x0, 0x8f, 0x30, 0x8, 0xf3,
    0x0, 0x8f, 0x30, 0x8, 0xf3, 0x0, 0x7f, 0x40,
    0x4, 0xfd, 0x70, 0x8, 0xef,

    /* U+007C "|" */
    0x1f, 0x71, 0xf7, 0x1f, 0x71, 0xf7, 0x1f, 0x71,
    0xf7, 0x1f, 0x71, 0xf7, 0x1f, 0x71, 0xf7, 0x1f,
    0x71, 0xf7, 0x1f, 0x71, 0xf7, 0x1f, 0x71, 0xf7,
    0x1f, 0x71, 0xf7,

    /* U+007D "}" */
    0xaf, 0xa1, 0x0, 0x4b, 0xf9, 0x0, 0x0, 0xfd,
    0x0, 0x0, 0xde, 0x0, 0x0, 0xde, 0x0, 0x0,
    0xde, 0x0, 0x0, 0xde, 0x0, 0x0, 0xde, 0x0,
    0x0, 0xaf, 0x92, 0x0, 0x4f, 0xf4, 0x0, 0xcf,
    0x10, 0x0, 0xde, 0x0, 0x0, 0xde, 0x0, 0x0,
    0xde, 0x0, 0x0, 0xde, 0x0, 0x0, 0xed, 0x0,
    0x4b, 0xf9, 0x0, 0xaf, 0xb1, 0x0,

    /* U+007E "~" */
    0x0, 0x0, 0x0, 0x1, 0x1, 0xdf, 0xc1, 0x0,
    0xc5, 0x9c, 0x5c, 0xe4, 0x5f, 0x2d, 0x40, 0xa,
    0xff, 0x90, 0x40, 0x0, 0x2, 0x20, 0x0,

    /* U+00B0 "°" */
    0x1, 0xaf, 0xd6, 0x0, 0xb8, 0x3, 0xe4, 0x1e,
    0x0, 0x6, 0xa2, 0xe0, 0x0, 0x6a, 0xc, 0x70,
    0x1d, 0x50, 0x1c, 0xff, 0x70, 0x0, 0x0, 0x0,
    0x0,

    /* U+00D7 "×" */
    0x16, 0x0, 0x0, 0x6, 0x14, 0xf7, 0x0, 0x7,
    0xf4, 0x5, 0xf6, 0x7, 0xf5, 0x0, 0x6, 0xfa,
    0xf6, 0x0, 0x0, 0xa, 0xfa, 0x0, 0x0, 0x4,
    0xfc, 0xf4, 0x0, 0x4, 0xf8, 0x8, 0xf4, 0x3,
    0xf9, 0x0, 0x9, 0xf3, 0x28, 0x0, 0x0, 0x8,
    0x20,

    /* U+00F7 "÷" */
    0x0, 0x27, 0x20, 0x0, 0xa, 0xfa, 0x0, 0x0,
    0x6f, 0x60, 0x0, 0x0, 0x0, 0x0, 0x0, 0x0,
    0x0, 0xd, 0xff, 0xff, 0xfd, 0x23, 0x33, 0x33,
    0x20, 0x2, 0x82, 0x0, 0x0, 0xaf, 0xa0, 0x0,
    0x6, 0xf6, 0x0,

    /* U+0410 "А" */
    0x0, 0x0, 0x4, 0xfe, 0x0, 0x0, 0x0, 0x0,
    0x0, 0xb, 0xff, 0x50, 0x0, 0x0, 0x0, 0x0,
    0x2f, 0x8e, 0xc0, 0x0, 0x0, 0x0, 0x0, 0x9f,
    0x17, 0xf3, 0x0, 0x0, 0x0, 0x1, 0xfa, 0x1,
    0xfa, 0x0, 0x0, 0x0, 0x7, 0xf3, 0x0, 0x9f,
    0x20, 0x0, 0x0, 0xe, 0xc0, 0x0, 0x2f, 0x80,
    0x0, 0x0, 0x5f, 0x50, 0x0, 0xb, 0xf0, 0x0,
    0x0, 0xcf, 0xff, 0xff, 0xff, 0xf7, 0x0, 0x3,
    0xfa, 0x88, 0x88, 0x88, 0xdd, 0x0, 0xb, 0xf1,
    0x0, 0x0, 0x0, 0x7f, 0x50, 0x2f, 0xa0, 0x0,
    0x0, 0x0, 0x1f, 0xc0, 0x9f, 0x40, 0x0, 0x0,
    0x0, 0xa, 0xf3,

    /* U+0411 "Б" */
    0xf, 0xff, 0xff, 0xff, 0xff, 0x70, 0xf, 0xe9,
    0x99, 0x99, 0x99, 0x40, 0xf, 0xc0, 0x0, 0x0,
    0x0, 0x0, 0xf, 0xc0, 0x0, 0x0, 0x0, 0x0,
    0xf, 0xc2, 0x22, 0x21, 0x0, 0x0, 0xf, 0xff,
    0xff, 0xff, 0xe7, 0x0, 0xf, 0xd5, 0x55, 0x57,
    0xdf, 0x90, 0xf, 0xc0, 0x0, 0x0, 0x1e, 0xf1,
    0xf, 0xc0, 0x0, 0x0, 0x9, 0xf3, 0xf, 0xc0,
    0x0, 0x0, 0xa, 0xf3, 0xf, 0xc0, 0x0, 0x0,
    0x2f, 0xe0, 0xf, 0xd7, 0x77, 0x8a, 0xff, 0x50,
    0xf, 0xff, 0xff, 0xfe, 0xb3, 0x0,

    /* U+0412 "В" */
    0xf, 0xff, 0xff, 0xfd, 0xa2, 0x0, 0xf, 0xd7,
    0x77, 0x8b, 0xff, 0x30, 0xf, 0xc0, 0x0, 0x0,
    0x6f, 0xa0, 0xf, 0xc0, 0x0, 0x0, 0x1f, 0xb0,
    0xf, 0xc0, 0x0, 0x0, 0x3f, 0x90, 0xf, 0xc1,
    0x11, 0x25, 0xde, 0x20, 0xf, 0xff, 0xff, 0xff,
    0xf6, 0x0, 0xf, 0xd4, 0x44, 0x46, 0xaf, 0xa0,
    0xf, 0xc0, 0x0, 0x0, 0xa, 0xf3, 0xf, 0xc0,
    0x0, 0x0, 0x7, 0xf5, 0xf, 0xc0, 0x0, 0x0,
    0xc, 0xf4, 0xf, 0xd7, 0x77, 0x79, 0xdf, 0xc0,
    0xf, 0xff, 0xff, 0xff, 0xd7, 0x0,

    /* U+0413 "Г" */
    0xf, 0xff, 0xff, 0xff, 0xf3, 0xf, 0xea, 0xaa,
    0xaa, 0xa2, 0xf, 0xb0, 0x0, 0x0, 0x0, 0xf,
    0xb0, 0x0, 0x0, 0x0, 0xf, 0xb0, 0x0, 0x0,
    0x0, 0xf, 0xb0, 0x0, 0x0, 0x0, 0xf, 0xb0,
    0x0, 0x0, 0x0, 0xf, 0xb0, 0x0, 0x0, 0x0,
    0xf, 0xb0, 0x0, 0x0, 0x0, 0xf, 0xb0, 0x0,
    0x0, 0x0, 0xf, 0xb0, 0x0, 0x0, 0x0, 0xf,
    0xb0, 0x0, 0x0, 0x0, 0xf, 0xb0, 0x0, 0x0,
    0x0,

    /* U+0414 "Д" */
    0x0, 0xc, 0xff, 0xff, 0xff, 0xff, 0x10, 0x0,
    0xc, 0xea, 0xaa, 0xaa, 0xef, 0x10, 0x0, 0xd,
    0xc0, 0x0, 0x0, 0xaf, 0x10, 0x0, 0xd, 0xb0,
    0x0, 0x0, 0xaf, 0x10, 0x0, 0xe, 0xb0, 0x0,
    0x0, 0xaf, 0x10, 0x0, 0xf, 0xa0, 0x0, 0x0,
    0xaf, 0x10, 0x0, 0xf, 0x90, 0x0, 0x0, 0xaf,
    0x10, 0x0, 0x1f, 0x70, 0x0, 0x0, 0xaf, 0x10,
    0x0, 0x4f, 0x50, 0x0, 0x0, 0xaf, 0x10, 0x0,
    0x7f, 0x20, 0x0, 0x0, 0xaf, 0x10, 0x0, 0xec,
    0x0, 0x0, 0x0, 0xaf, 0x10, 0x7d, 0xfc, 0xaa,
    0xaa, 0xaa, 0xef, 0xa9, 0xcf, 0xff, 0xff, 0xff,
    0xff, 0xff, 0xff, 0xce, 0x0, 0x0, 0x0, 0x0,
    0x0, 0xbf, 0xce, 0x0, 0x0, 0x0, 0x0, 0x0,
    0xbf, 0xac, 0x0, 0x0, 0x0, 0x0, 0x0, 0x9d,

    /* U+0415 "Е" */
    0xf, 0xff, 0xff, 0xff, 0xfd, 0x0, 0xfe, 0xaa,
    0xaa, 0xaa, 0x80, 0xf, 0xc0, 0x0, 0x0, 0x0,
    0x0, 0xfc, 0x0, 0x0, 0x0, 0x0, 0xf, 0xc0,
    0x0, 0x0, 0x0, 0x0, 0xfe, 0x99, 0x99, 0x99,
    0x0, 0xf, 0xff, 0xff, 0xff, 0xf1, 0x0, 0xfc,
    0x0, 0x0, 0x0, 0x0, 0xf, 0xc0, 0x0, 0x0,
    0x0, 0x0, 0xfc, 0x0, 0x0, 0x0, 0x0, 0xf,
    0xc0, 0x0, 0x0, 0x0, 0x0, 0xfe, 0xaa, 0xaa,
    0xaa, 0xa1, 0xf, 0xff, 0xff, 0xff, 0xff, 0x10,

    /* U+0416 "Ж" */
    0x1e, 0xd0, 0x0, 0x0, 0x9f, 0x20, 0x0, 0x5,
    0xf8, 0x0, 0x6f, 0x80, 0x0, 0x9, 0xf2, 0x0,
    0x1, 0xed, 0x0, 0x0, 0xbf, 0x20, 0x0, 0x9f,
    0x20, 0x0, 0xaf, 0x40, 0x0, 0x2, 0xfc, 0x0,
    0x9, 0xf2, 0x0, 0x4f, 0x90, 0x0, 0x0, 0x7,
    0xf6, 0x0, 0x9f, 0x20, 0xd, 0xe1, 0x0, 0x0,
    0x0, 0xc, 0xea, 0xad, 0xfb, 0xac, 0xf5, 0x0,
    0x0, 0x0, 0x0, 0xcf, 0xff, 0xff, 0xff, 0xff,
    0x50, 0x0, 0x0, 0x0, 0x6f, 0xa0, 0x9, 0xf2,
    0x2, 0xfe, 0x0, 0x0, 0x0, 0x1e, 0xf1, 0x0,
    0x9f, 0x20, 0x9, 0xf8, 0x0, 0x0, 0x9, 0xf8,
    0x0, 0x9, 0xf2, 0x0, 0x1e, 0xf2, 0x0, 0x3,
    0xfe, 0x0, 0x0, 0x9f, 0x20, 0x0, 0x6f, 0xb0,
    0x0, 0xcf, 0x50, 0x0, 0x9, 0xf2, 0x0, 0x0,
    0xcf, 0x40, 0x5f, 0xb0, 0x0, 0x0, 0x9f, 0x20,
    0x0, 0x3, 0xfd, 0x0,

    /* U+0417 "З" */
    0x4, 0x9d, 0xff, 0xd8, 0x10, 0x3, 0xff, 0xca,
    0xad, 0xfe, 0x20, 0x6, 0x10, 0x0, 0x7, 0xfa,
    0x0, 0x0, 0x0, 0x0, 0xf, 0xc0, 0x0, 0x0,
    0x0, 0x3, 0xf9, 0x0, 0x3, 0x88, 0x8a, 0xfe,
    0x20, 0x0, 0x6f, 0xff, 0xff, 0xa1, 0x0, 0x0,
    0x0, 0x1, 0x7f, 0xc0, 0x0, 0x0, 0x0, 0x0,
    0x9f, 0x40, 0x0, 0x0, 0x0, 0x8, 0xf5, 0x76,
    0x0, 0x0, 0x2, 0xef, 0x1b, 0xff, 0xba, 0xac,
    0xff, 0x60, 0x5, 0xae, 0xff, 0xda, 0x30, 0x0,

    /* U+0418 "И" */
    0xf, 0xc0, 0x0, 0x0, 0x3, 0xfd, 0xf, 0xc0,
    0x0, 0x0, 0xd, 0xfd, 0xf, 0xc0, 0x0, 0x0,
    0xaf, 0xfd, 0xf, 0xc0, 0x0, 0x6, 0xfb, 0xed,
    0xf, 0xc0, 0x0, 0x2f, 0xe1, 0xed, 0xf, 0xc0,
    0x0, 0xdf, 0x30, 0xed, 0xf, 0xc0, 0xa, 0xf7,
    0x0, 0xed, 0xf, 0xc0, 0x5f, 0xb0, 0x0, 0xed,
    0xf, 0xc2, 0xfe, 0x10, 0x0, 0xed, 0xf, 0xcd,
    0xf3, 0x0, 0x0, 0xed, 0xf, 0xff, 0x70, 0x0,
    0x0, 0xed, 0xf, 0xfb, 0x0, 0x0, 0x0, 0xed,
    0xf, 0xe1, 0x0, 0x0, 0x0, 0xed,

    /* U+0419 "Й" */
    0x0, 0x5, 0x40, 0x0, 0x63, 0x0, 0x0, 0x7,
    0xe2, 0x4, 0xf3, 0x0, 0x0, 0x0, 0xaf, 0xfe,
    0x70, 0x0, 0x0, 0x0, 0x0, 0x10, 0x0, 0x0,
    0xf, 0xc0, 0x0, 0x0, 0x3, 0xfd, 0xf, 0xc0,
    0x0, 0x0, 0xd, 0xfd, 0xf, 0xc0, 0x0, 0x0,
    0xaf, 0xfd, 0xf, 0xc0, 0x0, 0x6, 0xfb, 0xed,
    0xf, 0xc0, 0x0, 0x2f, 0xe1, 0xed, 0xf, 0xc0,
    0x0, 0xdf, 0x30, 0xed, 0xf, 0xc0, 0xa, 0xf7,
    0x0, 0xed, 0xf, 0xc0, 0x5f, 0xb0, 0x0, 0xed,
    0xf, 0xc2, 0xfe, 0x10, 0x0, 0xed, 0xf, 0xcd,
    0xf3, 0x0, 0x0, 0xed, 0xf, 0xff, 0x70, 0x0,
    0x0, 0xed, 0xf, 0xfb, 0x0, 0x0, 0x0, 0xed,
    0xf, 0xe1, 0x0, 0x0, 0x0, 0xed,

    /* U+041A "К" */
    0xf, 0xb0, 0x0, 0x0, 0x1e, 0xd0, 0xf, 0xb0,
    0x0, 0x0, 0xbf, 0x30, 0xf, 0xb0, 0x0, 0x7,
    0xf6, 0x0, 0xf, 0xb0, 0x0, 0x3f, 0xa0, 0x0,
    0xf, 0xb0, 0x1, 0xed, 0x0, 0x0, 0xf, 0xea,
    0xac, 0xf3, 0x0, 0x0, 0xf, 0xff, 0xff, 0xf2,
    0x0, 0x0, 0xf, 0xb0, 0x4, 0xfc, 0x0, 0x0,
    0xf, 0xb0, 0x0, 0xaf, 0x70, 0x0, 0xf, 0xb0,
    0x0, 0xe, 0xf2, 0x0, 0xf, 0xb0, 0x0, 0x4,
    0xfc, 0x0, 0xf, 0xb0, 0x0, 0x0, 0x9f, 0x70,
    0xf, 0xb0, 0x0, 0x0, 0xd, 0xf2,

    /* U+041B "Л" */
    0x0, 0xa, 0xff, 0xff, 0xff, 0xff, 0x40, 0x0,
    0xaf, 0xaa, 0xaa, 0xad, 0xf4, 0x0, 0xb, 0xe0,
    0x0, 0x0, 0x8f, 0x40, 0x0, 0xbd, 0x0, 0x0,
    0x8, 0xf4, 0x0, 0xc, 0xc0, 0x0, 0x0, 0x8f,
    0x40, 0x0, 0xdc, 0x0, 0x0, 0x8, 0xf4, 0x0,
    0xe, 0xb0, 0x0, 0x0, 0x8f, 0x40, 0x0, 0xfa,
    0x0, 0x0, 0x8, 0xf4, 0x0, 0x1f, 0x80, 0x0,
    0x0, 0x8f, 0x40, 0x5, 0xf6, 0x0, 0x0, 0x8,
    0xf4, 0x0, 0xcf, 0x10, 0x0, 0x0, 0x8f, 0x48,
    0xef, 0xb0, 0x0, 0x0, 0x8, 0xf4, 0xaf, 0xb1,
    0x0, 0x0, 0x0, 0x8f, 0x40,

    /* U+041C "М" */
    0xf, 0xb0, 0x0, 0x0, 0x0, 0x0, 0x6f, 0x50,
    0xff, 0x40, 0x0, 0x0, 0x0, 0xe, 0xf5, 0xf,
    0xfd, 0x0, 0x0, 0x0, 0x8, 0xff, 0x50, 0xff,
    0xf7, 0x0, 0x0, 0x2, 0xfe, 0xf5, 0xf, 0xbc,
    0xf1, 0x0, 0x0, 0xaf, 0x7f, 0x50, 0xfb, 0x3f,
    0x90, 0x0, 0x3f, 0x75, 0xf5, 0xf, 0xb0, 0x9f,
    0x20, 0xc, 0xe0, 0x5f, 0x50, 0xfb, 0x1, 0xfb,
    0x6, 0xf5, 0x5, 0xf5, 0xf, 0xb0, 0x7, 0xf5,
    0xec, 0x0, 0x5f, 0x50, 0xfb, 0x0, 0xd, 0xff,
    0x30, 0x5, 0xf5, 0xf, 0xb0, 0x0, 0x4f, 0x90,
    0x0, 0x5f, 0x50, 0xfb, 0x0, 0x0, 0x51, 0x0,
    0x5, 0xf5, 0xf, 0xb0, 0x0, 0x0, 0x0, 0x0,
    0x5f, 0x50,

    /* U+041D "Н" */
    0xf, 0xc0, 0x0, 0x0, 0x0, 0xfc, 0xf, 0xc0,
    0x0, 0x0, 0x0, 0xfc, 0xf, 0xc0, 0x0, 0x0,
    0x0, 0xfc, 0xf, 0xc0, 0x0, 0x0, 0x0, 0xfc,
    0xf, 0xc0, 0x0, 0x0, 0x0, 0xfc, 0xf, 0xea,
    0xaa, 0xaa, 0xaa, 0xfc, 0xf, 0xff, 0xff, 0xff,
    0xff, 0xfc, 0xf, 0xc0, 0x0, 0x0, 0x0, 0xfc,
    0xf, 0xc0, 0x0, 0x0, 0x0, 0xfc, 0xf, 0xc0,
    0x0, 0x0, 0x0, 0xfc, 0xf, 0xc0, 0x0, 0x0,
    0x0, 0xfc, 0xf, 0xc0, 0x0, 0x0, 0x0, 0xfc,
    0xf, 0xc0, 0x0, 0x0, 0x0, 0xfc,

    /* U+041E "О" */
    0x0, 0x0, 0x4a, 0xef, 0xeb, 0x60, 0x0, 0x0,
    0x0, 0xbf, 0xfc, 0xbc, 0xff, 0xd2, 0x0, 0x0,
    0xbf, 0xb2, 0x0, 0x1, 0x9f, 0xd1, 0x0, 0x5f,
    0xb0, 0x0, 0x0, 0x0, 0x8f, 0x90, 0xc, 0xf2,
    0x0, 0x0, 0x0, 0x0, 0xef, 0x0, 0xfd, 0x0,
    0x0, 0x0, 0x0, 0x9, 0xf3, 0xf, 0xb0, 0x0,
    0x0, 0x0, 0x0, 0x8f, 0x40, 0xfd, 0x0, 0x0,
    0x0, 0x0, 0x9, 0xf3, 0xc, 0xf2, 0x0, 0x0,
    0x0, 0x0, 0xef, 0x0, 0x5f, 0xc0, 0x0, 0x0,
    0x0, 0x8f, 0x90, 0x0, 0xbf, 0xb2, 0x0, 0x1,
    0x9f, 0xd1, 0x0, 0x0, 0xaf, 0xfd, 0xbc, 0xff,
    0xd2, 0x0, 0x0, 0x0, 0x4a, 0xef, 0xeb, 0x60,
    0x0, 0x0,

    /* U+041F "П" */
    0xf, 0xff, 0xff, 0xff, 0xff, 0xfd, 0xf, 0xea,
    0xaa, 0xaa, 0xaa, 0xfd, 0xf, 0xc0, 0x0, 0x0,
    0x0, 0xfd, 0xf, 0xc0, 0x0, 0x0, 0x0, 0xfd,
    0xf, 0xc0, 0x0, 0x0, 0x0, 0xfd, 0xf, 0xc0,
    0x0, 0x0, 0x0, 0xfd, 0xf, 0xc0, 0x0, 0x0,
    0x0, 0xfd, 0xf, 0xc0, 0x0, 0x0, 0x0, 0xfd,
    0xf, 0xc0, 0x0, 0x0, 0x0, 0xfd, 0xf, 0xc0,
    0x0, 0x0, 0x0, 0xfd, 0xf, 0xc0, 0x0, 0x0,
    0x0, 0xfd, 0xf, 0xc0, 0x0, 0x0, 0x0, 0xfd,
    0xf, 0xc0, 0x0, 0x0, 0x0, 0xfd,

    /* U+0420 "Р" */
    0xf, 0xff, 0xff, 0xfd, 0x80, 0x0, 0xf, 0xea,
    0xaa, 0xbe, 0xfd, 0x10, 0xf, 0xc0, 0x0, 0x0,
    0x8f, 0xa0, 0xf, 0xc0, 0x0, 0x0, 0xd, 0xf0,
    0xf, 0xc0, 0x0, 0x0, 0xb, 0xf1, 0xf, 0xc0,
    0x0, 0x0, 0xd, 0xf0, 0xf, 0xc0, 0x0, 0x0,
    0x8f, 0xa0, 0xf, 0xea, 0xaa, 0xbe, 0xfe, 0x10,
    0xf, 0xff, 0xff, 0xfd, 0x81, 0x0, 0xf, 0xc0,
    0x0, 0x0, 0x0, 0x0, 0xf, 0xc0, 0x0, 0x0,
    0x0, 0x0, 0xf, 0xc0, 0x0, 0x0, 0x0, 0x0,
    0xf, 0xc0, 0x0, 0x0, 0x0, 0x0,

    /* U+0421 "С" */
    0x0, 0x0, 0x4a, 0xef, 0xeb, 0x60, 0x0, 0x0,
    0xaf, 0xfd, 0xbb, 0xff, 0xc1, 0x0, 0xbf, 0xc2,
    0x0, 0x0, 0x8d, 0x10, 0x5f, 0xc0, 0x0, 0x0,
    0x0, 0x0, 0xb, 0xf2, 0x0, 0x0, 0x0, 0x0,
    0x0, 0xfd, 0x0, 0x0, 0x0, 0x0, 0x0, 0xf,
    0xc0, 0x0, 0x0, 0x0, 0x0, 0x0, 0xfd, 0x0,
    0x0, 0x0, 0x0, 0x0, 0xb, 0xf2, 0x0, 0x0,
    0x0, 0x0, 0x0, 0x5f, 0xc0, 0x0, 0x0, 0x0,
    0x0, 0x0, 0xbf, 0xc2, 0x0, 0x1, 0x9d, 0x10,
    0x0, 0xaf, 0xfd, 0xbc, 0xff, 0xb0, 0x0, 0x0,
    0x4a, 0xef, 0xeb, 0x50, 0x0,

    /* U+0422 "Т" */
    0xcf, 0xff, 0xff, 0xff, 0xff, 0xa7, 0xaa, 0xac,
    0xfb, 0xaa, 0xa6, 0x0, 0x0, 0x7f, 0x40, 0x0,
    0x0, 0x0, 0x7, 0xf4, 0x0, 0x0, 0x0, 0x0,
    0x7f, 0x40, 0x0, 0x0, 0x0, 0x7, 0xf4, 0x0,
    0x0, 0x0, 0x0, 0x7f, 0x40, 0x0, 0x0, 0x0,
    0x7, 0xf4, 0x0, 0x0, 0x0, 0x0, 0x7f, 0x40,
    0x0, 0x0, 0x0, 0x7, 0xf4, 0x0, 0x0, 0x0,
    0x0, 0x7f, 0x40, 0x0, 0x0, 0x0, 0x7, 0xf4,
    0x0, 0x0, 0x0, 0x0, 0x7f, 0x40, 0x0, 0x0,

    /* U+0423 "У" */
    0x7f, 0x70, 0x0, 0x0, 0x0, 0xcf, 0x10, 0xee,
    0x0, 0x0, 0x0, 0x4f, 0x70, 0x7, 0xf7, 0x0,
    0x0, 0xc, 0xe0, 0x0, 0xe, 0xe0, 0x0, 0x4,
    0xf7, 0x0, 0x0, 0x6f, 0x60, 0x0, 0xce, 0x0,
    0x0, 0x0, 0xee, 0x0, 0x4f, 0x60, 0x0, 0x0,
    0x6, 0xf6, 0xc, 0xd0, 0x0, 0x0, 0x0, 0xd,
    0xe5, 0xf6, 0x0, 0x0, 0x0, 0x0, 0x6f, 0xfd,
    0x0, 0x0, 0x0, 0x0, 0x0, 0xdf, 0x50, 0x0,
    0x0, 0x0, 0x0, 0x1e, 0xc0, 0x0, 0x0, 0x0,
    0x16, 0x6d, 0xf3, 0x0, 0x0, 0x0, 0x6, 0xff,
    0xf5, 0x0, 0x0, 0x0, 0x0, 0x4, 0x41, 0x0,
    0x0, 0x0, 0x0,

    /* U+0424 "Ф" */
    0x0, 0x0, 0x0, 0x0, 0x10, 0x0, 0x0, 0x0,
    0x0, 0x0, 0x0, 0x18, 0xf4, 0x0, 0x0, 0x0,
    0x0, 0x3, 0xae, 0xff, 0xff, 0xfd, 0x81, 0x0,
    0x0, 0x7f, 0xe9, 0x6a, 0xf7, 0x7b, 0xfe, 0x30,
    0x5, 0xfc, 0x10, 0x8, 0xf3, 0x0, 0x4f, 0xe1,
    0xc, 0xf1, 0x0, 0x8, 0xf3, 0x0, 0x6, 0xf7,
    0x1f, 0xb0, 0x0, 0x8, 0xf3, 0x0, 0x0, 0xfb,
    0x2f, 0x90, 0x0, 0x8, 0xf3, 0x0, 0x0, 0xed,
    0x1f, 0xa0, 0x0, 0x8, 0xf3, 0x0, 0x0, 0xfc,
    0xe, 0xe0, 0x0, 0x8, 0xf3, 0x0, 0x3, 0xf9,
    0x8, 0xf8, 0x0, 0x8, 0xf3, 0x0, 0xc, 0xf3,
    0x0, 0xcf, 0xb4, 0x18, 0xf3, 0x16, 0xdf, 0x70,
    0x0, 0x9, 0xff, 0xff, 0xff, 0xff, 0xe5, 0x0,
    0x0, 0x0, 0x14, 0x7b, 0xf9, 0x63, 0x0, 0x0,
    0x0, 0x0, 0x0, 0x8, 0xf3, 0x0, 0x0, 0x0,

    /* U+0425 "Х" */
    0x1f, 0xe1, 0x0, 0x0, 0x2f, 0xe1, 0x6, 0xfb,
    0x0, 0x0, 0xcf, 0x50, 0x0, 0xbf, 0x60, 0x7,
    0xfa, 0x0, 0x0, 0x1e, 0xf2, 0x3f, 0xe1, 0x0,
    0x0, 0x5, 0xfc, 0xdf, 0x40, 0x0, 0x0, 0x0,
    0xaf, 0xf9, 0x0, 0x0, 0x0, 0x0, 0x4f, 0xf5,
    0x0, 0x0, 0x0, 0x0, 0xdf, 0xfe, 0x10, 0x0,
    0x0, 0x9, 0xf7, 0x8f, 0xa0, 0x0, 0x0, 0x4f,
    0xc0, 0xd, 0xf5, 0x0, 0x1, 0xef, 0x20, 0x2,
    0xfe, 0x10, 0xa, 0xf6, 0x0, 0x0, 0x7f, 0xb0,
    0x5f, 0xb0, 0x0, 0x0, 0xb, 0xf6,

    /* U+0426 "Ц" */
    0xf, 0xc0, 0x0, 0x0, 0x3, 0xf8, 0x0, 0xf,
    0xc0, 0x0, 0x0, 0x3, 0xf8, 0x0, 0xf, 0xc0,
    0x0, 0x0, 0x3, 0xf8, 0x0, 0xf, 0xc0, 0x0,
    0x0, 0x3, 0xf8, 0x0, 0xf, 0xc0, 0x0, 0x0,
    0x3, 0xf8, 0x0, 0xf, 0xc0, 0x0, 0x0, 0x3,
    0xf8, 0x0, 0xf, 0xc0, 0x0, 0x0, 0x3, 0xf8,
    0x0, 0xf, 0xc0, 0x0, 0x0, 0x3, 0xf8, 0x0,
    0xf, 0xc0, 0x0, 0x0, 0x3, 0xf8, 0x0, 0xf,
    0xc0, 0x0, 0x0, 0x3, 0xf8, 0x0, 0xf, 0xc0,
    0x0, 0x0, 0x3, 0xf8, 0x0, 0xf, 0xea, 0xaa,
    0xaa, 0xab, 0xfd, 0xa4, 0xf, 0xff, 0xff, 0xff,
    0xff, 0xff, 0xf7, 0x0, 0x0, 0x0, 0x0, 0x0,
    0x3, 0xf7, 0x0, 0x0, 0x0, 0x0, 0x0, 0x3,
    0xf7, 0x0, 0x0, 0x0, 0x0, 0x0, 0x3, 0xf7,

    /* U+0427 "Ч" */
    0x5f, 0x60, 0x0, 0x0, 0xd, 0xf5, 0xf6, 0x0,
    0x0, 0x0, 0xdf, 0x5f, 0x60, 0x0, 0x0, 0xd,
    0xf5, 0xf6, 0x0, 0x0, 0x0, 0xdf, 0x5f, 0x70,
    0x0, 0x0, 0xd, 0xf3, 0xfc, 0x0, 0x0, 0x0,
    0xdf, 0xd, 0xfa, 0x20, 0x14, 0x9f, 0xf0, 0x2d,
    0xff, 0xff, 0xff, 0xff, 0x0, 0x5, 0x99, 0x85,
    0x1d, 0xf0, 0x0, 0x0, 0x0, 0x0, 0xdf, 0x0,
    0x0, 0x0, 0x0, 0xd, 0xf0, 0x0, 0x0, 0x0,
    0x0, 0xdf, 0x0, 0x0, 0x0, 0x0, 0xd, 0xf0,

    /* U+0428 "Ш" */
    0xf, 0xc0, 0x0, 0x0, 0xfc, 0x0, 0x0, 0xf,
    0xc0, 0xfc, 0x0, 0x0, 0xf, 0xc0, 0x0, 0x0,
    0xfc, 0xf, 0xc0, 0x0, 0x0, 0xfc, 0x0, 0x0,
    0xf, 0xc0, 0xfc, 0x0, 0x0, 0xf, 0xc0, 0x0,
    0x0, 0xfc, 0xf, 0xc0, 0x0, 0x0, 0xfc, 0x0,
    0x0, 0xf, 0xc0, 0xfc, 0x0, 0x0, 0xf, 0xc0,
    0x0, 0x0, 0xfc, 0xf, 0xc0, 0x0, 0x0, 0xfc,
    0x0, 0x0, 0xf, 0xc0, 0xfc, 0x0, 0x0, 0xf,
    0xc0, 0x0, 0x0, 0xfc, 0xf, 0xc0, 0x0, 0x0,
    0xfc, 0x0, 0x0, 0xf, 0xc0, 0xfc, 0x0, 0x0,
    0xf, 0xc0, 0x0, 0x0, 0xfc, 0xf, 0xc0, 0x0,
    0x0, 0xfc, 0x0, 0x0, 0xf, 0xc0, 0xfe, 0xaa,
    0xaa, 0xaf, 0xea, 0xaa, 0xaa, 0xfc, 0xf, 0xff,
    0xff, 0xff, 0xff, 0xff, 0xff, 0xff, 0xc0,

    /* U+0429 "Щ" */
    0xf, 0xc0, 0x0, 0x0, 0xfc, 0x0, 0x0, 0xf,
    0xc0, 0x0, 0xfc, 0x0, 0x0, 0xf, 0xc0, 0x0,
    0x0, 0xfc, 0x0, 0xf, 0xc0, 0x0, 0x0, 0xfc,
    0x0, 0x0, 0xf, 0xc0, 0x0, 0xfc, 0x0, 0x0,
    0xf, 0xc0, 0x0, 0x0, 0xfc, 0x0, 0xf, 0xc0,
    0x0, 0x0, 0xfc, 0x0, 0x0, 0xf, 0xc0, 0x0,
    0xfc, 0x0, 0x0, 0xf, 0xc0, 0x0, 0x0, 0xfc,
    0x0, 0xf, 0xc0, 0x0, 0x0, 0xfc, 0x0, 0x0,
    0xf, 0xc0, 0x0, 0xfc, 0x0, 0x0, 0xf, 0xc0,
    0x0, 0x0, 0xfc, 0x0, 0xf, 0xc0, 0x0, 0x0,
    0xfc, 0x0, 0x0, 0xf, 0xc0, 0x0, 0xfc, 0x0,
    0x0, 0xf, 0xc0, 0x0, 0x0, 0xfc, 0x0, 0xf,
    0xc0, 0x0, 0x0, 0xfc, 0x0, 0x0, 0xf, 0xc0,
    0x0, 0xfe, 0xaa, 0xaa, 0xaf, 0xea, 0xaa, 0xaa,
    0xff, 0xa6, 0xf, 0xff, 0xff, 0xff, 0xff, 0xff,
    0xff, 0xff, 0xff, 0xa0, 0x0, 0x0, 0x0, 0x0,
    0x0, 0x0, 0x0, 0x0, 0xfa, 0x0, 0x0, 0x0,
    0x0, 0x0, 0x0, 0x0, 0x0, 0xf, 0xa0, 0x0,
    0x0, 0x0, 0x0, 0x0, 0x0, 0x0, 0x0, 0xfa,

    /* U+042A "Ъ" */
    0xcf, 0xff, 0xfd, 0x0, 0x0, 0x0, 0x0, 0x7,
    0xaa, 0xaf, 0xd0, 0x0, 0x0, 0x0, 0x0, 0x0,
    0x0, 0xfd, 0x0, 0x0, 0x0, 0x0, 0x0, 0x0,
    0xf, 0xd0, 0x0, 0x0, 0x0, 0x0, 0x0, 0x0,
    0xfd, 0x22, 0x22, 0x10, 0x0, 0x0, 0x0, 0xf,
    0xff, 0xff, 0xff, 0xe7, 0x0, 0x0, 0x0, 0xfd,
    0x55, 0x55, 0x8e, 0xf8, 0x0, 0x0, 0xf, 0xd0,
    0x0, 0x0, 0x1e, 0xf0, 0x0, 0x0, 0xfd, 0x0,
    0x0, 0x0, 0xaf, 0x20, 0x0, 0xf, 0xd0, 0x0,
    0x0, 0xb, 0xf1, 0x0, 0x0, 0xfd, 0x0, 0x0,
    0x3, 0xfe, 0x0, 0x0, 0xf, 0xe7, 0x77, 0x8a,
    0xff, 0x40, 0x0, 0x0, 0xff, 0xff, 0xff, 0xea,
    0x30, 0x0,

    /* U+042B "Ы" */
    0xf, 0xc0, 0x0, 0x0, 0x0, 0x0, 0xe, 0xe0,
    0xfc, 0x0, 0x0, 0x0, 0x0, 0x0, 0xee, 0xf,
    0xc0, 0x0, 0x0, 0x0, 0x0, 0xe, 0xe0, 0xfc,
    0x0, 0x0, 0x0, 0x0, 0x0, 0xee, 0xf, 0xc2,
    0x22, 0x21, 0x0, 0x0, 0xe, 0xe0, 0xff, 0xff,
    0xff, 0xfd, 0x60, 0x0, 0xee, 0xf, 0xd5, 0x55,
    0x58, 0xef, 0x70, 0xe, 0xe0, 0xfc, 0x0, 0x0,
    0x2, 0xfe, 0x0, 0xee, 0xf, 0xc0, 0x0, 0x0,
    0xb, 0xf1, 0xe, 0xe0, 0xfc, 0x0, 0x0, 0x0,
    0xcf, 0x0, 0xee, 0xf, 0xc0, 0x0, 0x0, 0x4f,
    0xd0, 0xe, 0xe0, 0xfd, 0x77, 0x78, 0xbf, 0xf4,
    0x0, 0xee, 0xf, 0xff, 0xff, 0xfe, 0xa2, 0x0,
    0xe, 0xe0,

    /* U+042C "Ь" */
    0xf, 0xc0, 0x0, 0x0, 0x0, 0x0, 0xf, 0xc0,
    0x0, 0x0, 0x0, 0x0, 0xf, 0xc0, 0x0, 0x0,
    0x0, 0x0, 0xf, 0xc0, 0x0, 0x0, 0x0, 0x0,
    0xf, 0xc2, 0x22, 0x21, 0x0, 0x0, 0xf, 0xff,
    0xff, 0xff, 0xd6, 0x0, 0xf, 0xd5, 0x55, 0x58,
    0xef, 0x70, 0xf, 0xc0, 0x0, 0x0, 0x2f, 0xe0,
    0xf, 0xc0, 0x0, 0x0, 0xb, 0xf1, 0xf, 0xc0,
    0x0, 0x0, 0xc, 0xf0, 0xf, 0xc0, 0x0, 0x0,
    0x4f, 0xd0, 0xf, 0xd7, 0x77, 0x8b, 0xff, 0x40,
    0xf, 0xff, 0xff, 0xfe, 0xa2, 0x0,

    /* U+042D "Э" */
    0x0, 0x6b, 0xef, 0xea, 0x30, 0x0, 0x1c, 0xff,
    0xcb, 0xdf, 0xf8, 0x0, 0x1d, 0x70, 0x0, 0x3,
    0xdf, 0x70, 0x0, 0x0, 0x0, 0x0, 0x1e, 0xf1,
    0x0, 0x0, 0x0, 0x0, 0x6, 0xf7, 0x0, 0x1,
    0x88, 0x88, 0x89, 0xfa, 0x0, 0x3, 0xff, 0xff,
    0xff, 0xfb, 0x0, 0x0, 0x0, 0x0, 0x3, 0xfa,
    0x0, 0x0, 0x0, 0x0, 0x7, 0xf7, 0x0, 0x0,
    0x0, 0x0, 0x2e, 0xf1, 0x2e, 0x80, 0x0, 0x3,
    0xdf, 0x70, 0x1c, 0xff, 0xcb, 0xdf, 0xf8, 0x0,
    0x0, 0x6b, 0xef, 0xea, 0x30, 0x0,

    /* U+042E "Ю" */
    0xf, 0xc0, 0x0, 0x0, 0x5b, 0xef, 0xea, 0x30,
    0x0, 0xf, 0xc0, 0x0, 0xb, 0xfe, 0xa9, 0xbf,
    0xf8, 0x0, 0xf, 0xc0, 0x0, 0xcf, 0x90, 0x0,
    0x1, 0xbf, 0x80, 0xf, 0xc0, 0x5, 0xfb, 0x0,
    0x0, 0x0, 0xd, 0xf2, 0xf, 0xc0, 0xb, 0xf3,
    0x0, 0x0, 0x0, 0x5, 0xf8, 0xf, 0xeb, 0xbf,
    0xe0, 0x0, 0x0, 0x0, 0x1, 0xfb, 0xf, 0xff,
    0xff, 0xd0, 0x0, 0x0, 0x0, 0x0, 0xfc, 0xf,
    0xc0, 0xd, 0xf0, 0x0, 0x0, 0x0, 0x1, 0xfb,
    0xf, 0xc0, 0xa, 0xf3, 0x0, 0x0, 0x0, 0x6,
    0xf7, 0xf, 0xc0, 0x3, 0xfc, 0x0, 0x0, 0x0,
    0x1e, 0xf2, 0xf, 0xc0, 0x0, 0x9f, 0xc2, 0x0,
    0x3, 0xdf, 0x80, 0xf, 0xc0, 0x0, 0x9, 0xff,
    0xcb, 0xdf, 0xf8, 0x0, 0xf, 0xc0, 0x0, 0x0,
    0x4b, 0xef, 0xea, 0x30, 0x0,

    /* U+042F "Я" */
    0x0, 0x7c, 0xff, 0xff, 0xff, 0x30, 0xcf, 0xeb,
    0xaa, 0xad, 0xf3, 0x7f, 0xa0, 0x0, 0x0, 0x9f,
    0x3d, 0xf1, 0x0, 0x0, 0x9, 0xf3, 0xee, 0x0,
    0x0, 0x0, 0x9f, 0x3d, 0xf0, 0x0, 0x0, 0x9,
    0xf3, 0x8f, 0x90, 0x0, 0x0, 0x9f, 0x31, 0xdf,
    0xda, 0x99, 0x9d, 0xf3, 0x0, 0x9f, 0xff, 0xff,
    0xff, 0x30, 0xb, 0xf2, 0x0, 0x9, 0xf3, 0x5,
    0xf8, 0x0, 0x0, 0x9f, 0x31, 0xed, 0x0, 0x0,
    0x9, 0xf3, 0xaf, 0x40, 0x0, 0x0, 0x9f, 0x30,

    /* U+0430 "а" */
    0x1, 0x8c, 0xfe, 0xc5, 0x0, 0xa, 0xfb, 0x99,
    0xef, 0x70, 0x2, 0x20, 0x0, 0xd, 0xe0, 0x0,
    0x0, 0x0, 0x9, 0xf1, 0x1, 0x9e, 0xff, 0xff,
    0xf2, 0xb, 0xf7, 0x43, 0x3a, 0xf2, 0x1f, 0xa0,
    0x0, 0x9, 0xf2, 0xf, 0xb0, 0x0, 0x1e, 0xf2,
    0xa, 0xfa, 0x68, 0xee, 0xf2, 0x0, 0x8d, 0xfd,
    0x77, 0xf2,

    /* U+0431 "б" */
    0x0, 0x0, 0x0, 0x1, 0x53, 0x0, 0x0, 0x6,
    0xae, 0xff, 0x80, 0x0, 0x5e, 0xff, 0xc9, 0x51,
    0x0, 0x6f, 0xd5, 0x0, 0x0, 0x0, 0x1f, 0xc0,
    0x0, 0x0, 0x0, 0x7, 0xf3, 0x27, 0x97, 0x20,
    0x0, 0xbe, 0x6f, 0xff, 0xff, 0x80, 0xd, 0xff,
    0x71, 0x4, 0xdf, 0x50, 0xef, 0x80, 0x0, 0x2,
    0xfd, 0xd, 0xf2, 0x0, 0x0, 0xb, 0xf0, 0xbf,
    0x10, 0x0, 0x0, 0xaf, 0x18, 0xf5, 0x0, 0x0,
    0xe, 0xe0, 0x2f, 0xe1, 0x0, 0x8, 0xf8, 0x0,
    0x7f, 0xe9, 0x8c, 0xfc, 0x0, 0x0, 0x5c, 0xff,
    0xc7, 0x0, 0x0,

    /* U+0432 "в" */
    0x5f, 0xff, 0xff, 0xd7, 0x0, 0x5f, 0x96, 0x66,
    0xcf, 0x70, 0x5f, 0x50, 0x0, 0x1f, 0xa0, 0x5f,
    0x60, 0x1, 0x8f, 0x50, 0x5f, 0xff, 0xff, 0xfa,
    0x0, 0x5f, 0x83, 0x34, 0x8f, 0x90, 0x5f, 0x50,
    0x0, 0xc, 0xf0, 0x5f, 0x50, 0x0, 0xd, 0xf0,
    0x5f, 0x96, 0x66, 0xbf, 0x90, 0x5f, 0xff, 0xff,
    0xd8, 0x0,

    /* U+0433 "г" */
    0x5f, 0xff, 0xff, 0xfb, 0x5f, 0xb9, 0x99, 0x96,
    0x5f, 0x60, 0x0, 0x0, 0x5f, 0x60, 0x0, 0x0,
    0x5f, 0x60, 0x0, 0x0, 0x5f, 0x60, 0x0, 0x0,
    0x5f, 0x60, 0x0, 0x0, 0x5f, 0x60, 0x0, 0x0,
    0x5f, 0x60, 0x0, 0x0, 0x5f, 0x60, 0x0, 0x0,

    /* U+0434 "д" */
    0x0, 0x8f, 0xff, 0xff, 0xfe, 0x0, 0x0, 0x8f,
    0x99, 0x99, 0xee, 0x0, 0x0, 0x9f, 0x0, 0x0,
    0xde, 0x0, 0x0, 0xaf, 0x0, 0x0, 0xde, 0x0,
    0x0, 0xbe, 0x0, 0x0, 0xde, 0x0, 0x0, 0xcc,
    0x0, 0x0, 0xde, 0x0, 0x0, 0xfa, 0x0, 0x0,
    0xde, 0x0, 0x4, 0xf6, 0x0, 0x0, 0xde, 0x0,
    0x8e, 0xf9, 0x99, 0x99, 0xef, 0x93, 0xdf, 0xff,
    0xff, 0xff, 0xff, 0xf6, 0xdc, 0x0, 0x0, 0x0,
    0x4, 0xf6, 0xdc, 0x0, 0x0, 0x0, 0x4, 0xf6,
    0x43, 0x0, 0x0, 0x0, 0x1, 0x41,

    /* U+0435 "е" */
    0x0, 0x8, 0xdf, 0xe9, 0x10, 0x0, 0xd, 0xfb,
    0x8a, 0xfe, 0x20, 0x9, 0xf4, 0x0, 0x2, 0xec,
    0x0, 0xfa, 0x0, 0x0, 0x8, 0xf1, 0x2f, 0xff,
    0xff, 0xff, 0xff, 0x42, 0xfb, 0x33, 0x33, 0x33,
    0x30, 0xf, 0xe0, 0x0, 0x0, 0x0, 0x0, 0x9f,
    0xa0, 0x0, 0x8, 0x10, 0x0, 0xcf, 0xea, 0x9e,
    0xf6, 0x0, 0x0, 0x7c, 0xff, 0xc5, 0x0,

    /* U+0436 "ж" */
    0x3f, 0x90, 0x0, 0x3f, 0x80, 0x0, 0x5f, 0x70,
    0x9, 0xf3, 0x0, 0x3f, 0x80, 0x0, 0xed, 0x0,
    0x1, 0xec, 0x0, 0x3f, 0x80, 0x7, 0xf4, 0x0,
    0x0, 0x6f, 0x50, 0x3f, 0x80, 0x1f, 0xb0, 0x0,
    0x0, 0xc, 0xe8, 0xaf, 0xc8, 0xcf, 0x20, 0x0,
    0x0, 0xc, 0xff, 0xff, 0xff, 0xff, 0x10, 0x0,
    0x0, 0x7f, 0x90, 0x3f, 0x80, 0x5f, 0xb0, 0x0,
    0x2, 0xfd, 0x0, 0x3f, 0x80, 0xa, 0xf6, 0x0,
    0xc, 0xf4, 0x0, 0x3f, 0x80, 0x1, 0xee, 0x10,
    0x6f, 0x90, 0x0, 0x3f, 0x80, 0x0, 0x5f, 0xb0,

    /* U+0437 "з" */
    0x5, 0xbe, 0xfe, 0xa3, 0x0, 0xed, 0xa9, 0xbf,
    0xf3, 0x1, 0x0, 0x0, 0x5f, 0x80, 0x0, 0x0,
    0x2a, 0xf3, 0x0, 0x4f, 0xff, 0xf6, 0x0, 0x0,
    0x33, 0x5b, 0xf5, 0x0, 0x0, 0x0, 0xf, 0xc0,
    0x40, 0x0, 0x3, 0xfb, 0x5f, 0xd9, 0x8b, 0xff,
    0x30, 0x5b, 0xef, 0xea, 0x20,

    /* U+0438 "и" */
    0x5f, 0x60, 0x0, 0x3, 0xfd, 0x5f, 0x60, 0x0,
    0x1e, 0xfd, 0x5f, 0x60, 0x0, 0xbf, 0xfd, 0x5f,
    0x60, 0x8, 0xf7, 0xed, 0x5f, 0x60, 0x5f, 0xa0,
    0xed, 0x5f, 0x63, 0xfd, 0x0, 0xed, 0x5f, 0x7e,
    0xe2, 0x0, 0xed, 0x5f, 0xff, 0x40, 0x0, 0xed,
    0x5f, 0xf7, 0x0, 0x0, 0xed, 0x5f, 0xa0, 0x0,
    0x0, 0xed,

    /* U+0439 "й" */
    0x0, 0x98, 0x0, 0x4e, 0x0, 0x0, 0x5e, 0x10,
    0xba, 0x0, 0x0, 0x9, 0xff, 0xc1, 0x0, 0x0,
    0x0, 0x0, 0x0, 0x0, 0x5f, 0x60, 0x0, 0x3,
    0xfd, 0x5f, 0x60, 0x0, 0x1e, 0xfd, 0x5f, 0x60,
    0x0, 0xbf, 0xfd, 0x5f, 0x60, 0x8, 0xf7, 0xed,
    0x5f, 0x60, 0x5f, 0xa0, 0xed, 0x5f, 0x63, 0xfd,
    0x0, 0xed, 0x5f, 0x7e, 0xe2, 0x0, 0xed, 0x5f,
    0xff, 0x40, 0x0, 0xed, 0x5f, 0xf7, 0x0, 0x0,
    0xed, 0x5f, 0xa0, 0x0, 0x0, 0xed,

    /* U+043A "к" */
    0x5f, 0x60, 0x0, 0xc, 0xe1, 0x5f, 0x60, 0x0,
    0x8f, 0x40, 0x5f, 0x60, 0x3, 0xf9, 0x0, 0x5f,
    0x60, 0xd, 0xd0, 0x0, 0x5f, 0xb8, 0xbf, 0x20,
    0x0, 0x5f, 0xff, 0xff, 0x20, 0x0, 0x5f, 0x60,
    0x3f, 0xd0, 0x0, 0x5f, 0x60, 0x6, 0xfa, 0x0,
    0x5f, 0x60, 0x0, 0x9f, 0x70, 0x5f, 0x60, 0x0,
    0xc, 0xf4,

    /* U+043B "л" */
    0x0, 0x7f, 0xff, 0xff, 0xfd, 0x0, 0x8f, 0x99,
    0x99, 0xfd, 0x0, 0x9f, 0x0, 0x0, 0xdd, 0x0,
    0x9e, 0x0, 0x0, 0xdd, 0x0, 0xad, 0x0, 0x0,
    0xdd, 0x0, 0xcc, 0x0, 0x0, 0xdd, 0x0, 0xea,
    0x0, 0x0, 0xdd, 0x3, 0xf7, 0x0, 0x0, 0xdd,
    0x8e, 0xf2, 0x0, 0x0, 0xdd, 0xcf, 0x60, 0x0,
    0x0, 0xdd,

    /* U+043C "м" */
    0x5f, 0xb0, 0x0, 0x0, 0x3, 0xfa, 0x5f, 0xf4,
    0x0, 0x0, 0xc, 0xfa, 0x5f, 0xfd, 0x0, 0x0,
    0x6f, 0xfa, 0x5f, 0x8f, 0x60, 0x0, 0xea, 0xea,
    0x5f, 0x4b, 0xe0, 0x8, 0xf1, 0xea, 0x5f, 0x42,
    0xf8, 0x1f, 0x70, 0xea, 0x5f, 0x40, 0x8f, 0xbe,
    0x0, 0xea, 0x5f, 0x40, 0x1e, 0xf5, 0x0, 0xea,
    0x5f, 0x40, 0x6, 0xa0, 0x0, 0xea, 0x5f, 0x40,
    0x0, 0x0, 0x0, 0xea,

    /* U+043D "н" */
    0x5f, 0x60, 0x0, 0x2, 0xf9, 0x5f, 0x60, 0x0,
    0x2, 0xf9, 0x5f, 0x60, 0x0, 0x2, 0xf9, 0x5f,
    0x60, 0x0, 0x2, 0xf9, 0x5f, 0xb8, 0x88, 0x89,
    0xf9, 0x5f, 0xff, 0xff, 0xff, 0xf9, 0x5f, 0x60,
    0x0, 0x2, 0xf9, 0x5f, 0x60, 0x0, 0x2, 0xf9,
    0x5f, 0x60, 0x0, 0x2, 0xf9, 0x5f, 0x60, 0x0,
    0x2, 0xf9,

    /* U+043E "о" */
    0x0, 0x7, 0xdf, 0xea, 0x30, 0x0, 0xc, 0xfd,
    0x9a, 0xff, 0x50, 0x9, 0xf8, 0x0, 0x2, 0xef,
    0x10, 0xfd, 0x0, 0x0, 0x5, 0xf7, 0x2f, 0x90,
    0x0, 0x0, 0x1f, 0xa2, 0xf9, 0x0, 0x0, 0x1,
    0xfa, 0xf, 0xd0, 0x0, 0x0, 0x5f, 0x70, 0x8f,
    0x80, 0x0, 0x2e, 0xf1, 0x0, 0xcf, 0xd9, 0xaf,
    0xf5, 0x0, 0x0, 0x7d, 0xfe, 0xa3, 0x0,

    /* U+043F "п" */
    0x5f, 0xff, 0xff, 0xff, 0xf8, 0x5f, 0xb9, 0x99,
    0x9a, 0xf8, 0x5f, 0x60, 0x0, 0x3, 0xf8, 0x5f,
    0x60, 0x0, 0x3, 0xf8, 0x5f, 0x60, 0x0, 0x3,
    0xf8, 0x5f, 0x60, 0x0, 0x3, 0xf8, 0x5f, 0x60,
    0x0, 0x3, 0xf8, 0x5f, 0x60, 0x0, 0x3, 0xf8,
    0x5f, 0x60, 0x0, 0x3, 0xf8, 0x5f, 0x60, 0x0,
    0x3, 0xf8,

    /* U+0440 "р" */
    0x5f, 0x56, 0xdf, 0xea, 0x20, 0x5, 0xfd, 0xfa,
    0x8a, 0xff, 0x40, 0x5f, 0xf4, 0x0, 0x2, 0xee,
    0x5, 0xfa, 0x0, 0x0, 0x7, 0xf5, 0x5f, 0x70,
    0x0, 0x0, 0x3f, 0x85, 0xf7, 0x0, 0x0, 0x3,
    0xf8, 0x5f, 0xb0, 0x0, 0x0, 0x8f, 0x55, 0xff,
    0x60, 0x0, 0x3f, 0xe0, 0x5f, 0xdf, 0xc9, 0xbf,
    0xf4, 0x5, 0xf6, 0x6c, 0xfe, 0xa2, 0x0, 0x5f,
    0x60, 0x0, 0x0, 0x0, 0x5, 0xf6, 0x0, 0x0,
    0x0, 0x0, 0x5f, 0x60, 0x0, 0x0, 0x0, 0x5,
    0xf6, 0x0, 0x0, 0x0, 0x0,

    /* U+0441 "с" */
    0x0, 0x7, 0xdf, 0xeb, 0x30, 0x0, 0xcf, 0xd9,
    0xaf, 0xf4, 0x9, 0xf8, 0x0, 0x2, 0xc3, 0xf,
    0xd0, 0x0, 0x0, 0x0, 0x2f, 0x90, 0x0, 0x0,
    0x0, 0x2f, 0x90, 0x0, 0x0, 0x0, 0xf, 0xd0,
    0x0, 0x0, 0x0, 0x8, 0xf8, 0x0, 0x2, 0xc3,
    0x0, 0xcf, 0xd9, 0xaf, 0xf4, 0x0, 0x7, 0xdf,
    0xeb, 0x30,

    /* U+0442 "т" */
    0xef, 0xff, 0xff, 0xff, 0xc8, 0x99, 0xcf, 0xb9,
    0x97, 0x0, 0x7, 0xf4, 0x0, 0x0, 0x0, 0x7f,
    0x40, 0x0, 0x0, 0x7, 0xf4, 0x0, 0x0, 0x0,
    0x7f, 0x40, 0x0, 0x0, 0x7, 0xf4, 0x0, 0x0,
    0x0, 0x7f, 0x40, 0x0, 0x0, 0x7, 0xf4, 0x0,
    0x0, 0x0, 0x7f, 0x40, 0x0,

    /* U+0443 "у" */
    0xb, 0xf1, 0x0, 0x0, 0xb, 0xf0, 0x4, 0xf7,
    0x0, 0x0, 0x1f, 0x90, 0x0, 0xee, 0x0, 0x0,
    0x8f, 0x20, 0x0, 0x7f, 0x40, 0x0, 0xeb, 0x0,
    0x0, 0x1f, 0xb0, 0x5, 0xf5, 0x0, 0x0, 0xa,
    0xf1, 0xb, 0xe0, 0x0, 0x0, 0x3, 0xf8, 0x2f,
    0x70, 0x0, 0x0, 0x0, 0xde, 0x9f, 0x10, 0x0,
    0x0, 0x0, 0x6f, 0xfa, 0x0, 0x0, 0x0, 0x0,
    0xf, 0xf4, 0x0, 0x0, 0x0, 0x0, 0xd, 0xd0,
    0x0, 0x0, 0x1, 0x0, 0x5f, 0x60, 0x0, 0x0,
    0xe, 0xa9, 0xfd, 0x0, 0x0, 0x0, 0x9, 0xef,
    0xb2, 0x0, 0x0, 0x0,

    /* U+0444 "ф" */
    0x0, 0x0, 0x0, 0x48, 0x0, 0x0, 0x0, 0x0,
    0x0, 0x0, 0x9f, 0x10, 0x0, 0x0, 0x0, 0x0,
    0x0, 0x9f, 0x10, 0x0, 0x0, 0x0, 0x0, 0x0,
    0x9f, 0x10, 0x0, 0x0, 0x0, 0x7, 0xcf, 0xff,
    0xfd, 0xa3, 0x0, 0x1, 0xdf, 0xfc, 0xef, 0xbd,
    0xff, 0x60, 0xa, 0xf9, 0x10, 0x9f, 0x10, 0x3e,
    0xf2, 0xf, 0xd0, 0x0, 0x9f, 0x10, 0x5, 0xf8,
    0x2f, 0x90, 0x0, 0x9f, 0x10, 0x1, 0xfa, 0x2f,
    0x90, 0x0, 0x9f, 0x10, 0x1, 0xfa, 0xf, 0xd0,
    0x0, 0x9f, 0x10, 0x6, 0xf8, 0x9, 0xf9, 0x0,
    0x9f, 0x10, 0x4e, 0xf2, 0x1, 0xcf, 0xea, 0xdf,
    0x9c, 0xff, 0x50, 0x0, 0x7, 0xcf, 0xff, 0xfd,
    0x92, 0x0, 0x0, 0x0, 0x0, 0x9f, 0x10, 0x0,
    0x0, 0x0, 0x0, 0x0, 0x9f, 0x10, 0x0, 0x0,
    0x0, 0x0, 0x0, 0x9f, 0x10, 0x0, 0x0, 0x0,
    0x0, 0x0, 0x9f, 0x10, 0x0, 0x0,

    /* U+0445 "х" */
    0x4f, 0xa0, 0x0, 0xd, 0xe1, 0x8, 0xf5, 0x0,
    0x9f, 0x40, 0x0, 0xcf, 0x25, 0xf8, 0x0, 0x0,
    0x2f, 0xce, 0xc0, 0x0, 0x0, 0x5, 0xff, 0x20,
    0x0, 0x0, 0x8, 0xff, 0x40, 0x0, 0x0, 0x4f,
    0xad, 0xe1, 0x0, 0x1, 0xed, 0x3, 0xfb, 0x0,
    0xb, 0xf3, 0x0, 0x7f, 0x70, 0x7f, 0x70, 0x0,
    0xb, 0xf3,

    /* U+0446 "ц" */
    0x5f, 0x60, 0x0, 0x6, 0xf5, 0x5, 0xf6, 0x0,
    0x0, 0x6f, 0x50, 0x5f, 0x60, 0x0, 0x6, 0xf5,
    0x5, 0xf6, 0x0, 0x0, 0x6f, 0x50, 0x5f, 0x60,
    0x0, 0x6, 0xf5, 0x5, 0xf6, 0x0, 0x0, 0x6f,
    0x50, 0x5f, 0x60, 0x0, 0x6, 0xf5, 0x5, 0xf6,
    0x0, 0x0, 0x6f, 0x50, 0x5f, 0xb9, 0x99, 0x9b,
    0xfb, 0x75, 0xff, 0xff, 0xff, 0xff, 0xfd, 0x0,
    0x0, 0x0, 0x0, 0xc, 0xd0, 0x0, 0x0, 0x0,
    0x0, 0xcd, 0x0, 0x0, 0x0, 0x0, 0x3, 0x40,

    /* U+0447 "ч" */
    0x4f, 0x70, 0x0, 0x7, 0xf4, 0x4f, 0x70, 0x0,
    0x7, 0xf4, 0x4f, 0x70, 0x0, 0x7, 0xf4, 0x2f,
    0x90, 0x0, 0x7, 0xf4, 0xe, 0xf6, 0x23, 0x6c,
    0xf4, 0x4, 0xef, 0xff, 0xfd, 0xf4, 0x0, 0x3,
    0x43, 0x7, 0xf4, 0x0, 0x0, 0x0, 0x7, 0xf4,
    0x0, 0x0, 0x0, 0x7, 0xf4, 0x0, 0x0, 0x0,
    0x7, 0xf4,

    /* U+0448 "ш" */
    0x5f, 0x60, 0x0, 0x6f, 0x50, 0x0, 0x7f, 0x45,
    0xf6, 0x0, 0x6, 0xf5, 0x0, 0x7, 0xf4, 0x5f,
    0x60, 0x0, 0x6f, 0x50, 0x0, 0x7f, 0x45, 0xf6,
    0x0, 0x6, 0xf5, 0x0, 0x7, 0xf4, 0x5f, 0x60,
    0x0, 0x6f, 0x50, 0x0, 0x7f, 0x45, 0xf6, 0x0,
    0x6, 0xf5, 0x0, 0x7, 0xf4, 0x5f, 0x60, 0x0,
    0x6f, 0x50, 0x0, 0x7f, 0x45, 0xf6, 0x0, 0x6,
    0xf5, 0x0, 0x7, 0xf4, 0x5f, 0xb9, 0x99, 0xbf,
    0xb9, 0x99, 0xcf, 0x45, 0xff, 0xff, 0xff, 0xff,
    0xff, 0xff, 0xf4,

    /* U+0449 "щ" */
    0x5f, 0x60, 0x0, 0x6f, 0x50, 0x0, 0x7f, 0x40,
    0x5f, 0x60, 0x0, 0x6f, 0x50, 0x0, 0x7f, 0x40,
    0x5f, 0x60, 0x0, 0x6f, 0x50, 0x0, 0x7f, 0x40,
    0x5f, 0x60, 0x0, 0x6f, 0x50, 0x0, 0x7f, 0x40,
    0x5f, 0x60, 0x0, 0x6f, 0x50, 0x0, 0x7f, 0x40,
    0x5f, 0x60, 0x0, 0x6f, 0x50, 0x0, 0x7f, 0x40,
    0x5f, 0x60, 0x0, 0x6f, 0x50, 0x0, 0x7f, 0x40,
    0x5f, 0x60, 0x0, 0x6f, 0x50, 0x0, 0x7f, 0x40,
    0x5f, 0xb9, 0x99, 0xbf, 0xb9, 0x99, 0xff, 0xd6,
    0x5f, 0xff, 0xff, 0xff, 0xff, 0xff, 0xff, 0xfa,
    0x0, 0x0, 0x0, 0x0, 0x0, 0x0, 0x0, 0xfa,
    0x0, 0x0, 0x0, 0x0, 0x0, 0x0, 0x0, 0xfa,

    /* U+044A "ъ" */
    0xef, 0xff, 0xb0, 0x0, 0x0, 0x8, 0x99, 0xfb,
    0x0, 0x0, 0x0, 0x0, 0xf, 0xb0, 0x0, 0x0,
    0x0, 0x0, 0xfb, 0x11, 0x0, 0x0, 0x0, 0xf,
    0xff, 0xff, 0xe8, 0x0, 0x0, 0xfc, 0x44, 0x4a,
    0xf9, 0x0, 0xf, 0xb0, 0x0, 0xd, 0xe0, 0x0,
    0xfb, 0x0, 0x0, 0xee, 0x0, 0xf, 0xd5, 0x56,
    0xcf, 0x80, 0x0, 0xff, 0xff, 0xfc, 0x60,

    /* U+044B "ы" */
    0x5f, 0x60, 0x0, 0x0, 0x0, 0xed, 0x5f, 0x60,
    0x0, 0x0, 0x0, 0xed, 0x5f, 0x60, 0x0, 0x0,
    0x0, 0xed, 0x5f, 0x71, 0x0, 0x0, 0x0, 0xed,
    0x5f, 0xff, 0xff, 0xd5, 0x0, 0xed, 0x5f, 0x84,
    0x45, 0xcf, 0x40, 0xed, 0x5f, 0x60, 0x0, 0x2f,
    0x90, 0xed, 0x5f, 0x60, 0x0, 0x3f, 0x90, 0xed,
    0x5f, 0x95, 0x57, 0xef, 0x30, 0xed, 0x5f, 0xff,
    0xfe, 0xb4, 0x0, 0xed,

    /* U+044C "ь" */
    0x5f, 0x60, 0x0, 0x0, 0x5, 0xf6, 0x0, 0x0,
    0x0, 0x5f, 0x60, 0x0, 0x0, 0x5, 0xf7, 0x11,
    0x0, 0x0, 0x5f, 0xff, 0xff, 0xd7, 0x5, 0xf8,
    0x44, 0x5c, 0xf6, 0x5f, 0x60, 0x0, 0xf, 0xb5,
    0xf6, 0x0, 0x1, 0xfb, 0x5f, 0x95, 0x57, 0xdf,
    0x55, 0xff, 0xff, 0xec, 0x50,

    /* U+044D "э" */
    0x3, 0xae, 0xfd, 0x91, 0x0, 0x4f, 0xd8, 0x8a,
    0xfe, 0x30, 0x4, 0x0, 0x0, 0x1d, 0xd0, 0x0,
    0x0, 0x11, 0x15, 0xf5, 0x0, 0xd, 0xff, 0xff,
    0xf8, 0x0, 0x3, 0x44, 0x46, 0xf8, 0x0, 0x0,
    0x0, 0x7, 0xf5, 0x7, 0x0, 0x0, 0x3f, 0xe0,
    0x4f, 0xe9, 0x7a, 0xfe, 0x30, 0x3, 0xbe, 0xfd,
    0x91, 0x0,

    /* U+044E "ю" */
    0x5f, 0x60, 0x0, 0x4b, 0xef, 0xc5, 0x0, 0x5f,
    0x60, 0x6, 0xfe, 0x88, 0xdf, 0x90, 0x5f, 0x60,
    0x2f, 0xc1, 0x0, 0xa, 0xf5, 0x5f, 0x60, 0x8f,
    0x40, 0x0, 0x1, 0xfb, 0x5f, 0xff, 0xff, 0x0,
    0x0, 0x0, 0xce, 0x5f, 0xca, 0xef, 0x0, 0x0,
    0x0, 0xce, 0x5f, 0x60, 0x7f, 0x40, 0x0, 0x1,
    0xfb, 0x5f, 0x60, 0x1f, 0xd1, 0x0, 0xb, 0xf5,
    0x5f, 0x60, 0x5, 0xff, 0xa9, 0xef, 0x90, 0x5f,
    0x60, 0x0, 0x3b, 0xef, 0xc6, 0x0,

    /* U+044F "я" */
    0x0, 0x4b, 0xef, 0xff, 0xf5, 0x6, 0xff, 0xa9,
    0x9a, 0xf5, 0xd, 0xf2, 0x0, 0x3, 0xf5, 0xf,
    0xc0, 0x0, 0x3, 0xf5, 0xf, 0xd0, 0x0, 0x3,
    0xf5, 0x9, 0xf8, 0x20, 0x4, 0xf5, 0x0, 0xaf,
    0xff, 0xff, 0xf5, 0x0, 0x3f, 0xa3, 0x36, 0xf5,
    0x1, 0xed, 0x0, 0x3, 0xf5, 0xb, 0xf2, 0x0,
    0x3, 0xf5,

    /* U+0451 "ё" */
    0x0, 0xd, 0x90, 0x7e, 0x0, 0x0, 0x0, 0xc8,
    0x7, 0xc0, 0x0, 0x0, 0x0, 0x0, 0x0, 0x0,
    0x0, 0x0, 0x8d, 0xfe, 0x91, 0x0, 0x0, 0xdf,
    0xb8, 0xaf, 0xe2, 0x0, 0x9f, 0x40, 0x0, 0x2e,
    0xc0, 0xf, 0xa0, 0x0, 0x0, 0x8f, 0x12, 0xff,
    0xff, 0xff, 0xff, 0xf4, 0x2f, 0xb3, 0x33, 0x33,
    0x33, 0x0, 0xfe, 0x0, 0x0, 0x0, 0x0, 0x9,
    0xfa, 0x0, 0x0, 0x81, 0x0, 0xc, 0xfe, 0xa9,
    0xef, 0x60, 0x0, 0x7, 0xcf, 0xfc, 0x50, 0x0,

    /* U+2022 "•" */
    0x5, 0x30, 0x9f, 0xf3, 0xcf, 0xf6, 0x4e, 0xc1,

    /* U+2212 "−" */
    0xdf, 0xff, 0xff, 0xb3, 0x44, 0x44, 0x43,

    /* U+E257 "" */
    0x0, 0x0, 0x0, 0x18, 0xc8, 0x20, 0x0, 0x0,
    0x0, 0x0, 0x0, 0x3a, 0xff, 0xff, 0xfb, 0x40,
    0x0, 0x0, 0x0, 0x6d, 0xff, 0xff, 0xff, 0xff,
    0xfd, 0x71, 0x0, 0x8f, 0xff, 0xff, 0xff, 0xff,
    0xff, 0xff, 0xff, 0x90, 0x6, 0xdf, 0xff, 0xff,
    0xff, 0xff, 0xff, 0xe7, 0x10, 0x0, 0x4, 0xbf,
    0xff, 0xff, 0xff, 0xb5, 0x0, 0x0, 0x6a, 0x50,
    0x2, 0x8e, 0xfe, 0x92, 0x0, 0x4a, 0x70, 0x29,
    0xfe, 0x71, 0x0, 0x30, 0x1, 0x7d, 0xfa, 0x30,
    0x0, 0x17, 0xdf, 0xa3, 0x3, 0x9f, 0xe7, 0x10,
    0x0, 0x6a, 0x40, 0x4, 0xbf, 0xff, 0xb5, 0x0,
    0x4a, 0x60, 0x39, 0xfd, 0x71, 0x1, 0x62, 0x0,
    0x6d, 0xfa, 0x30, 0x0, 0x17, 0xdf, 0xa3, 0x3,
    0x9f, 0xe7, 0x10, 0x0, 0x0, 0x0, 0x4, 0xbf,
    0xff, 0xb5, 0x0, 0x0, 0x0, 0x0, 0x0, 0x0,
    0x2, 0x62, 0x0, 0x0, 0x0, 0x0,

    /* U+E690 "" */
    0x0, 0x1a, 0xb2, 0x0, 0x0, 0x0, 0x0, 0x0,
    0x11, 0x9f, 0xfd, 0x2, 0x22, 0x22, 0x22, 0x20,
    0xfc, 0xbf, 0xff, 0x7f, 0xff, 0xff, 0xff, 0xfa,
    0x77, 0xbf, 0xfe, 0x49, 0x99, 0x99, 0x99, 0x95,
    0x0, 0x5f, 0xf8, 0x0, 0x0, 0x0, 0x0, 0x0,
    0x0, 0x1, 0x20, 0x0, 0x0, 0x39, 0x50, 0x0,
    0x0, 0x0, 0x0, 0x0, 0x1, 0xff, 0xf4, 0x0,
    0xdf, 0xff, 0xff, 0xff, 0xf5, 0xff, 0xf7, 0xf9,
    0xac, 0xcc, 0xcc, 0xcc, 0xc5, 0xff, 0xf7, 0xc6,
    0x0, 0x0, 0x0, 0x0, 0x0, 0xef, 0xf2, 0x0,
    0x0, 0x0, 0x0, 0x54, 0x0, 0x15, 0x20, 0x0,
    0x0, 0x0, 0x9, 0xff, 0x80, 0x0, 0x0, 0x0,
    0xac, 0xcc, 0x7d, 0xff, 0xc8, 0xcc, 0xcc, 0xc7,
    0xdf, 0xff, 0x9d, 0xff, 0xca, 0xff, 0xff, 0xf9,
    0x0, 0x0, 0xa, 0xff, 0x90, 0x0, 0x0, 0x0,
    0x0, 0x0, 0x1, 0x87, 0x0, 0x0, 0x0, 0x0,

    /* U+E70F "" */
    0x0, 0x0, 0x0, 0x0, 0x0, 0x0, 0x1, 0x0,
    0x0, 0x0, 0x2, 0x57, 0xac, 0xef, 0x35, 0x7a,
    0xc9, 0x9f, 0xff, 0xff, 0xff, 0xff, 0xff, 0xfb,
    0x9f, 0xff, 0xff, 0xff, 0xff, 0xff, 0xfb, 0x9f,
    0xff, 0xff, 0xff, 0xff, 0xff, 0xfb, 0x9f, 0xff,
    0xff, 0xff, 0xff, 0xff, 0xfb, 0x9f, 0xff, 0xff,
    0xff, 0x99, 0x99, 0x96, 0x59, 0x99, 0x88, 0x88,
    0xdd, 0xdc, 0xc8, 0x7b, 0xbb, 0xbb, 0xbb, 0xff,
    0xff, 0xfb, 0x9f, 0xff, 0xff, 0xff, 0xff, 0xff,
    0xfb, 0x9f, 0xff, 0xff, 0xff, 0xff, 0xff, 0xfb,
    0x9f, 0xff, 0xff, 0xff, 0xff, 0xff, 0xfb, 0x9f,
    0xff, 0xff, 0xff, 0x2, 0x47, 0x97, 0x8f, 0xff,
    0xff, 0xff, 0x0, 0x0, 0x0, 0x0, 0x14, 0x68,
    0xbd,

    /* U+E711 "" */
    0x0, 0x0, 0x0, 0x0, 0x0, 0x0, 0x0, 0x0,
    0x0, 0x2c, 0x60, 0x0, 0x0, 0x0, 0x0, 0xef,
    0x10, 0x0, 0x0, 0x0, 0x4, 0xf5, 0x0, 0x0,
    0x1, 0x7a, 0x72, 0x49, 0xb7, 0x0, 0x1d, 0xff,
    0xff, 0xff, 0xff, 0xb0, 0x9f, 0xff, 0xff, 0xff,
    0xff, 0x20, 0xef, 0xff, 0xff, 0xff, 0xfa, 0x0,
    0xff, 0xff, 0xff, 0xff, 0xf8, 0x0, 0xef, 0xff,
    0xff, 0xff, 0xfc, 0x0, 0xbf, 0xff, 0xff, 0xff,
    0xff, 0x70, 0x6f, 0xff, 0xff, 0xff, 0xff, 0xf2,
    0xd, 0xff, 0xff, 0xff, 0xff, 0xb0, 0x4, 0xff,
    0xff, 0xff, 0xff, 0x20, 0x0, 0x5d, 0xa5, 0x6b,
    0xc4, 0x0,

    /* U+EA6D "" */
    0x0, 0x0, 0x0, 0x0, 0x0, 0x0, 0x0, 0x0,
    0x0, 0x0, 0x0, 0x0, 0x2, 0x9e, 0xff, 0xc5,
    0x0, 0x0, 0x0, 0x0, 0x0, 0x6f, 0x93, 0x12,
    0x7e, 0xb0, 0x0, 0x0, 0x0, 0x4, 0xf3, 0x0,
    0x0, 0x1, 0xca, 0x0, 0x0, 0x0, 0xe, 0x50,
    0x0, 0x0, 0x0, 0x1f, 0x30, 0x0, 0x0, 0x4d,
    0x0, 0x0, 0x0, 0x0, 0x9, 0x90, 0x0, 0x0,
    0x7a, 0x0, 0x0, 0x0, 0x0, 0x5, 0xc0, 0x0,
    0x0, 0x8a, 0x0, 0x0, 0x0, 0x0, 0x5, 0xd0,
    0x0, 0x0, 0x5c, 0x0, 0x0, 0x0, 0x0, 0x7,
    0xa0, 0x0, 0x0, 0xf, 0x30, 0x0, 0x0, 0x0,
    0xe, 0x50, 0x0, 0x0, 0x6, 0xd1, 0x0, 0x0,
    0x0, 0xac, 0x0, 0x0, 0x0, 0x4, 0xfe, 0x61,
    0x0, 0x3b, 0xd1, 0x0, 0x0, 0x0, 0x3f, 0x55,
    0xdf, 0xee, 0xf8, 0x0, 0x0, 0x0, 0x1, 0xe7,
    0x0, 0x2, 0x33, 0x0, 0x0, 0x0, 0x0, 0x1d,
    0x90, 0x0, 0x0, 0x0, 0x0, 0x0, 0x0, 0x0,
    0xbb, 0x0, 0x0, 0x0, 0x0, 0x0, 0x0, 0x0,
    0xa, 0xc0, 0x0, 0x0, 0x0, 0x0, 0x0, 0x0,
    0x0, 0x8d, 0x10, 0x0, 0x0, 0x0, 0x0, 0x0,
    0x0, 0x0, 0x72, 0x0, 0x0, 0x0, 0x0, 0x0,
    0x0, 0x0, 0x0,

    /* U+EA74 "" */
    0x0, 0x0, 0x1, 0x6a, 0xcc, 0x93, 0x0, 0x0,
    0x0, 0x0, 0x7, 0xe9, 0x53, 0x36, 0xcc, 0x20,
    0x0, 0x0, 0xa, 0xc1, 0x0, 0x0, 0x0, 0x5e,
    0x30, 0x0, 0x8, 0xc0, 0x0, 0x0, 0x0, 0x0,
    0x4e, 0x10, 0x2, 0xe2, 0x0, 0x0, 0x42, 0x0,
    0x0, 0x8a, 0x0, 0x89, 0x0, 0x0, 0xb, 0x60,
    0x0, 0x1, 0xf1, 0xc, 0x40, 0x0, 0x0, 0x0,
    0x0, 0x0, 0xc, 0x50, 0xe2, 0x0, 0x0, 0xe,
    0x80, 0x0, 0x0, 0xa7, 0xf, 0x20, 0x0, 0x0,
    0xe8, 0x0, 0x0, 0xa, 0x70, 0xd5, 0x0, 0x0,
    0xe, 0x80, 0x0, 0x0, 0xd6, 0x9, 0xa0, 0x0,
    0x0, 0xe8, 0x0, 0x0, 0x2f, 0x10, 0x3f, 0x30,
    0x0, 0x6, 0x30, 0x0, 0xb, 0xb0, 0x0, 0xae,
    0x10, 0x0, 0x0, 0x0, 0x7, 0xf2, 0x0, 0x0,
    0xce, 0x40, 0x0, 0x0, 0x9, 0xf5, 0x0, 0x0,
    0x0, 0xaf, 0xc8, 0x66, 0xaf, 0xe4, 0x0, 0x0,
    0x0, 0x0, 0x39, 0xce, 0xdb, 0x60, 0x0, 0x0,

    /* U+EA9A "" */
    0x0, 0x0, 0x0, 0xf2, 0x0, 0x0, 0x0, 0x0,
    0x0, 0xf, 0x20, 0x0, 0x0, 0x0, 0x0, 0x0,
    0xf2, 0x0, 0x0, 0x0, 0x0, 0x0, 0xf, 0x20,
    0x0, 0x0, 0x0, 0x0, 0x0, 0xf2, 0x0, 0x0,
    0x0, 0x0, 0x0, 0xf, 0x20, 0x0, 0x0, 0x0,
    0x0, 0x0, 0xf2, 0x0, 0x0, 0x1, 0x90, 0x0,
    0xf, 0x20, 0x0, 0x83, 0x1d, 0xa0, 0x0, 0xf2,
    0x0, 0x8e, 0x20, 0x1d, 0xa0, 0xf, 0x20, 0x8e,
    0x20, 0x0, 0x1d, 0xa0, 0xf2, 0x8e, 0x20, 0x0,
    0x0, 0x1c, 0xaf, 0xae, 0x20, 0x0, 0x0, 0x0,
    0x1c, 0xfe, 0x20, 0x0, 0x0, 0x0, 0x0, 0x18,
    0x20, 0x0, 0x0,

    /* U+EA9B "" */
    0x0, 0x0, 0x3, 0x30, 0x0, 0x0, 0x0, 0x0,
    0x0, 0x3e, 0x70, 0x0, 0x0, 0x0, 0x0, 0x3,
    0xe7, 0x0, 0x0, 0x0, 0x0, 0x0, 0x2e, 0x70,
    0x0, 0x0, 0x0, 0x0, 0x2, 0xe7, 0x0, 0x0,
    0x0, 0x0, 0x0, 0x2e, 0xa2, 0x22, 0x22, 0x22,
    0x22, 0x22, 0x8f, 0xff, 0xff, 0xff, 0xff, 0xff,
    0xfe, 0x1c, 0xa0, 0x0, 0x0, 0x0, 0x0, 0x0,
    0x1, 0xcb, 0x0, 0x0, 0x0, 0x0, 0x0, 0x0,
    0x1c, 0xb0, 0x0, 0x0, 0x0, 0x0, 0x0, 0x1,
    0xdb, 0x0, 0x0, 0x0, 0x0, 0x0, 0x0, 0x1d,
    0x90, 0x0, 0x0, 0x0, 0x0, 0x0, 0x1, 0x10,
    0x0, 0x0, 0x0,

    /* U+EA9C "" */
    0x0, 0x0, 0x0, 0x0, 0x30, 0x0, 0x0, 0x0,
    0x0, 0x0, 0x4, 0xf5, 0x0, 0x0, 0x0, 0x0,
    0x0, 0x0, 0x5f, 0x50, 0x0, 0x0, 0x0, 0x0,
    0x0, 0x5, 0xf5, 0x0, 0x0, 0x0, 0x0, 0x0,
    0x0, 0x5f, 0x50, 0x0, 0x0, 0x0, 0x0, 0x0,
    0x6, 0xf5, 0x9f, 0xff, 0xff, 0xff, 0xff, 0xff,
    0xfe, 0x0, 0x0, 0x0, 0x0, 0x0, 0x6, 0xf5,
    0x0, 0x0, 0x0, 0x0, 0x0, 0x5f, 0x50, 0x0,
    0x0, 0x0, 0x0, 0x6, 0xf5, 0x0, 0x0, 0x0,
    0x0, 0x0, 0x6f, 0x40, 0x0, 0x0, 0x0, 0x0,
    0x4, 0xf4, 0x0, 0x0, 0x0, 0x0, 0x0, 0x0,
    0x30, 0x0, 0x0,

    /* U+EAA1 "" */
    0x0, 0x0, 0x4, 0xe6, 0x0, 0x0, 0x0, 0x0,
    0x4, 0xff, 0xf6, 0x0, 0x0, 0x0, 0x4, 0xf5,
    0xf6, 0xf6, 0x0, 0x0, 0x4, 0xf5, 0xf, 0x24,
    0xf6, 0x0, 0x4, 0xf5, 0x0, 0xf2, 0x4, 0xf6,
    0x3, 0xf5, 0x0, 0xf, 0x20, 0x4, 0xf5, 0x4,
    0x0, 0x0, 0xf2, 0x0, 0x3, 0x0, 0x0, 0x0,
    0xf, 0x20, 0x0, 0x0, 0x0, 0x0, 0x0, 0xf2,
    0x0, 0x0, 0x0, 0x0, 0x0, 0xf, 0x20, 0x0,
    0x0, 0x0, 0x0, 0x0, 0xf2, 0x0, 0x0, 0x0,
    0x0, 0x0, 0xf, 0x20, 0x0, 0x0, 0x0, 0x0,
    0x0, 0xf2, 0x0, 0x0, 0x0, 0x0, 0x0, 0x8,
    0x10, 0x0, 0x0,

    /* U+EB01 "" */
    0x0, 0x0, 0x0, 0x12, 0x0, 0x0, 0x0, 0x0,
    0x0, 0x18, 0xef, 0xff, 0xd6, 0x0, 0x0, 0x0,
    0x4e, 0x9e, 0x70, 0xcc, 0xbd, 0x20, 0x0, 0x4e,
    0x35, 0xe0, 0x3, 0xf1, 0x6e, 0x10, 0xe, 0x30,
    0xa9, 0x0, 0xe, 0x50, 0x7b, 0x7, 0xff, 0xff,
    0xff, 0xff, 0xff, 0xff, 0xf3, 0xc7, 0x33, 0xf4,
    0x33, 0x39, 0xc3, 0x39, 0x8e, 0x30, 0xf, 0x20,
    0x0, 0x6b, 0x0, 0x6a, 0xf3, 0x0, 0xe3, 0x0,
    0x7, 0xa0, 0x6, 0xbd, 0x73, 0x3d, 0x63, 0x33,
    0xaa, 0x33, 0x99, 0x8f, 0xee, 0xff, 0xff, 0xff,
    0xee, 0xef, 0x52, 0xf3, 0x4, 0xe0, 0x3, 0xf0,
    0x7, 0xd0, 0x7, 0xe2, 0xd, 0x60, 0xb9, 0x4,
    0xf3, 0x0, 0x8, 0xe6, 0x5f, 0x8e, 0x39, 0xf5,
    0x0, 0x0, 0x4, 0xcf, 0xff, 0xff, 0xa2, 0x0,
    0x0, 0x0, 0x0, 0x24, 0x54, 0x10, 0x0, 0x0,

    /* U+EB05 "" */
    0x0, 0x0, 0x0, 0x0, 0x0, 0x0, 0x0, 0x0,
    0x1, 0xaf, 0xfc, 0x30, 0x6, 0xdf, 0xe8, 0x0,
    0x1e, 0xa3, 0x26, 0xf7, 0xae, 0x52, 0x4d, 0xc0,
    0x99, 0x0, 0x0, 0x3f, 0xc1, 0x0, 0x0, 0xe6,
    0xe2, 0x0, 0x0, 0x2, 0x10, 0x0, 0x0, 0x7a,
    0xf1, 0x0, 0x0, 0x0, 0x0, 0x0, 0x0, 0x6b,
    0xc6, 0x0, 0x0, 0x0, 0x0, 0x0, 0x0, 0xb8,
    0x5f, 0x30, 0x0, 0x0, 0x0, 0x0, 0x7, 0xf1,
    0x7, 0xf3, 0x0, 0x0, 0x0, 0x0, 0x7f, 0x40,
    0x0, 0x7f, 0x30, 0x0, 0x0, 0x7, 0xf4, 0x0,
    0x0, 0x7, 0xf3, 0x0, 0x0, 0x7f, 0x30, 0x0,
    0x0, 0x0, 0x7f, 0x40, 0x7, 0xf3, 0x0, 0x0,
    0x0, 0x0, 0x7, 0xf4, 0x7f, 0x30, 0x0, 0x0,
    0x0, 0x0, 0x0, 0x7f, 0xf3, 0x0, 0x0, 0x0,
    0x0, 0x0, 0x0, 0x6, 0x30, 0x0, 0x0, 0x0,

    /* U+EB06 "" */
    0x0, 0x0, 0x0, 0x16, 0x10, 0x0, 0x0, 0x0,
    0x0, 0x0, 0x1, 0xdf, 0xd1, 0x0, 0x0, 0x0,
    0x0, 0x0, 0x2e, 0xa0, 0xae, 0x20, 0x0, 0x0,
    0x0, 0x3, 0xe9, 0x0, 0x9, 0xe3, 0x0, 0x0,
    0x0, 0x4f, 0x80, 0x0, 0x0, 0x7f, 0x50, 0x0,
    0x5, 0xf7, 0x0, 0x0, 0x0, 0x5, 0xf6, 0x0,
    0x6f, 0xf1, 0x0, 0x0, 0x0, 0x0, 0xff, 0x70,
    0x86, 0xf1, 0x0, 0x0, 0x0, 0x0, 0xf6, 0x90,
    0x1, 0xf1, 0x0, 0x0, 0x0, 0x0, 0xf3, 0x0,
    0x1, 0xf1, 0x9, 0xdd, 0xd9, 0x0, 0xf3, 0x0,
    0x1, 0xf1, 0xe, 0x63, 0x6e, 0x0, 0xf3, 0x0,
    0x1, 0xf1, 0xe, 0x30, 0x3e, 0x0, 0xf3, 0x0,
    0x1, 0xf1, 0xe, 0x30, 0x3e, 0x0, 0xf3, 0x0,
    0x1, 0xf2, 0x2e, 0x30, 0x3e, 0x22, 0xf3, 0x0,
    0x0, 0xdf, 0xfe, 0x10, 0x2e, 0xff, 0xe1, 0x0,

    /* U+EB1C "" */
    0xcf, 0xff, 0xff, 0xff, 0xff, 0xff, 0xff, 0xfb,
    0xff, 0xc3, 0x22, 0x22, 0x22, 0x22, 0x3d, 0xfe,
    0xf4, 0xcd, 0x20, 0x0, 0x0, 0x3, 0xdc, 0x4e,
    0xf2, 0x9, 0xf5, 0x0, 0x0, 0x6f, 0x80, 0x2e,
    0xf2, 0x0, 0x5f, 0x90, 0xa, 0xe4, 0x0, 0x2e,
    0xf2, 0x0, 0x2, 0xdc, 0xdc, 0x20, 0x0, 0x2e,
    0xf2, 0x0, 0x0, 0x9, 0x80, 0x0, 0x0, 0x2e,
    0xf2, 0x0, 0x0, 0x0, 0x0, 0x0, 0x0, 0x2e,
    0xf2, 0x0, 0x0, 0x0, 0x0, 0x0, 0x0, 0x2e,
    0xf2, 0x0, 0x0, 0x0, 0x0, 0x0, 0x0, 0x2e,
    0xfd, 0xdd, 0xdd, 0xdd, 0xdd, 0xdd, 0xdd, 0xde,
    0x24, 0x44, 0x44, 0x44, 0x44, 0x44, 0x44, 0x42,

    /* U+EEE8 "" */
    0x0, 0x0, 0x0, 0x0, 0x0, 0x0, 0x0, 0x0,
    0x0, 0x0, 0x0, 0x0, 0x3, 0xed, 0x0, 0x0,
    0x0, 0x0, 0x0, 0x0, 0x0, 0x4f, 0xff, 0x0,
    0x0, 0x0, 0x0, 0x0, 0x0, 0x5, 0xff, 0xff,
    0x0, 0x0, 0x0, 0x0, 0x0, 0x22, 0x7f, 0xff,
    0xff, 0x0, 0x0, 0x0, 0x0, 0x6f, 0xff, 0xff,
    0xff, 0xff, 0x0, 0xea, 0x0, 0xad, 0xef, 0xff,
    0xff, 0xff, 0xff, 0x0, 0x7f, 0xaa, 0xf6, 0xff,
    0xff, 0xff, 0xff, 0xff, 0x0, 0x7, 0xff, 0x70,
    0xff, 0xff, 0xff, 0xff, 0xff, 0x0, 0xa, 0xff,
    0xa0, 0xdf, 0xff, 0xff, 0xff, 0xff, 0x0, 0xaf,
    0x67, 0xf9, 0x3c, 0xee, 0xff, 0xff, 0xff, 0x0,
    0xb6, 0x0, 0x6a, 0x0, 0x0, 0x3e, 0xff, 0xff,
    0x0, 0x0, 0x0, 0x0, 0x0, 0x0, 0x2, 0xef,
    0xff, 0x0, 0x0, 0x0, 0x0, 0x0, 0x0, 0x0,
    0x1d, 0xff, 0x0, 0x0, 0x0, 0x0, 0x0, 0x0,
    0x0, 0x1, 0xb9, 0x0, 0x0, 0x0, 0x0, 0x0,
    0x0, 0x0, 0x0, 0x0, 0x0, 0x0, 0x0, 0x0,

    /* U+EFBA "" */
    0x0, 0x0, 0x33, 0x4, 0x20, 0x0, 0x0, 0x7,
    0xff, 0xb1, 0xff, 0xd3, 0x0, 0xa, 0xff, 0xfb,
    0x1f, 0xff, 0xf4, 0x6, 0xff, 0xff, 0xb1, 0xff,
    0xff, 0xe1, 0xcf, 0xff, 0xfb, 0x1f, 0xff, 0xff,
    0x6f, 0xff, 0xff, 0xb1, 0xff, 0xff, 0xf9, 0xff,
    0xff, 0xfa, 0x1f, 0xff, 0xff, 0x92, 0x22, 0x22,
    0x22, 0x22, 0x22, 0x21, 0xff, 0xff, 0xff, 0xff,
    0xff, 0xff, 0xaf, 0xff, 0xff, 0xff, 0xff, 0xff,
    0xfa, 0xff, 0xff, 0xff, 0xff, 0xff, 0xff, 0xaf,
    0xff, 0xff, 0xff, 0xff, 0xff, 0xf9, 0xff, 0xff,
    0xff, 0xff, 0xff, 0xff, 0x9c, 0xff, 0xff, 0xff,
    0xff, 0xff, 0xf6, 0x5f, 0xff, 0xff, 0xff, 0xff,
    0xfe, 0x0, 0x9f, 0xff, 0xff, 0xff, 0xff, 0x40,
    0x0, 0x6e, 0xff, 0xff, 0xfb, 0x30, 0x0, 0x0,
    0x2, 0x33, 0x21, 0x0, 0x0,

    /* U+F021 "" */
    0x0, 0x0, 0x0, 0x13, 0x31, 0x0, 0x0, 0x0,
    0x0, 0x0, 0x5c, 0xff, 0xff, 0xc5, 0x0, 0xb5,
    0x0, 0xa, 0xff, 0xfd, 0xcf, 0xff, 0xa5, 0xfc,
    0x0, 0xaf, 0xf6, 0x0, 0x0, 0x6f, 0xfe, 0xfc,
    0x5, 0xff, 0x30, 0x0, 0x0, 0x5, 0xff, 0xfc,
    0xc, 0xf7, 0x0, 0x0, 0x0, 0xcf, 0xff, 0xfc,
    0x9, 0xc0, 0x0, 0x0, 0x0, 0xaf, 0xff, 0xf7,
    0x0, 0x0, 0x0, 0x0, 0x0, 0x0, 0x0, 0x0,
    0x1, 0x11, 0x10, 0x0, 0x0, 0x0, 0x0, 0x0,
    0xcf, 0xff, 0xf8, 0x0, 0x0, 0x0, 0x3f, 0x70,
    0xff, 0xff, 0xf7, 0x0, 0x0, 0x0, 0xcf, 0x80,
    0xff, 0xfe, 0x20, 0x0, 0x0, 0x8, 0xff, 0x10,
    0xff, 0xdf, 0xf7, 0x10, 0x3, 0xbf, 0xf5, 0x0,
    0xff, 0x1b, 0xff, 0xff, 0xff, 0xff, 0x50, 0x0,
    0x67, 0x0, 0x5c, 0xff, 0xfe, 0x92, 0x0, 0x0,
    0x0, 0x0, 0x0, 0x1, 0x10, 0x0, 0x0, 0x0,

    /* U+F027 "" */
    0x0, 0x0, 0x0, 0x4, 0x50, 0x0, 0x0, 0x0,
    0x0, 0x7, 0xff, 0x0, 0x0, 0x0, 0x0, 0x9,
    0xff, 0xf0, 0x0, 0x0, 0x0, 0xa, 0xff, 0xff,
    0x0, 0x0, 0x5e, 0xff, 0xff, 0xff, 0xf0, 0x25,
    0xe, 0xff, 0xff, 0xff, 0xff, 0x5, 0xf3, 0xff,
    0xff, 0xff, 0xff, 0xf0, 0xd, 0x8f, 0xff, 0xff,
    0xff, 0xff, 0x1, 0xf6, 0xbf, 0xff, 0xff, 0xff,
    0xf0, 0x5c, 0x0, 0x56, 0x7f, 0xff, 0xff, 0x0,
    0x0, 0x0, 0x0, 0x3e, 0xff, 0xf0, 0x0, 0x0,
    0x0, 0x0, 0x2d, 0xff, 0x0, 0x0, 0x0, 0x0,
    0x0, 0x1c, 0xd0, 0x0, 0x0, 0x0, 0x0, 0x0,
    0x0, 0x0, 0x0,

    /* U+F028 "" */
    0x0, 0x0, 0x0, 0x5, 0x60, 0x0, 0x0, 0xa2,
    0x0, 0x0, 0x0, 0x0, 0x7f, 0xf0, 0x0, 0x0,
    0xce, 0x20, 0x0, 0x0, 0x9, 0xff, 0xf0, 0x0,
    0x64, 0xd, 0xc0, 0x0, 0x0, 0xbf, 0xff, 0xf0,
    0x0, 0x8f, 0x33, 0xf4, 0x6e, 0xff, 0xff, 0xff,
    0xf0, 0x25, 0xb, 0xc0, 0xca, 0xef, 0xff, 0xff,
    0xff, 0xf0, 0x5f, 0x34, 0xf1, 0x8d, 0xff, 0xff,
    0xff, 0xff, 0xf0, 0xd, 0x81, 0xf3, 0x6f, 0xff,
    0xff, 0xff, 0xff, 0xf0, 0x2f, 0x62, 0xf3, 0x7e,
    0xbf, 0xff, 0xff, 0xff, 0xf0, 0x5b, 0x8, 0xe0,
    0xac, 0x5, 0x66, 0xef, 0xff, 0xf0, 0x0, 0x4f,
    0x70, 0xf6, 0x0, 0x0, 0x2e, 0xff, 0xf0, 0x0,
    0xaa, 0x9, 0xe1, 0x0, 0x0, 0x1, 0xdf, 0xf0,
    0x0, 0x0, 0x6f, 0x50, 0x0, 0x0, 0x0, 0x1b,
    0xc0, 0x0, 0x0, 0xf7, 0x0, 0x0, 0x0, 0x0,
    0x0, 0x0, 0x0, 0x0, 0x0, 0x0,

    /* U+F03E "" */
    0x6, 0x88, 0x88, 0x88, 0x88, 0x88, 0x88, 0x73,
    0xa, 0xff, 0xff, 0xff, 0xff, 0xff, 0xff, 0xff,
    0xf4, 0xfa, 0x0, 0x0, 0x0, 0x0, 0x0, 0x0,
    0x1f, 0x9f, 0x90, 0x3, 0x10, 0x0, 0x0, 0x0,
    0x0, 0xf9, 0xf9, 0x9, 0xfe, 0x0, 0x0, 0x0,
    0x0, 0xf, 0x9f, 0x90, 0xdf, 0xf2, 0x0, 0x0,
    0x0, 0x0, 0xf9, 0xf9, 0x4, 0xc8, 0x0, 0x0,
    0x0, 0x0, 0xf, 0x9f, 0x90, 0x0, 0x0, 0x1,
    0xeb, 0x0, 0x0, 0xf9, 0xf9, 0x0, 0x0, 0x0,
    0xcf, 0xf8, 0x0, 0xf, 0x9f, 0x90, 0xd, 0xb0,
    0x8f, 0xff, 0xf4, 0x0, 0xf9, 0xf9, 0x9, 0xff,
    0xbf, 0xff, 0xff, 0xf2, 0xf, 0x9f, 0x94, 0xff,
    0xff, 0xff, 0xff, 0xff, 0xd0, 0xf9, 0xfa, 0xef,
    0xff, 0xff, 0xff, 0xff, 0xff, 0xaf, 0x9e, 0xff,
    0xff, 0xff, 0xff, 0xff, 0xff, 0xff, 0xf8, 0x5f,
    0xff, 0xff, 0xff, 0xff, 0xff, 0xff, 0xfd, 0x10,
    0x2, 0x22, 0x22, 0x22, 0x22, 0x22, 0x22, 0x0,

    /* U+F058 "" */
    0x0, 0x0, 0x0, 0x35, 0x65, 0x20, 0x0, 0x0,
    0x0, 0x0, 0x7, 0xef, 0xff, 0xff, 0xc4, 0x0,
    0x0, 0x0, 0x2d, 0xff, 0xff, 0xff, 0xff, 0xf8,
    0x0, 0x0, 0x1e, 0xff, 0xff, 0xff, 0xff, 0xff,
    0xf9, 0x0, 0xb, 0xff, 0xff, 0xff, 0xff, 0xff,
    0xff, 0xf5, 0x4, 0xff, 0xff, 0xff, 0xff, 0xff,
    0xff, 0xff, 0xd0, 0xaf, 0xff, 0xff, 0xff, 0xff,
    0x91, 0xef, 0xff, 0x3d, 0xff, 0xff, 0xff, 0xff,
    0x90, 0x3f, 0xff, 0xf7, 0xff, 0xff, 0xa4, 0xef,
    0x90, 0x3f, 0xff, 0xff, 0x9f, 0xff, 0xfb, 0x2,
    0x80, 0x3f, 0xff, 0xff, 0xf8, 0xdf, 0xff, 0xfa,
    0x0, 0x3f, 0xff, 0xff, 0xff, 0x68, 0xff, 0xff,
    0xfb, 0x6f, 0xff, 0xff, 0xff, 0xf2, 0x2f, 0xff,
    0xff, 0xff, 0xff, 0xff, 0xff, 0xfc, 0x0, 0x9f,
    0xff, 0xff, 0xff, 0xff, 0xff, 0xff, 0x30, 0x0,
    0xbf, 0xff, 0xff, 0xff, 0xff, 0xff, 0x50, 0x0,
    0x0, 0xaf, 0xff, 0xff, 0xff, 0xff, 0x50, 0x0,
    0x0, 0x0, 0x3b, 0xff, 0xff, 0xe8, 0x10, 0x0,
    0x0, 0x0, 0x0, 0x0, 0x22, 0x10, 0x0, 0x0,
    0x0,

    /* U+F0C4 "" */
    0x0, 0x13, 0x10, 0x0, 0x0, 0x0, 0x0, 0x0,
    0x0, 0x8f, 0xff, 0xb1, 0x0, 0x0, 0x0, 0x3,
    0x10, 0x7f, 0xfe, 0xff, 0xb0, 0x0, 0x0, 0x4e,
    0xff, 0x3e, 0xf6, 0x3, 0xff, 0x20, 0x0, 0x4f,
    0xff, 0xd1, 0xff, 0x10, 0xd, 0xf3, 0x0, 0x5f,
    0xff, 0xd1, 0xc, 0xfb, 0x48, 0xff, 0x20, 0x5f,
    0xff, 0xd1, 0x0, 0x3f, 0xff, 0xff, 0xfd, 0x7f,
    0xff, 0xd1, 0x0, 0x0, 0x3a, 0xdb, 0xff, 0xff,
    0xff, 0xc1, 0x0, 0x0, 0x0, 0x0, 0x3, 0xff,
    0xff, 0xc1, 0x0, 0x0, 0x0, 0x0, 0x0, 0x6f,
    0xff, 0xc1, 0x10, 0x0, 0x0, 0x5, 0xef, 0xef,
    0xff, 0xc1, 0xbe, 0x20, 0x0, 0x5, 0xff, 0xff,
    0xff, 0xc0, 0xaf, 0xfe, 0x20, 0x0, 0xdf, 0x80,
    0x5f, 0xf1, 0x3, 0xff, 0xfe, 0x20, 0xf, 0xf1,
    0x0, 0xdf, 0x30, 0x3, 0xff, 0xfe, 0x20, 0xdf,
    0x70, 0x3f, 0xf2, 0x0, 0x3, 0xff, 0xfe, 0x16,
    0xff, 0xff, 0xfb, 0x0, 0x0, 0x3, 0xef, 0xe2,
    0x7, 0xff, 0xfa, 0x0, 0x0, 0x0, 0x0, 0x30,
    0x0, 0x0, 0x21, 0x0, 0x0, 0x0, 0x0, 0x0,
    0x0,

    /* U+F0C5 "" */
    0x0, 0x0, 0x5, 0x78, 0x88, 0x74, 0x0, 0x0,
    0x0, 0x9, 0xff, 0xff, 0xff, 0xf6, 0x0, 0x0,
    0x0, 0xeb, 0x0, 0x0, 0x1c, 0xf6, 0x0, 0x0,
    0xe, 0xa0, 0x0, 0x0, 0x1d, 0xf4, 0x0, 0x20,
    0xea, 0x0, 0x0, 0x0, 0x1f, 0x85, 0xff, 0x1e,
    0xa0, 0x0, 0x0, 0x0, 0xf8, 0xec, 0x60, 0xea,
    0x0, 0x0, 0x0, 0xf, 0x8f, 0x90, 0xe, 0xa0,
    0x0, 0x0, 0x0, 0xf8, 0xf9, 0x0, 0xea, 0x0,
    0x0, 0x0, 0xf, 0x8f, 0x90, 0xe, 0xa0, 0x0,
    0x0, 0x0, 0xf8, 0xf9, 0x0, 0xea, 0x0, 0x0,
    0x0, 0xf, 0x8f, 0x90, 0xc, 0xe8, 0x88, 0x88,
    0x89, 0xf6, 0xf9, 0x0, 0x3d, 0xff, 0xff, 0xff,
    0xfb, 0xf, 0x90, 0x0, 0x0, 0x0, 0x10, 0x0,
    0x0, 0xf9, 0x0, 0x0, 0x0, 0x3f, 0x60, 0x0,
    0xe, 0xd8, 0x88, 0x88, 0x8b, 0xf4, 0x0, 0x0,
    0x4e, 0xff, 0xff, 0xff, 0xf9, 0x0, 0x0, 0x0,
    0x0, 0x0, 0x0, 0x0, 0x0, 0x0, 0x0,

    /* U+F0EA "" */
    0x0, 0x0, 0x46, 0x0, 0x0, 0x0, 0x0, 0x0,
    0x0, 0x22, 0x6f, 0xfc, 0x22, 0x0, 0x0, 0x0,
    0x0, 0xaf, 0xff, 0xa5, 0xff, 0xfe, 0x10, 0x0,
    0x0, 0xf, 0xff, 0xfc, 0x8f, 0xff, 0xe5, 0x0,
    0x0, 0x0, 0xff, 0xff, 0xff, 0xf5, 0x34, 0x44,
    0x41, 0x0, 0xf, 0xff, 0xff, 0xf7, 0x7f, 0xff,
    0xff, 0xf4, 0x0, 0xff, 0xff, 0xff, 0x4b, 0xff,
    0xff, 0xff, 0xf4, 0xf, 0xff, 0xff, 0xf3, 0xbf,
    0xff, 0xff, 0xff, 0xf3, 0xff, 0xff, 0xff, 0x3b,
    0xff, 0xff, 0xff, 0xff, 0x9f, 0xff, 0xff, 0xf3,
    0xbf, 0xff, 0xff, 0xff, 0xf9, 0xff, 0xff, 0xff,
    0x3b, 0xff, 0xff, 0xff, 0xff, 0x9f, 0xff, 0xff,
    0xf3, 0xbf, 0xff, 0xff, 0xff, 0xf9, 0xff, 0xff,
    0xff, 0x3b, 0xff, 0xff, 0xff, 0xff, 0x9f, 0xff,
    0xff, 0xf3, 0xbf, 0xff, 0xff, 0xff, 0xf9, 0x9f,
    0xff, 0xff, 0x3b, 0xff, 0xff, 0xff, 0xff, 0x90,
    0x11, 0x11, 0x10, 0xbf, 0xff, 0xff, 0xff, 0xf9,
    0x0, 0x0, 0x0, 0x6, 0xff, 0xff, 0xff, 0xff,
    0x40, 0x0, 0x0, 0x0, 0x2, 0x33, 0x33, 0x33,
    0x10,

    /* U+F100 "" */
    0x0, 0x0, 0x1, 0x30, 0x0, 0x0, 0x40, 0x0,
    0x0, 0x2e, 0xf2, 0x0, 0xc, 0xf6, 0x0, 0x2,
    0xef, 0xd0, 0x0, 0xcf, 0xe2, 0x0, 0x2e, 0xfd,
    0x10, 0xc, 0xfe, 0x30, 0x2, 0xef, 0xd1, 0x0,
    0xcf, 0xe3, 0x0, 0x2e, 0xfc, 0x10, 0xc, 0xfe,
    0x20, 0x0, 0xdf, 0xd1, 0x0, 0xaf, 0xe2, 0x0,
    0x0, 0xbf, 0xe3, 0x0, 0x8f, 0xf5, 0x0, 0x0,
    0xc, 0xfe, 0x30, 0x9, 0xff, 0x50, 0x0, 0x0,
    0xcf, 0xe3, 0x0, 0x9f, 0xf5, 0x0, 0x0, 0xc,
    0xfe, 0x30, 0x9, 0xff, 0x50, 0x0, 0x0, 0xcf,
    0xe1, 0x0, 0x9f, 0xf4, 0x0, 0x0, 0xc, 0xf2,
    0x0, 0x9, 0xf5, 0x0, 0x0, 0x0, 0x0, 0x0,
    0x0, 0x10,

    /* U+F101 "" */
    0x23, 0x0, 0x0, 0x14, 0x0, 0x0, 0x0, 0xef,
    0x50, 0x0, 0xbf, 0x80, 0x0, 0x0, 0x9f, 0xf5,
    0x0, 0x6f, 0xf8, 0x0, 0x0, 0x9, 0xff, 0x50,
    0x6, 0xff, 0x80, 0x0, 0x0, 0x9f, 0xf5, 0x0,
    0x6f, 0xf8, 0x0, 0x0, 0x9, 0xff, 0x50, 0x6,
    0xff, 0x80, 0x0, 0x0, 0x9f, 0xf2, 0x0, 0x6f,
    0xf5, 0x0, 0x0, 0xcf, 0xe1, 0x0, 0x9f, 0xf4,
    0x0, 0xc, 0xfe, 0x20, 0x9, 0xff, 0x50, 0x0,
    0xcf, 0xe2, 0x0, 0x9f, 0xf5, 0x0, 0xc, 0xfe,
    0x20, 0x9, 0xff, 0x50, 0x0, 0xcf, 0xe2, 0x0,
    0x8f, 0xf5, 0x0, 0x0, 0xde, 0x20, 0x0, 0x9f,
    0x50, 0x0, 0x0, 0x0, 0x0, 0x0, 0x1, 0x0,
    0x0, 0x0,

    /* U+F102 "" */
    0x0, 0x0, 0x1, 0x40, 0x0, 0x0, 0x0, 0x0,
    0x2, 0xef, 0x80, 0x0, 0x0, 0x0, 0x2, 0xef,
    0xff, 0x80, 0x0, 0x0, 0x2, 0xef, 0xc7, 0xff,
    0x80, 0x0, 0x2, 0xef, 0xc1, 0x6, 0xff, 0x80,
    0x2, 0xef, 0xc1, 0x0, 0x6, 0xff, 0x80, 0xef,
    0xc1, 0x0, 0x10, 0x6, 0xff, 0x5a, 0xb1, 0x0,
    0xcf, 0x50, 0x5, 0xd3, 0x0, 0x0, 0xcf, 0xff,
    0x50, 0x0, 0x0, 0x0, 0xcf, 0xea, 0xff, 0x50,
    0x0, 0x0, 0xcf, 0xe2, 0x9, 0xff, 0x50, 0x0,
    0xcf, 0xe2, 0x0, 0x9, 0xff, 0x50, 0xcf, 0xe2,
    0x0, 0x0, 0x9, 0xff, 0x3d, 0xe2, 0x0, 0x0,
    0x0, 0x9, 0xf5, 0x0, 0x0, 0x0, 0x0, 0x0,
    0x1, 0x0,

    /* U+F103 "" */
    0x23, 0x0, 0x0, 0x0, 0x0, 0x4, 0xe, 0xf5,
    0x0, 0x0, 0x0, 0xc, 0xf6, 0x9f, 0xf5, 0x0,
    0x0, 0xc, 0xfe, 0x20, 0x9f, 0xf5, 0x0, 0xc,
    0xfe, 0x20, 0x0, 0x9f, 0xf5, 0xc, 0xfe, 0x20,
    0x0, 0x0, 0x9f, 0xfd, 0xfe, 0x20, 0x0, 0x0,
    0x0, 0x9f, 0xfe, 0x20, 0x1, 0xd, 0xe2, 0x0,
    0x9d, 0x20, 0x9, 0xf4, 0xcf, 0xe2, 0x0, 0x0,
    0x9, 0xff, 0x30, 0xcf, 0xe2, 0x0, 0x9, 0xff,
    0x50, 0x0, 0xcf, 0xe2, 0x9, 0xff, 0x50, 0x0,
    0x0, 0xcf, 0xea, 0xff, 0x50, 0x0, 0x0, 0x0,
    0xcf, 0xff, 0x50, 0x0, 0x0, 0x0, 0x0, 0xcf,
    0x50, 0x0, 0x0, 0x0, 0x0, 0x0, 0x10, 0x0,
    0x0, 0x0,

    /* U+F11C "" */
    0x0, 0x0, 0x0, 0x0, 0x0, 0x0, 0x0, 0x0,
    0x0, 0x5e, 0xff, 0xff, 0xff, 0xff, 0xff, 0xff,
    0xff, 0xe4, 0xec, 0x77, 0x77, 0x77, 0x77, 0x77,
    0x77, 0x77, 0xce, 0xf8, 0x3, 0x30, 0x50, 0x33,
    0x5, 0x3, 0x30, 0x8f, 0xf8, 0xa, 0xb3, 0xf3,
    0xba, 0x3f, 0x3b, 0xb0, 0x8f, 0xf8, 0x0, 0x0,
    0x10, 0x0, 0x1, 0x0, 0x0, 0x8f, 0xf8, 0x8,
    0x92, 0xd2, 0x98, 0x2d, 0x29, 0x90, 0x8f, 0xf8,
    0x6, 0x61, 0x91, 0x66, 0x19, 0x16, 0x60, 0x8f,
    0xf8, 0x0, 0x1, 0x11, 0x11, 0x11, 0x10, 0x0,
    0x8f, 0xf8, 0x0, 0xf, 0xff, 0xff, 0xff, 0xf0,
    0x0, 0x8f, 0xf8, 0x0, 0x4, 0x66, 0x66, 0x66,
    0x40, 0x0, 0x8f, 0xed, 0x88, 0x88, 0x88, 0x88,
    0x88, 0x88, 0x88, 0xdd, 0x4d, 0xff, 0xff, 0xff,
    0xff, 0xff, 0xff, 0xff, 0xd3,

    /* U+F1EC "" */
    0x1, 0x33, 0x33, 0x33, 0x33, 0x20, 0x6, 0xff,
    0xff, 0xff, 0xff, 0xff, 0xa0, 0xef, 0xfe, 0xee,
    0xee, 0xef, 0xff, 0x2f, 0xf3, 0x0, 0x0, 0x0,
    0xe, 0xf3, 0xff, 0x10, 0x0, 0x0, 0x0, 0xdf,
    0x3f, 0xf6, 0x11, 0x11, 0x11, 0x3f, 0xf3, 0xff,
    0xff, 0xff, 0xff, 0xff, 0xff, 0x3f, 0xf4, 0x1f,
    0x50, 0xe7, 0x1e, 0xf3, 0xff, 0x64, 0xf8, 0x3e,
    0x83, 0xff, 0x3f, 0xff, 0xff, 0xff, 0xff, 0xff,
    0xf3, 0xff, 0x41, 0xf5, 0xe, 0x71, 0xef, 0x3f,
    0xf5, 0x2f, 0x72, 0xe8, 0x2f, 0xf3, 0xff, 0xff,
    0xff, 0xff, 0xff, 0xff, 0x3f, 0xf5, 0x0, 0x2,
    0xe8, 0x2f, 0xf3, 0xff, 0x40, 0x0, 0x1e, 0x71,
    0xef, 0x3e, 0xff, 0xff, 0xff, 0xff, 0xff, 0xf2,
    0x5f, 0xff, 0xff, 0xff, 0xff, 0xf9, 0x0, 0x2,
    0x22, 0x22, 0x22, 0x21, 0x0,

    /* U+F204 "" */
    0x0, 0x0, 0x1, 0x22, 0x22, 0x21, 0x10, 0x0,
    0x0, 0x0, 0x18, 0xef, 0xff, 0xff, 0xff, 0xfe,
    0x81, 0x0, 0x2, 0xef, 0xff, 0xee, 0xee, 0xee,
    0xff, 0xfd, 0x20, 0xd, 0xfc, 0x30, 0x0, 0x0,
    0x0, 0x3, 0xcf, 0xd0, 0x7f, 0xc1, 0xaf, 0xfa,
    0x0, 0x0, 0x0, 0xd, 0xf7, 0xdf, 0x4a, 0xff,
    0xff, 0x90, 0x0, 0x0, 0x4, 0xfc, 0xff, 0xf,
    0xff, 0xff, 0xe0, 0x0, 0x0, 0x0, 0xff, 0xff,
    0xe, 0xff, 0xff, 0xe0, 0x0, 0x0, 0x1, 0xfe,
    0xcf, 0x57, 0xff, 0xff, 0x70, 0x0, 0x0, 0x5,
    0xfc, 0x6f, 0xe1, 0x6c, 0xc6, 0x0, 0x0, 0x0,
    0x1e, 0xf6, 0xc, 0xfe, 0x61, 0x11, 0x11, 0x11,
    0x16, 0xef, 0xc0, 0x1, 0xcf, 0xff, 0xff, 0xff,
    0xff, 0xff, 0xfc, 0x10, 0x0, 0x6, 0xbe, 0xff,
    0xff, 0xff, 0xeb, 0x60, 0x0,

    /* U+F205 "" */
    0x0, 0x0, 0x0, 0x11, 0x11, 0x10, 0x0, 0x0,
    0x0, 0x0, 0x8, 0xdf, 0xff, 0xff, 0xff, 0xfd,
    0x70, 0x0, 0x2, 0xdf, 0xff, 0xff, 0xff, 0xff,
    0xff, 0xfd, 0x20, 0xd, 0xff, 0xff, 0xff, 0xff,
    0xff, 0xff, 0xff, 0xd0, 0x7f, 0xff, 0xff, 0xff,
    0xff, 0x60, 0x6, 0xff, 0xf7, 0xdf, 0xff, 0xff,
    0xff, 0xf6, 0x0, 0x0, 0x6f, 0xfc, 0xff, 0xff,
    0xff, 0xff, 0xf1, 0x0, 0x0, 0x1f, 0xff, 0xff,
    0xff, 0xff, 0xff, 0xf1, 0x0, 0x0, 0x1f, 0xfe,
    0xcf, 0xff, 0xff, 0xff, 0xf7, 0x0, 0x0, 0x8f,
    0xfc, 0x6f, 0xff, 0xff, 0xff, 0xff, 0x82, 0x28,
    0xff, 0xf6, 0xc, 0xff, 0xff, 0xff, 0xff, 0xff,
    0xff, 0xff, 0xc0, 0x1, 0xcf, 0xff, 0xff, 0xff,
    0xff, 0xff, 0xfc, 0x10, 0x0, 0x6, 0xce, 0xff,
    0xff, 0xff, 0xeb, 0x60, 0x0,

    /* U+F2D3 "" */
    0x4, 0x66, 0x66, 0x66, 0x66, 0x66, 0x51, 0x8,
    0xff, 0xff, 0xff, 0xff, 0xff, 0xff, 0xe1, 0xff,
    0xff, 0xff, 0xff, 0xff, 0xff, 0xff, 0x6f, 0xff,
    0xff, 0xff, 0xff, 0xff, 0xff, 0xf7, 0xff, 0xff,
    0xff, 0xff, 0xff, 0xff, 0xff, 0x7f, 0xff, 0xf9,
    0x2e, 0xf8, 0x2f, 0xff, 0xf7, 0xff, 0xff, 0xc0,
    0x27, 0x5, 0xff, 0xff, 0x7f, 0xff, 0xff, 0xb0,
    0x4, 0xff, 0xff, 0xf7, 0xff, 0xff, 0xf8, 0x0,
    0x2e, 0xff, 0xff, 0x7f, 0xff, 0xfa, 0x4, 0xb0,
    0x2f, 0xff, 0xf7, 0xff, 0xff, 0xb6, 0xff, 0xb6,
    0xff, 0xff, 0x7f, 0xff, 0xff, 0xff, 0xff, 0xff,
    0xff, 0xf7, 0xff, 0xff, 0xff, 0xff, 0xff, 0xff,
    0xff, 0x7e, 0xff, 0xff, 0xff, 0xff, 0xff, 0xff,
    0xf6, 0x5f, 0xff, 0xff, 0xff, 0xff, 0xff, 0xfc,
    0x0, 0x2, 0x22, 0x22, 0x22, 0x22, 0x21, 0x0,

    /* U+F2EA "" */
    0x0, 0x0, 0x0, 0x13, 0x20, 0x0, 0x0, 0x0,
    0x84, 0x0, 0x6d, 0xff, 0xff, 0xb3, 0x0, 0x0,
    0xff, 0x6c, 0xff, 0xfe, 0xef, 0xff, 0x70, 0x0,
    0xff, 0xff, 0xe6, 0x0, 0x2, 0x9f, 0xf6, 0x0,
    0xff, 0xff, 0x60, 0x0, 0x0, 0x6, 0xff, 0x20,
    0xff, 0xff, 0xf4, 0x0, 0x0, 0x0, 0xaf, 0x80,
    0xdf, 0xff, 0xf9, 0x0, 0x0, 0x0, 0x3f, 0xd0,
    0x0, 0x0, 0x0, 0x0, 0x0, 0x0, 0xf, 0xf0,
    0x0, 0x0, 0x0, 0x0, 0x0, 0x0, 0xf, 0xf0,
    0x0, 0x0, 0x0, 0x0, 0x0, 0x0, 0x4f, 0xd0,
    0x0, 0x0, 0x0, 0x0, 0x0, 0x0, 0xbf, 0x80,
    0x0, 0x3a, 0x20, 0x0, 0x0, 0x8, 0xff, 0x10,
    0x0, 0x9f, 0xf7, 0x10, 0x3, 0xbf, 0xf5, 0x0,
    0x0, 0x1b, 0xff, 0xff, 0xff, 0xff, 0x60, 0x0,
    0x0, 0x0, 0x5c, 0xff, 0xfe, 0x92, 0x0, 0x0,
    0x0, 0x0, 0x0, 0x1, 0x10, 0x0, 0x0, 0x0,

    /* U+F2F9 "" */
    0x0, 0x0, 0x0, 0x23, 0x10, 0x0, 0x0, 0x0,
    0x0, 0x2, 0xaf, 0xff, 0xfd, 0x70, 0x4, 0x90,
    0x0, 0x6f, 0xff, 0xee, 0xff, 0xfc, 0x6f, 0xf0,
    0x6, 0xff, 0xa2, 0x0, 0x6, 0xef, 0xff, 0xf0,
    0x1f, 0xf7, 0x0, 0x0, 0x0, 0x6f, 0xff, 0xf0,
    0x8f, 0xb0, 0x0, 0x0, 0x4, 0xff, 0xff, 0xf0,
    0xdf, 0x40, 0x0, 0x0, 0x8, 0xff, 0xff, 0xd0,
    0xff, 0x10, 0x0, 0x0, 0x0, 0x0, 0x0, 0x0,
    0xff, 0x10, 0x0, 0x0, 0x0, 0x0, 0x0, 0x0,
    0xdf, 0x40, 0x0, 0x0, 0x0, 0x0, 0x0, 0x0,
    0x8f, 0xc0, 0x0, 0x0, 0x0, 0x0, 0x0, 0x0,
    0x1f, 0xf8, 0x0, 0x0, 0x0, 0x2a, 0x40, 0x0,
    0x5, 0xff, 0xb3, 0x0, 0x17, 0xef, 0xa0, 0x0,
    0x0, 0x5f, 0xff, 0xff, 0xff, 0xfc, 0x10, 0x0,
    0x0, 0x2, 0x9e, 0xff, 0xfc, 0x60, 0x0, 0x0,
    0x0, 0x0, 0x0, 0x11, 0x0, 0x0, 0x0, 0x0,

    /* U+F4EE "" */
    0x0, 0x0, 0x0, 0x0, 0x0, 0x98, 0x10, 0x0,
    0x0, 0x0, 0x0, 0x0, 0x0, 0xe, 0xfe, 0x40,
    0x0, 0x0, 0x0, 0x0, 0x0, 0x0, 0xaf, 0xdf,
    0x40, 0x0, 0x0, 0x0, 0x0, 0x0, 0x9, 0xf2,
    0xdf, 0x10, 0x0, 0x0, 0x0, 0x0, 0x0, 0xbf,
    0x3, 0xf9, 0x0, 0x0, 0x0, 0x0, 0x0, 0xf,
    0xc0, 0xc, 0xe0, 0x0, 0x0, 0x0, 0x0, 0x7,
    0xf6, 0x0, 0x9f, 0x20, 0x0, 0x0, 0x0, 0x4,
    0xfc, 0x0, 0x7, 0xf3, 0x0, 0x0, 0x0, 0x8,
    0xfe, 0x10, 0x0, 0x9f, 0x20, 0xdd, 0x99, 0xbf,
    0xfc, 0x10, 0x0, 0xd, 0xf0, 0xe, 0xff, 0xff,
    0xc6, 0x0, 0x0, 0x4, 0xfb, 0x0, 0x7f, 0xc2,
    0x0, 0x0, 0x0, 0x1, 0xdf, 0x30, 0x0, 0xcf,
    0xa0, 0x0, 0x0, 0x1, 0xcf, 0x80, 0x0, 0x1,
    0xcf, 0xe7, 0x32, 0x48, 0xff, 0x90, 0x0, 0x0,
    0x0, 0x7f, 0xff, 0xff, 0xfe, 0x50, 0x0, 0x0,
    0x0, 0x0, 0x4, 0x78, 0x73, 0x0, 0x0, 0x0,

    /* U+F522 "" */
    0x0, 0x0, 0x0, 0x0, 0x0, 0x0, 0x0, 0x0,
    0x0, 0x0, 0x0, 0x0, 0x0, 0xdb, 0x0, 0x0,
    0x0, 0x0, 0x0, 0x0, 0x0, 0x0, 0xec, 0x0,
    0x0, 0x0, 0x0, 0x0, 0x39, 0x0, 0x0, 0xdb,
    0x0, 0x0, 0x93, 0x0, 0x0, 0x6f, 0xb0, 0x0,
    0x11, 0x0, 0xc, 0xf6, 0x0, 0x0, 0x9, 0xf1,
    0x5, 0x99, 0x50, 0x3f, 0x90, 0x0, 0x0, 0x0,
    0x1, 0xcf, 0xff, 0xfc, 0x11, 0x0, 0x0, 0x0,
    0x0, 0xc, 0xf9, 0x22, 0x9f, 0xc0, 0x0, 0x0,
    0x0, 0x0, 0x4f, 0xa0, 0x0, 0xa, 0xf4, 0x0,
    0x0, 0xcf, 0xf3, 0x7f, 0x40, 0x0, 0x4, 0xf7,
    0x3f, 0xfc, 0x8b, 0xb2, 0x7f, 0x40, 0x0, 0x4,
    0xf7, 0x2b, 0xb8, 0x0, 0x0, 0x3f, 0xa0, 0x0,
    0xa, 0xf3, 0x0, 0x0, 0x0, 0x0, 0xb, 0xfa,
    0x33, 0xaf, 0xb0, 0x0, 0x0, 0x0, 0x0, 0x11,
    0xcf, 0xff, 0xfc, 0x11, 0x0, 0x0, 0x0, 0xa,
    0xf2, 0x4, 0x88, 0x40, 0x2f, 0xa0, 0x0, 0x0,
    0x7f, 0x90, 0x0, 0x43, 0x0, 0x9, 0xf7, 0x0,
    0x0, 0x25, 0x0, 0x0, 0xec, 0x0, 0x0, 0x52,
    0x0, 0x0, 0x0, 0x0, 0x0, 0xec, 0x0, 0x0,
    0x0, 0x0, 0x0, 0x0, 0x0, 0x0, 0x97, 0x0,
    0x0, 0x0, 0x0,

    /* U+F01EA "󰇪" */
    0x0, 0x0, 0x1, 0x0, 0x0, 0x0, 0x0, 0x5,
    0xc0, 0x0, 0x0, 0x0, 0x1, 0xef, 0x70, 0x0,
    0x0, 0x0, 0xaf, 0xff, 0x20, 0x0, 0x0, 0x5f,
    0xff, 0xfc, 0x0, 0x0, 0x1e, 0xff, 0xff, 0xf7,
    0x0, 0xa, 0xff, 0xff, 0xff, 0xf2, 0x5, 0xff,
    0xff, 0xff, 0xff, 0xc0, 0x11, 0x11, 0x11, 0x11,
    0x11, 0x5, 0x55, 0x55, 0x55, 0x55, 0x52, 0xff,
    0xff, 0xff, 0xff, 0xff, 0x72, 0x22, 0x22, 0x22,
    0x22, 0x20,

    /* U+F0311 "󰌑" */
    0x0, 0x0, 0x17, 0x0, 0x0, 0x0, 0x0, 0x0,
    0x0, 0x1, 0xcf, 0x20, 0x0, 0x0, 0x6, 0xf1,
    0x0, 0x1c, 0xf4, 0x0, 0x0, 0x0, 0x6, 0xf1,
    0x1, 0xcf, 0x40, 0x0, 0x0, 0x0, 0x6, 0xf1,
    0xc, 0xff, 0xff, 0xff, 0xff, 0xff, 0xff, 0xf1,
    0x7, 0xff, 0x88, 0x88, 0x88, 0x88, 0x88, 0x80,
    0x0, 0x7f, 0xa0, 0x0, 0x0, 0x0, 0x0, 0x0,
    0x0, 0x7, 0xfa, 0x0, 0x0, 0x0, 0x0, 0x0,
    0x0, 0x0, 0x7e, 0x20, 0x0, 0x0, 0x0, 0x0,
    0x0, 0x0, 0x1, 0x0, 0x0, 0x0, 0x0, 0x0,

    /* U+F0312 "󰌒" */
    0x0, 0x0, 0x0, 0x0, 0x37, 0x0, 0x0, 0x7c,
    0x0, 0x0, 0x0, 0x0, 0x8f, 0x80, 0x0, 0x8e,
    0x0, 0x0, 0x0, 0x0, 0x9, 0xf8, 0x0, 0x8e,
    0x11, 0x11, 0x11, 0x11, 0x11, 0xaf, 0x80, 0x8e,
    0xdf, 0xff, 0xff, 0xff, 0xff, 0xff, 0xf6, 0x8e,
    0x56, 0x66, 0x66, 0x66, 0x66, 0xaf, 0xc0, 0x8e,
    0x0, 0x0, 0x0, 0x0, 0x4, 0xfc, 0x0, 0x8e,
    0x0, 0x0, 0x0, 0x0, 0x5f, 0xc0, 0x0, 0x8e,
    0x0, 0x0, 0x0, 0x0, 0x7c, 0x0, 0x0, 0x8e,
    0x0, 0x0, 0x0, 0x0, 0x0, 0x0, 0x0, 0x12,

    /* U+F0379 "󰍹" */
    0x28, 0x88, 0x88, 0x88, 0x88, 0x88, 0x88, 0x86,
    0xd, 0xff, 0xff, 0xff, 0xff, 0xff, 0xff, 0xff,
    0xf6, 0xf8, 0x0, 0x0, 0x0, 0x0, 0x0, 0x0,
    0xf, 0x8f, 0x80, 0x0, 0x0, 0x0, 0x0, 0x0,
    0x0, 0xf8, 0xf8, 0x0, 0x0, 0x0, 0x0, 0x0,
    0x0, 0xf, 0x8f, 0x80, 0x0, 0x0, 0x0, 0x0,
    0x0, 0x0, 0xf8, 0xf8, 0x0, 0x0, 0x0, 0x0,
    0x0, 0x0, 0xf, 0x8f, 0x80, 0x0, 0x0, 0x0,
    0x0, 0x0, 0x0, 0xf8, 0xf8, 0x0, 0x0, 0x0,
    0x0, 0x0, 0x0, 0xf, 0x8f, 0x80, 0x0, 0x0,
    0x0, 0x0, 0x0, 0x0, 0xf8, 0xf8, 0x0, 0x0,
    0x0, 0x0, 0x0, 0x0, 0xf, 0x8d, 0xff, 0xff,
    0xff, 0xff, 0xff, 0xff, 0xff, 0xf5, 0x16, 0x77,
    0x77, 0xaf, 0xfc, 0x77, 0x77, 0x75, 0x0, 0x0,
    0x0, 0x17, 0xff, 0xa1, 0x0, 0x0, 0x0, 0x0,
    0x0, 0xe, 0xff, 0xff, 0xf1, 0x0, 0x0, 0x0,
    0x0, 0x0, 0x55, 0x55, 0x55, 0x0, 0x0, 0x0,

    /* U+F0387 "󰎇" */
    0x0, 0x0, 0x7f, 0xff, 0xf0, 0x0, 0x7, 0xff,
    0xff, 0x0, 0x0, 0x7f, 0xff, 0xf0, 0x0, 0x7,
    0xf0, 0x0, 0x0, 0x0, 0x7f, 0x0, 0x0, 0x0,
    0x7, 0xf0, 0x0, 0x0, 0x0, 0x7f, 0x0, 0x0,
    0x1, 0x17, 0xf0, 0x0, 0x1b, 0xff, 0xef, 0x0,
    0xa, 0xff, 0xff, 0xf0, 0x0, 0xef, 0xff, 0xff,
    0x0, 0xe, 0xff, 0xff, 0xe0, 0x0, 0x7f, 0xff,
    0xf6, 0x0, 0x0, 0x6c, 0xb5, 0x0, 0x0,

    /* U+F03E4 "󰏤" */
    0x55, 0x50, 0x0, 0x55, 0x5f, 0xff, 0x0, 0xf,
    0xff, 0xff, 0xf0, 0x0, 0xff, 0xff, 0xff, 0x0,
    0xf, 0xff, 0xff, 0xf0, 0x0, 0xff, 0xff, 0xff,
    0x0, 0xf, 0xff, 0xff, 0xf0, 0x0, 0xff, 0xff,
    0xff, 0x0, 0xf, 0xff, 0xff, 0xf0, 0x0, 0xff,
    0xff, 0xff, 0x0, 0xf, 0xff, 0xff, 0xf0, 0x0,
    0xff, 0xf1, 0x11, 0x0, 0x1, 0x11,

    /* U+F0425 "󰐥" */
    0x0, 0x0, 0x4, 0x70, 0x0, 0x0, 0x0, 0x0,
    0x0, 0x8e, 0x0, 0x0, 0x0, 0x0, 0x60, 0x8,
    0xe0, 0x5, 0x10, 0x0, 0x9f, 0x60, 0x8e, 0x2,
    0xfd, 0x10, 0x4f, 0x80, 0x8, 0xe0, 0x2, 0xfa,
    0xb, 0xe0, 0x0, 0x8e, 0x0, 0x7, 0xf2, 0xe9,
    0x0, 0x8, 0xe0, 0x0, 0x3f, 0x5f, 0x80, 0x0,
    0x8e, 0x0, 0x2, 0xf6, 0xdb, 0x0, 0x0, 0x0,
    0x0, 0x5f, 0x37, 0xf3, 0x0, 0x0, 0x0, 0xc,
    0xd0, 0xd, 0xe3, 0x0, 0x0, 0xa, 0xf5, 0x0,
    0x2d, 0xfb, 0x76, 0x9e, 0xf6, 0x0, 0x0, 0x8,
    0xef, 0xff, 0xa3, 0x0, 0x0, 0x0, 0x0, 0x1,
    0x0, 0x0, 0x0,

    /* U+F04AD "󰒭" */
    0x70, 0x0, 0x0, 0x6, 0xdf, 0xc2, 0x0, 0x0,
    0x8f, 0xff, 0xf5, 0x0, 0x8, 0xff, 0xff, 0xfa,
    0x10, 0x8f, 0xff, 0xff, 0xfe, 0x18, 0xff, 0xff,
    0xfe, 0x40, 0x8f, 0xff, 0xfa, 0x10, 0x8, 0xff,
    0xf6, 0x0, 0x0, 0x8f, 0xc2, 0x0, 0x0, 0x8,
    0xf0, 0x0, 0x0, 0x0, 0x12,

    /* U+F04AE "󰒮" */
    0xd6, 0x0, 0x0, 0x0, 0x7f, 0x80, 0x0, 0x2,
    0xcf, 0xf8, 0x0, 0x5, 0xff, 0xff, 0x80, 0x1a,
    0xff, 0xff, 0xf8, 0x1e, 0xff, 0xff, 0xff, 0x80,
    0x4e, 0xff, 0xff, 0xf8, 0x0, 0x1a, 0xff, 0xff,
    0x80, 0x0, 0x6, 0xff, 0xf8, 0x0, 0x0, 0x2,
    0xc2, 0x10, 0x0, 0x0, 0x0,

    /* U+F04B2 "󰒲" */
    0x0, 0x0, 0x0, 0x0, 0x0, 0x0, 0x0, 0x0,
    0x0, 0x0, 0x0, 0x0, 0x0, 0x0, 0xf, 0xff,
    0xf8, 0x0, 0x0, 0x0, 0x0, 0x0, 0x0, 0x77,
    0xdf, 0x60, 0x0, 0x0, 0x0, 0x0, 0x0, 0x0,
    0x5f, 0xa0, 0x0, 0x0, 0x0, 0xff, 0xff, 0x80,
    0x3f, 0xc0, 0x0, 0x0, 0x0, 0x7, 0x7d, 0xf6,
    0xe, 0xfa, 0x84, 0x0, 0x0, 0x0, 0x5, 0xfa,
    0x0, 0xef, 0xff, 0x8f, 0xff, 0xf8, 0x3, 0xfc,
    0x0, 0x0, 0x0, 0x0, 0x77, 0xdf, 0x60, 0xef,
    0x98, 0x40, 0x0, 0x0, 0x0, 0x5f, 0x90, 0xf,
    0xff, 0xf7, 0x0, 0x0, 0x0, 0x3f, 0xb0, 0x0,
    0x0, 0x0, 0x0, 0x0, 0x0, 0xe, 0xfa, 0x94,
    0x0, 0x0, 0x0, 0x0, 0x0, 0x0, 0xff, 0xff,
    0x70, 0x0, 0x0, 0x0, 0x0, 0x0, 0x0,

    /* U+F04B3 "󰒳" */
    0xa, 0x30, 0x0, 0x0, 0x0, 0x0, 0xef, 0xff,
    0x80, 0xbf, 0x30, 0x0, 0x0, 0x0, 0x8, 0x9d,
    0xf7, 0x0, 0xbf, 0x30, 0x0, 0x0, 0x0, 0x4,
    0xfb, 0x0, 0x0, 0xbf, 0x31, 0xce, 0xe7, 0x2,
    0xed, 0x0, 0x0, 0x0, 0xbf, 0x31, 0xdf, 0x60,
    0xdf, 0x97, 0x30, 0x0, 0x0, 0xbf, 0x31, 0x80,
    0xf, 0xff, 0xf8, 0xff, 0xff, 0x70, 0xbf, 0x30,
    0x0, 0x1, 0x11, 0x9, 0x9d, 0xf6, 0xd, 0xff,
    0x30, 0x0, 0x0, 0x0, 0x4, 0xfb, 0x0, 0xff,
    0xff, 0x30, 0x0, 0x0, 0x2, 0xec, 0x0, 0x0,
    0x0, 0xbf, 0x40, 0x0, 0x0, 0xef, 0x97, 0x30,
    0x0, 0x0, 0xaf, 0x40, 0x0, 0xf, 0xff, 0xf8,
    0x0, 0x0, 0x0, 0xaf, 0x40, 0x0, 0x0, 0x0,
    0x0, 0x0, 0x0, 0x0, 0xaf, 0x10, 0x0, 0x0,
    0x0, 0x0, 0x0, 0x0, 0x0, 0x30, 0x0,

    /* U+F04DB "󰓛" */
    0xdd, 0xdd, 0xdd, 0xdd, 0xdf, 0xff, 0xff, 0xff,
    0xff, 0xff, 0xff, 0xff, 0xff, 0xff, 0xff, 0xff,
    0xff, 0xff, 0xff, 0xff, 0xff, 0xff, 0xff, 0xff,
    0xff, 0xff, 0xff, 0xff, 0xff, 0xff, 0xff, 0xff,
    0xff, 0xff, 0xff, 0xff, 0xff, 0xff, 0xff, 0xff,
    0xf2, 0x22, 0x22, 0x22, 0x22,

    /* U+F0634 "󰘴" */
    0x0, 0x0, 0x4, 0x10, 0x0, 0x0, 0x0, 0x0,
    0x4f, 0xd1, 0x0, 0x0, 0x0, 0x4, 0xfd, 0xfd,
    0x10, 0x0, 0x0, 0x4f, 0xd1, 0x4f, 0xd1, 0x0,
    0x4, 0xfd, 0x10, 0x4, 0xfd, 0x10, 0x4f, 0xd1,
    0x0, 0x0, 0x4f, 0xd1, 0xbd, 0x10, 0x0, 0x0,
    0x4, 0xf5, 0x1, 0x0, 0x0, 0x0, 0x0, 0x10,

    /* U+F0635 "󰘵" */
    0x0, 0x0, 0x0, 0x0, 0x0, 0x0, 0x0, 0x3,
    0xff, 0xff, 0xa0, 0x0, 0xef, 0xff, 0xf5, 0x17,
    0x77, 0xaf, 0x20, 0x6, 0x77, 0x77, 0x20, 0x0,
    0x1, 0xfa, 0x0, 0x0, 0x0, 0x0, 0x0, 0x0,
    0x8, 0xf3, 0x0, 0x0, 0x0, 0x0, 0x0, 0x0,
    0x1f, 0xb0, 0x0, 0x0, 0x0, 0x0, 0x0, 0x0,
    0x8f, 0x30, 0x0, 0x0, 0x0, 0x0, 0x0, 0x1,
    0xfb, 0x0, 0x0, 0x0, 0x0, 0x0, 0x0, 0x8,
    0xf3, 0x0, 0x0, 0x0, 0x0, 0x0, 0x0, 0x1f,
    0xb0, 0x0, 0x0, 0x0, 0x0, 0x0, 0x0, 0x8f,
    0x30, 0x0, 0x0, 0x0, 0x0, 0x0, 0x1, 0xfd,
    0x99, 0x92, 0x0, 0x0, 0x0, 0x0, 0x8, 0xff,
    0xff, 0x40,

    /* U+F0636 "󰘶" */
    0x0, 0x0, 0x0, 0x0, 0x0, 0x0, 0x0, 0x0,
    0x0, 0x0, 0x0, 0x4, 0xc1, 0x0, 0x0, 0x0,
    0x0, 0x0, 0x0, 0x4f, 0xfc, 0x10, 0x0, 0x0,
    0x0, 0x0, 0x3, 0xfd, 0x6f, 0xc1, 0x0, 0x0,
    0x0, 0x0, 0x3f, 0xd1, 0x4, 0xfc, 0x0, 0x0,
    0x0, 0x3, 0xfd, 0x10, 0x0, 0x4f, 0xc0, 0x0,
    0x0, 0x3f, 0xd2, 0x0, 0x0, 0x5, 0xfc, 0x0,
    0x3, 0xff, 0xff, 0x10, 0x0, 0x7f, 0xff, 0xc0,
    0x6, 0x77, 0xbf, 0x10, 0x0, 0x7f, 0x87, 0x74,
    0x0, 0x0, 0x7f, 0x10, 0x0, 0x7f, 0x10, 0x0,
    0x0, 0x0, 0x7f, 0x10, 0x0, 0x7f, 0x10, 0x0,
    0x0, 0x0, 0x7f, 0x99, 0x99, 0xcf, 0x10, 0x0,
    0x0, 0x0, 0x6f, 0xff, 0xff, 0xff, 0x10, 0x0,

    /* U+F0B5C "󰭜" */
    0x0, 0x0, 0xaf, 0xff, 0xff, 0xff, 0xff, 0xff,
    0xe7, 0x0, 0x7, 0xf9, 0x99, 0x99, 0x99, 0x99,
    0x99, 0xcf, 0x0, 0x2f, 0x90, 0x0, 0x0, 0x0,
    0x0, 0x0, 0x8f, 0x0, 0xce, 0x0, 0x9, 0x40,
    0x0, 0x49, 0x0, 0x8f, 0x7, 0xf4, 0x0, 0xc,
    0xf4, 0x4, 0xfc, 0x0, 0x8f, 0x2f, 0x90, 0x0,
    0x1, 0xcf, 0x8f, 0xc1, 0x0, 0x8f, 0xce, 0x0,
    0x0, 0x0, 0xd, 0xfd, 0x10, 0x0, 0x8f, 0x8f,
    0x30, 0x0, 0x0, 0x4f, 0xff, 0x40, 0x0, 0x8f,
    0xd, 0xd0, 0x0, 0x4, 0xfc, 0x2c, 0xf4, 0x0,
    0x8f, 0x3, 0xf8, 0x0, 0x1f, 0xc1, 0x1, 0xce,
    0x0, 0x8f, 0x0, 0x8f, 0x30, 0x3, 0x10, 0x0,
    0x13, 0x0, 0x8f, 0x0, 0xd, 0xd0, 0x0, 0x0,
    0x0, 0x0, 0x0, 0x8f, 0x0, 0x3, 0xff, 0xff,
    0xff, 0xff, 0xff, 0xff, 0xfe, 0x0, 0x0, 0x48,
    0x88, 0x88, 0x88, 0x88, 0x88, 0x82,

    /* U+F0BEA "󰯪" */
    0x0, 0x0, 0x0, 0xe, 0x90, 0x0, 0x0, 0x0,
    0x0, 0x0, 0x0, 0xe, 0x90, 0x0, 0x0, 0x0,
    0x0, 0xc9, 0x0, 0x3, 0x20, 0x0, 0xba, 0x0,
    0x0, 0x8f, 0x33, 0xbf, 0xea, 0x25, 0xf6, 0x0,
    0x0, 0x2, 0x6f, 0xe9, 0x9e, 0xf4, 0x20, 0x0,
    0x0, 0x1, 0xfb, 0x0, 0x1, 0xde, 0x0, 0x0,
    0x0, 0x6, 0xf2, 0x0, 0x0, 0x5f, 0x40, 0x0,
    0xff, 0x49, 0xf0, 0x0, 0x0, 0x1f, 0x65, 0xfe,
    0x99, 0x29, 0xe0, 0x0, 0x0, 0x1f, 0x73, 0x98,
    0x0, 0x9, 0xe0, 0x0, 0x0, 0x1f, 0x70, 0x0,
    0x0, 0x9, 0xe0, 0x0, 0x0, 0x1f, 0x70, 0x0,
    0x0, 0x9, 0xe0, 0x0, 0x0, 0x1f, 0x70, 0x0,
    0x0, 0x9, 0xfe, 0xee, 0xee, 0xef, 0x70, 0x0,
    0x0, 0x5, 0xaa, 0xaa, 0xaa, 0xaa, 0x40, 0x0,
    0x0, 0x38, 0x88, 0x88, 0x88, 0x88, 0x82, 0x0,
    0x0, 0xef, 0xff, 0xff, 0xff, 0xff, 0xfd, 0x0,

    /* U+F1050 "󱁐" */
    0x73, 0x0, 0x0, 0x0, 0x0, 0x0, 0x73, 0xf8,
    0x0, 0x0, 0x0, 0x0, 0x0, 0xf8, 0xf8, 0x0,
    0x0, 0x0, 0x0, 0x0, 0xf8, 0xfb, 0x77, 0x77,
    0x77, 0x77, 0x77, 0xf7, 0x9f, 0xff, 0xff, 0xff,
    0xff, 0xff, 0xe2, 0x0, 0x0, 0x0, 0x0, 0x0,
    0x0, 0x0,

    /* U+F1356 "󱍖" */
    0x0, 0x0, 0x0, 0x97, 0x0, 0x3a, 0x0, 0x0,
    0x0, 0x5, 0x90, 0x0, 0xea, 0x0, 0x4f, 0x10,
    0x9, 0x50, 0x8, 0xf7, 0x0, 0x85, 0x0, 0x28,
    0x0, 0x7f, 0x80, 0x0, 0x61, 0x0, 0x0, 0x0,
    0x0, 0x0, 0x16, 0x0, 0x0, 0x0, 0xaf, 0xff,
    0xff, 0xff, 0xfa, 0x0, 0x0, 0x77, 0x13, 0xfa,
    0x88, 0x88, 0x88, 0xaf, 0x31, 0x77, 0xff, 0x43,
    0xf3, 0x0, 0x0, 0x0, 0x3f, 0x33, 0xff, 0x0,
    0x3, 0xf3, 0x0, 0x0, 0x0, 0x3f, 0x30, 0x0,
    0x0, 0x3, 0xf3, 0x0, 0x0, 0x0, 0x3f, 0x30,
    0x0, 0xbb, 0x23, 0xf3, 0x0, 0x0, 0x0, 0x3f,
    0x32, 0xbb, 0xff, 0x33, 0xf4, 0x0, 0x0, 0x0,
    0x4f, 0x33, 0xff, 0x0, 0x1, 0xff, 0xff, 0xff,
    0xff, 0xff, 0x10, 0x0, 0x0, 0x0, 0x37, 0x7f,
    0xff, 0xfa, 0x73, 0x0, 0x0, 0x2, 0xd6, 0x0,
    0x1f, 0xff, 0xf6, 0x0, 0x6d, 0x20, 0xa, 0xe3,
    0x0, 0x0, 0x0, 0x0, 0x0, 0x3e, 0xa0, 0x0,
    0x20, 0x0, 0x0, 0x0, 0x0, 0x0, 0x2, 0x0
};


/*---------------------
 *  GLYPH DESCRIPTION
 *--------------------*/

static const lv_font_fmt_txt_glyph_dsc_t glyph_dsc[] = {
    {.bitmap_index = 0, .adv_w = 0, .box_w = 0, .box_h = 0, .ofs_x = 0, .ofs_y = 0} /* id = 0 reserved */,
    {.bitmap_index = 0, .adv_w = 77, .box_w = 0, .box_h = 0, .ofs_x = 0, .ofs_y = 0},
    {.bitmap_index = 0, .adv_w = 77, .box_w = 3, .box_h = 13, .ofs_x = 1, .ofs_y = 0},
    {.bitmap_index = 20, .adv_w = 113, .box_w = 5, .box_h = 6, .ofs_x = 1, .ofs_y = 7},
    {.bitmap_index = 35, .adv_w = 202, .box_w = 13, .box_h = 13, .ofs_x = 0, .ofs_y = 0},
    {.bitmap_index = 120, .adv_w = 179, .box_w = 11, .box_h = 18, .ofs_x = 0, .ofs_y = -2},
    {.bitmap_index = 219, .adv_w = 243, .box_w = 15, .box_h = 13, .ofs_x = 0, .ofs_y = 0},
    {.bitmap_index = 317, .adv_w = 198, .box_w = 13, .box_h = 14, .ofs_x = 0, .ofs_y = -1},
    {.bitmap_index = 408, .adv_w = 60, .box_w = 2, .box_h = 6, .ofs_x = 1, .ofs_y = 7},
    {.bitmap_index = 414, .adv_w = 97, .box_w = 5, .box_h = 18, .ofs_x = 1, .ofs_y = -4},
    {.bitmap_index = 459, .adv_w = 97, .box_w = 5, .box_h = 18, .ofs_x = 0, .ofs_y = -4},
    {.bitmap_index = 504, .adv_w = 115, .box_w = 7, .box_h = 7, .ofs_x = 0, .ofs_y = 7},
    {.bitmap_index = 529, .adv_w = 144, .box_w = 7, .box_h = 8, .ofs_x = 1, .ofs_y = 2},
    {.bitmap_index = 557, .adv_w = 65, .box_w = 4, .box_h = 6, .ofs_x = 0, .ofs_y = -3},
    {.bitmap_index = 569, .adv_w = 110, .box_w = 5, .box_h = 2, .ofs_x = 1, .ofs_y = 4},
    {.bitmap_index = 574, .adv_w = 65, .box_w = 4, .box_h = 3, .ofs_x = 0, .ofs_y = 0},
    {.bitmap_index = 580, .adv_w = 101, .box_w = 8, .box_h = 18, .ofs_x = -1, .ofs_y = -2},
    {.bitmap_index = 652, .adv_w = 192, .box_w = 12, .box_h = 13, .ofs_x = 0, .ofs_y = 0},
    {.bitmap_index = 730, .adv_w = 107, .box_w = 5, .box_h = 13, .ofs_x = 0, .ofs_y = 0},
    {.bitmap_index = 763, .adv_w = 165, .box_w = 10, .box_h = 13, .ofs_x = 0, .ofs_y = 0},
    {.bitmap_index = 828, .adv_w = 165, .box_w = 10, .box_h = 13, .ofs_x = 0, .ofs_y = 0},
    {.bitmap_index = 893, .adv_w = 193, .box_w = 12, .box_h = 13, .ofs_x = 0, .ofs_y = 0},
    {.bitmap_index = 971, .adv_w = 165, .box_w = 10, .box_h = 13, .ofs_x = 0, .ofs_y = 0},
    {.bitmap_index = 1036, .adv_w = 178, .box_w = 11, .box_h = 13, .ofs_x = 0, .ofs_y = 0},
    {.bitmap_index = 1108, .adv_w = 172, .box_w = 11, .box_h = 13, .ofs_x = 0, .ofs_y = 0},
    {.bitmap_index = 1180, .adv_w = 185, .box_w = 11, .box_h = 13, .ofs_x = 0, .ofs_y = 0},
    {.bitmap_index = 1252, .adv_w = 178, .box_w = 11, .box_h = 13, .ofs_x = 0, .ofs_y = 0},
    {.bitmap_index = 1324, .adv_w = 65, .box_w = 4, .box_h = 10, .ofs_x = 0, .ofs_y = 0},
    {.bitmap_index = 1344, .adv_w = 65, .box_w = 4, .box_h = 13, .ofs_x = 0, .ofs_y = -3},
    {.bitmap_index = 1370, .adv_w = 168, .box_w = 9, .box_h = 9, .ofs_x = 1, .ofs_y = 2},
    {.bitmap_index = 1411, .adv_w = 168, .box_w = 9, .box_h = 7, .ofs_x = 1, .ofs_y = 3},
    {.bitmap_index = 1443, .adv_w = 168, .box_w = 9, .box_h = 9, .ofs_x = 1, .ofs_y = 2},
    {.bitmap_index = 1484, .adv_w = 165, .box_w = 10, .box_h = 13, .ofs_x = 0, .ofs_y = 0},
    {.bitmap_index = 1549, .adv_w = 298, .box_w = 18, .box_h = 17, .ofs_x = 0, .ofs_y = -4},
    {.bitmap_index = 1702, .adv_w = 211, .box_w = 15, .box_h = 13, .ofs_x = -1, .ofs_y = 0},
    {.bitmap_index = 1800, .adv_w = 218, .box_w = 12, .box_h = 13, .ofs_x = 1, .ofs_y = 0},
    {.bitmap_index = 1878, .adv_w = 205, .box_w = 13, .box_h = 13, .ofs_x = 0, .ofs_y = 0},
    {.bitmap_index = 1963, .adv_w = 238, .box_w = 13, .box_h = 13, .ofs_x = 1, .ofs_y = 0},
    {.bitmap_index = 2048, .adv_w = 193, .box_w = 11, .box_h = 13, .ofs_x = 1, .ofs_y = 0},
    {.bitmap_index = 2120, .adv_w = 183, .box_w = 10, .box_h = 13, .ofs_x = 1, .ofs_y = 0},
    {.bitmap_index = 2185, .adv_w = 222, .box_w = 13, .box_h = 13, .ofs_x = 0, .ofs_y = 0},
    {.bitmap_index = 2270, .adv_w = 234, .box_w = 12, .box_h = 13, .ofs_x = 1, .ofs_y = 0},
    {.bitmap_index = 2348, .adv_w = 89, .box_w = 3, .box_h = 13, .ofs_x = 1, .ofs_y = 0},
    {.bitmap_index = 2368, .adv_w = 148, .box_w = 9, .box_h = 13, .ofs_x = -1, .ofs_y = 0},
    {.bitmap_index = 2427, .adv_w = 207, .box_w = 12, .box_h = 13, .ofs_x = 1, .ofs_y = 0},
    {.bitmap_index = 2505, .adv_w = 171, .box_w = 10, .box_h = 13, .ofs_x = 1, .ofs_y = 0},
    {.bitmap_index = 2570, .adv_w = 275, .box_w = 15, .box_h = 13, .ofs_x = 1, .ofs_y = 0},
    {.bitmap_index = 2668, .adv_w = 234, .box_w = 12, .box_h = 13, .ofs_x = 1, .ofs_y = 0},
    {.bitmap_index = 2746, .adv_w = 242, .box_w = 15, .box_h = 13, .ofs_x = 0, .ofs_y = 0},
    {.bitmap_index = 2844, .adv_w = 208, .box_w = 12, .box_h = 13, .ofs_x = 1, .ofs_y = 0},
    {.bitmap_index = 2922, .adv_w = 242, .box_w = 15, .box_h = 16, .ofs_x = 0, .ofs_y = -3},
    {.bitmap_index = 3042, .adv_w = 209, .box_w = 12, .box_h = 13, .ofs_x = 1, .ofs_y = 0},
    {.bitmap_index = 3120, .adv_w = 179, .box_w = 11, .box_h = 13, .ofs_x = 0, .ofs_y = 0},
    {.bitmap_index = 3192, .adv_w = 169, .box_w = 11, .box_h = 13, .ofs_x = 0, .ofs_y = 0},
    {.bitmap_index = 3264, .adv_w = 228, .box_w = 12, .box_h = 13, .ofs_x = 1, .ofs_y = 0},
    {.bitmap_index = 3342, .adv_w = 205, .box_w = 14, .box_h = 13, .ofs_x = -1, .ofs_y = 0},
    {.bitmap_index = 3433, .adv_w = 324, .box_w = 20, .box_h = 13, .ofs_x = 0, .ofs_y = 0},
    {.bitmap_index = 3563, .adv_w = 194, .box_w = 12, .box_h = 13, .ofs_x = 0, .ofs_y = 0},
    {.bitmap_index = 3641, .adv_w = 186, .box_w = 13, .box_h = 13, .ofs_x = -1, .ofs_y = 0},
    {.bitmap_index = 3726, .adv_w = 189, .box_w = 12, .box_h = 13, .ofs_x = 0, .ofs_y = 0},
    {.bitmap_index = 3804, .adv_w = 96, .box_w = 5, .box_h = 18, .ofs_x = 1, .ofs_y = -4},
    {.bitmap_index = 3849, .adv_w = 101, .box_w = 8, .box_h = 18, .ofs_x = -1, .ofs_y = -2},
    {.bitmap_index = 3921, .adv_w = 96, .box_w = 5, .box_h = 18, .ofs_x = 0, .ofs_y = -4},
    {.bitmap_index = 3966, .adv_w = 168, .box_w = 9, .box_h = 8, .ofs_x = 1, .ofs_y = 3},
    {.bitmap_index = 4002, .adv_w = 144, .box_w = 9, .box_h = 2, .ofs_x = 0, .ofs_y = -2},
    {.bitmap_index = 4011, .adv_w = 173, .box_w = 5, .box_h = 3, .ofs_x = 2, .ofs_y = 11},
    {.bitmap_index = 4019, .adv_w = 172, .box_w = 10, .box_h = 10, .ofs_x = 0, .ofs_y = 0},
    {.bitmap_index = 4069, .adv_w = 196, .box_w = 11, .box_h = 14, .ofs_x = 1, .ofs_y = 0},
    {.bitmap_index = 4146, .adv_w = 164, .box_w = 10, .box_h = 10, .ofs_x = 0, .ofs_y = 0},
    {.bitmap_index = 4196, .adv_w = 196, .box_w = 11, .box_h = 14, .ofs_x = 0, .ofs_y = 0},
    {.bitmap_index = 4273, .adv_w = 176, .box_w = 11, .box_h = 10, .ofs_x = 0, .ofs_y = 0},
    {.bitmap_index = 4328, .adv_w = 102, .box_w = 7, .box_h = 14, .ofs_x = 0, .ofs_y = 0},
    {.bitmap_index = 4377, .adv_w = 199, .box_w = 11, .box_h = 14, .ofs_x = 0, .ofs_y = -4},
    {.bitmap_index = 4454, .adv_w = 196, .box_w = 10, .box_h = 14, .ofs_x = 1, .ofs_y = 0},
    {.bitmap_index = 4524, .adv_w = 80, .box_w = 3, .box_h = 14, .ofs_x = 1, .ofs_y = 0},
    {.bitmap_index = 4545, .adv_w = 82, .box_w = 6, .box_h = 18, .ofs_x = -2, .ofs_y = -4},
    {.bitmap_index = 4599, .adv_w = 177, .box_w = 11, .box_h = 14, .ofs_x = 1, .ofs_y = 0},
    {.bitmap_index = 4676, .adv_w = 80, .box_w = 3, .box_h = 14, .ofs_x = 1, .ofs_y = 0},
    {.bitmap_index = 4697, .adv_w = 304, .box_w = 17, .box_h = 10, .ofs_x = 1, .ofs_y = 0},
    {.bitmap_index = 4782, .adv_w = 196, .box_w = 10, .box_h = 10, .ofs_x = 1, .ofs_y = 0},
    {.bitmap_index = 4832, .adv_w = 183, .box_w = 11, .box_h = 10, .ofs_x = 0, .ofs_y = 0},
    {.bitmap_index = 4887, .adv_w = 196, .box_w = 11, .box_h = 14, .ofs_x = 1, .ofs_y = -4},
    {.bitmap_index = 4964, .adv_w = 196, .box_w = 11, .box_h = 14, .ofs_x = 0, .ofs_y = -4},
    {.bitmap_index = 5041, .adv_w = 118, .box_w = 6, .box_h = 10, .ofs_x = 1, .ofs_y = 0},
    {.bitmap_index = 5071, .adv_w = 144, .box_w = 9, .box_h = 10, .ofs_x = 0, .ofs_y = 0},
    {.bitmap_index = 5116, .adv_w = 119, .box_w = 7, .box_h = 12, .ofs_x = 0, .ofs_y = 0},
    {.bitmap_index = 5158, .adv_w = 195, .box_w = 10, .box_h = 10, .ofs_x = 1, .ofs_y = 0},
    {.bitmap_index = 5208, .adv_w = 161, .box_w = 12, .box_h = 10, .ofs_x = -1, .ofs_y = 0},
    {.bitmap_index = 5268, .adv_w = 259, .box_w = 17, .box_h = 10, .ofs_x = 0, .ofs_y = 0},
    {.bitmap_index = 5353, .adv_w = 159, .box_w = 10, .box_h = 10, .ofs_x = 0, .ofs_y = 0},
    {.bitmap_index = 5403, .adv_w = 161, .box_w = 12, .box_h = 14, .ofs_x = -1, .ofs_y = -4},
    {.bitmap_index = 5487, .adv_w = 150, .box_w = 9, .box_h = 10, .ofs_x = 0, .ofs_y = 0},
    {.bitmap_index = 5532, .adv_w = 101, .box_w = 5, .box_h = 18, .ofs_x = 1, .ofs_y = -4},
    {.bitmap_index = 5577, .adv_w = 86, .box_w = 3, .box_h = 18, .ofs_x = 1, .ofs_y = -4},
    {.bitmap_index = 5604, .adv_w = 101, .box_w = 6, .box_h = 18, .ofs_x = 0, .ofs_y = -4},
    {.bitmap_index = 5658, .adv_w = 168, .box_w = 9, .box_h = 5, .ofs_x = 1, .ofs_y = 4},
    {.bitmap_index = 5681, .adv_w = 121, .box_w = 7, .box_h = 7, .ofs_x = 0, .ofs_y = 6},
    {.bitmap_index = 5706, .adv_w = 144, .box_w = 9, .box_h = 9, .ofs_x = 0, .ofs_y = 2},
    {.bitmap_index = 5747, .adv_w = 144, .box_w = 7, .box_h = 10, .ofs_x = 1, .ofs_y = 2},
    {.bitmap_index = 5782, .adv_w = 218, .box_w = 14, .box_h = 13, .ofs_x = 0, .ofs_y = 0},
    {.bitmap_index = 5873, .adv_w = 211, .box_w = 12, .box_h = 13, .ofs_x = 1, .ofs_y = 0},
    {.bitmap_index = 5951, .adv_w = 215, .box_w = 12, .box_h = 13, .ofs_x = 1, .ofs_y = 0},
    {.bitmap_index = 6029, .adv_w = 166, .box_w = 10, .box_h = 13, .ofs_x = 1, .ofs_y = 0},
    {.bitmap_index = 6094, .adv_w = 232, .box_w = 14, .box_h = 16, .ofs_x = 0, .ofs_y = -3},
    {.bitmap_index = 6206, .adv_w = 192, .box_w = 11, .box_h = 13, .ofs_x = 1, .ofs_y = 0},
    {.bitmap_index = 6278, .adv_w = 296, .box_w = 19, .box_h = 13, .ofs_x = 0, .ofs_y = 0},
    {.bitmap_index = 6402, .adv_w = 182, .box_w = 11, .box_h = 13, .ofs_x = 0, .ofs_y = 0},
    {.bitmap_index = 6474, .adv_w = 237, .box_w = 12, .box_h = 13, .ofs_x = 1, .ofs_y = 0},
    {.bitmap_index = 6552, .adv_w = 237, .box_w = 12, .box_h = 17, .ofs_x = 1, .ofs_y = 0},
    {.bitmap_index = 6654, .adv_w = 205, .box_w = 12, .box_h = 13, .ofs_x = 1, .ofs_y = 0},
    {.bitmap_index = 6732, .adv_w = 228, .box_w = 13, .box_h = 13, .ofs_x = 0, .ofs_y = 0},
    {.bitmap_index = 6817, .adv_w = 277, .box_w = 15, .box_h = 13, .ofs_x = 1, .ofs_y = 0},
    {.bitmap_index = 6915, .adv_w = 236, .box_w = 12, .box_h = 13, .ofs_x = 1, .ofs_y = 0},
    {.bitmap_index = 6993, .adv_w = 244, .box_w = 15, .box_h = 13, .ofs_x = 0, .ofs_y = 0},
    {.bitmap_index = 7091, .adv_w = 236, .box_w = 12, .box_h = 13, .ofs_x = 1, .ofs_y = 0},
    {.bitmap_index = 7169, .adv_w = 206, .box_w = 12, .box_h = 13, .ofs_x = 1, .ofs_y = 0},
    {.bitmap_index = 7247, .adv_w = 207, .box_w = 13, .box_h = 13, .ofs_x = 0, .ofs_y = 0},
    {.bitmap_index = 7332, .adv_w = 174, .box_w = 11, .box_h = 13, .ofs_x = 0, .ofs_y = 0},
    {.bitmap_index = 7404, .adv_w = 199, .box_w = 13, .box_h = 14, .ofs_x = 0, .ofs_y = -1},
    {.bitmap_index = 7495, .adv_w = 267, .box_w = 16, .box_h = 15, .ofs_x = 0, .ofs_y = 0},
    {.bitmap_index = 7615, .adv_w = 192, .box_w = 12, .box_h = 13, .ofs_x = 0, .ofs_y = 0},
    {.bitmap_index = 7693, .adv_w = 239, .box_w = 14, .box_h = 16, .ofs_x = 1, .ofs_y = -3},
    {.bitmap_index = 7805, .adv_w = 207, .box_w = 11, .box_h = 13, .ofs_x = 0, .ofs_y = 0},
    {.bitmap_index = 7877, .adv_w = 315, .box_w = 17, .box_h = 13, .ofs_x = 1, .ofs_y = 0},
    {.bitmap_index = 7988, .adv_w = 323, .box_w = 19, .box_h = 16, .ofs_x = 1, .ofs_y = -3},
    {.bitmap_index = 8140, .adv_w = 238, .box_w = 15, .box_h = 13, .ofs_x = 0, .ofs_y = 0},
    {.bitmap_index = 8238, .adv_w = 286, .box_w = 15, .box_h = 13, .ofs_x = 1, .ofs_y = 0},
    {.bitmap_index = 8336, .adv_w = 205, .box_w = 12, .box_h = 13, .ofs_x = 1, .ofs_y = 0},
    {.bitmap_index = 8414, .adv_w = 204, .box_w = 12, .box_h = 13, .ofs_x = 0, .ofs_y = 0},
    {.bitmap_index = 8492, .adv_w = 317, .box_w = 18, .box_h = 13, .ofs_x = 1, .ofs_y = 0},
    {.bitmap_index = 8609, .adv_w = 211, .box_w = 11, .box_h = 13, .ofs_x = 1, .ofs_y = 0},
    {.bitmap_index = 8681, .adv_w = 170, .box_w = 10, .box_h = 10, .ofs_x = 0, .ofs_y = 0},
    {.bitmap_index = 8731, .adv_w = 191, .box_w = 11, .box_h = 15, .ofs_x = 1, .ofs_y = 0},
    {.bitmap_index = 8814, .adv_w = 177, .box_w = 10, .box_h = 10, .ofs_x = 1, .ofs_y = 0},
    {.bitmap_index = 8864, .adv_w = 141, .box_w = 8, .box_h = 10, .ofs_x = 1, .ofs_y = 0},
    {.bitmap_index = 8904, .adv_w = 191, .box_w = 12, .box_h = 13, .ofs_x = 0, .ofs_y = -3},
    {.bitmap_index = 8982, .adv_w = 181, .box_w = 11, .box_h = 10, .ofs_x = 0, .ofs_y = 0},
    {.bitmap_index = 9037, .adv_w = 245, .box_w = 16, .box_h = 10, .ofs_x = 0, .ofs_y = 0},
    {.bitmap_index = 9117, .adv_w = 157, .box_w = 9, .box_h = 10, .ofs_x = 0, .ofs_y = 0},
    {.bitmap_index = 9162, .adv_w = 200, .box_w = 10, .box_h = 10, .ofs_x = 1, .ofs_y = 0},
    {.bitmap_index = 9212, .adv_w = 200, .box_w = 10, .box_h = 14, .ofs_x = 1, .ofs_y = 0},
    {.bitmap_index = 9282, .adv_w = 172, .box_w = 10, .box_h = 10, .ofs_x = 1, .ofs_y = 0},
    {.bitmap_index = 9332, .adv_w = 185, .box_w = 10, .box_h = 10, .ofs_x = 0, .ofs_y = 0},
    {.bitmap_index = 9382, .adv_w = 230, .box_w = 12, .box_h = 10, .ofs_x = 1, .ofs_y = 0},
    {.bitmap_index = 9442, .adv_w = 196, .box_w = 10, .box_h = 10, .ofs_x = 1, .ofs_y = 0},
    {.bitmap_index = 9492, .adv_w = 185, .box_w = 11, .box_h = 10, .ofs_x = 0, .ofs_y = 0},
    {.bitmap_index = 9547, .adv_w = 195, .box_w = 10, .box_h = 10, .ofs_x = 1, .ofs_y = 0},
    {.bitmap_index = 9597, .adv_w = 198, .box_w = 11, .box_h = 14, .ofs_x = 1, .ofs_y = -4},
    {.bitmap_index = 9674, .adv_w = 164, .box_w = 10, .box_h = 10, .ofs_x = 0, .ofs_y = 0},
    {.bitmap_index = 9724, .adv_w = 142, .box_w = 9, .box_h = 10, .ofs_x = 0, .ofs_y = 0},
    {.bitmap_index = 9769, .adv_w = 164, .box_w = 12, .box_h = 14, .ofs_x = -1, .ofs_y = -4},
    {.bitmap_index = 9853, .adv_w = 232, .box_w = 14, .box_h = 18, .ofs_x = 0, .ofs_y = -4},
    {.bitmap_index = 9979, .adv_w = 156, .box_w = 10, .box_h = 10, .ofs_x = 0, .ofs_y = 0},
    {.bitmap_index = 10029, .adv_w = 199, .box_w = 11, .box_h = 13, .ofs_x = 1, .ofs_y = -3},
    {.bitmap_index = 10101, .adv_w = 175, .box_w = 10, .box_h = 10, .ofs_x = 0, .ofs_y = 0},
    {.bitmap_index = 10151, .adv_w = 271, .box_w = 15, .box_h = 10, .ofs_x = 1, .ofs_y = 0},
    {.bitmap_index = 10226, .adv_w = 271, .box_w = 16, .box_h = 12, .ofs_x = 1, .ofs_y = -2},
    {.bitmap_index = 10322, .adv_w = 184, .box_w = 11, .box_h = 10, .ofs_x = 0, .ofs_y = 0},
    {.bitmap_index = 10377, .adv_w = 232, .box_w = 12, .box_h = 10, .ofs_x = 1, .ofs_y = 0},
    {.bitmap_index = 10437, .adv_w = 166, .box_w = 9, .box_h = 10, .ofs_x = 1, .ofs_y = 0},
    {.bitmap_index = 10482, .adv_w = 166, .box_w = 10, .box_h = 10, .ofs_x = 0, .ofs_y = 0},
    {.bitmap_index = 10532, .adv_w = 252, .box_w = 14, .box_h = 10, .ofs_x = 1, .ofs_y = 0},
    {.bitmap_index = 10602, .adv_w = 176, .box_w = 10, .box_h = 10, .ofs_x = 0, .ofs_y = 0},
    {.bitmap_index = 10652, .adv_w = 181, .box_w = 11, .box_h = 13, .ofs_x = 0, .ofs_y = 0},
    {.bitmap_index = 10724, .adv_w = 90, .box_w = 4, .box_h = 4, .ofs_x = 1, .ofs_y = 3},
    {.bitmap_index = 10732, .adv_w = 144, .box_w = 7, .box_h = 2, .ofs_x = 1, .ofs_y = 5},
    {.bitmap_index = 10739, .adv_w = 274, .box_w = 18, .box_h = 14, .ofs_x = 0, .ofs_y = -1},
    {.bitmap_index = 10865, .adv_w = 251, .box_w = 16, .box_h = 16, .ofs_x = 0, .ofs_y = -2},
    {.bitmap_index = 10993, .adv_w = 224, .box_w = 14, .box_h = 15, .ofs_x = 0, .ofs_y = -1},
    {.bitmap_index = 11098, .adv_w = 182, .box_w = 12, .box_h = 15, .ofs_x = 0, .ofs_y = -1},
    {.bitmap_index = 11188, .adv_w = 270, .box_w = 18, .box_h = 19, .ofs_x = 0, .ofs_y = -3},
    {.bitmap_index = 11359, .adv_w = 248, .box_w = 17, .box_h = 16, .ofs_x = -1, .ofs_y = -2},
    {.bitmap_index = 11495, .adv_w = 288, .box_w = 13, .box_h = 14, .ofs_x = 3, .ofs_y = -1},
    {.bitmap_index = 11586, .adv_w = 288, .box_w = 14, .box_h = 13, .ofs_x = 2, .ofs_y = -1},
    {.bitmap_index = 11677, .adv_w = 288, .box_w = 14, .box_h = 13, .ofs_x = 2, .ofs_y = -1},
    {.bitmap_index = 11768, .adv_w = 288, .box_w = 13, .box_h = 14, .ofs_x = 3, .ofs_y = -1},
    {.bitmap_index = 11859, .adv_w = 234, .box_w = 15, .box_h = 16, .ofs_x = 0, .ofs_y = -2},
    {.bitmap_index = 11979, .adv_w = 252, .box_w = 16, .box_h = 15, .ofs_x = 0, .ofs_y = -1},
    {.bitmap_index = 12099, .adv_w = 242, .box_w = 16, .box_h = 15, .ofs_x = 0, .ofs_y = -1},
    {.bitmap_index = 12219, .adv_w = 252, .box_w = 16, .box_h = 12, .ofs_x = 0, .ofs_y = 0},
    {.bitmap_index = 12315, .adv_w = 288, .box_w = 18, .box_h = 16, .ofs_x = 0, .ofs_y = -2},
    {.bitmap_index = 12459, .adv_w = 199, .box_w = 13, .box_h = 18, .ofs_x = 0, .ofs_y = -3},
    {.bitmap_index = 12576, .adv_w = 249, .box_w = 16, .box_h = 16, .ofs_x = 0, .ofs_y = -2},
    {.bitmap_index = 12704, .adv_w = 201, .box_w = 13, .box_h = 14, .ofs_x = 0, .ofs_y = -1},
    {.bitmap_index = 12795, .adv_w = 288, .box_w = 18, .box_h = 14, .ofs_x = 0, .ofs_y = -1},
    {.bitmap_index = 12921, .adv_w = 266, .box_w = 17, .box_h = 16, .ofs_x = 0, .ofs_y = -2},
    {.bitmap_index = 13057, .adv_w = 266, .box_w = 17, .box_h = 18, .ofs_x = 0, .ofs_y = -3},
    {.bitmap_index = 13210, .adv_w = 262, .box_w = 17, .box_h = 18, .ofs_x = 0, .ofs_y = -3},
    {.bitmap_index = 13363, .adv_w = 233, .box_w = 15, .box_h = 18, .ofs_x = 0, .ofs_y = -3},
    {.bitmap_index = 13498, .adv_w = 266, .box_w = 17, .box_h = 18, .ofs_x = 0, .ofs_y = -3},
    {.bitmap_index = 13651, .adv_w = 216, .box_w = 14, .box_h = 14, .ofs_x = 0, .ofs_y = -1},
    {.bitmap_index = 13749, .adv_w = 216, .box_w = 14, .box_h = 14, .ofs_x = 0, .ofs_y = -1},
    {.bitmap_index = 13847, .adv_w = 200, .box_w = 13, .box_h = 15, .ofs_x = 0, .ofs_y = -1},
    {.bitmap_index = 13945, .adv_w = 200, .box_w = 13, .box_h = 15, .ofs_x = 0, .ofs_y = -2},
    {.bitmap_index = 14043, .adv_w = 288, .box_w = 18, .box_h = 13, .ofs_x = 0, .ofs_y = 0},
    {.bitmap_index = 14160, .adv_w = 199, .box_w = 13, .box_h = 18, .ofs_x = 0, .ofs_y = -3},
    {.bitmap_index = 14277, .adv_w = 288, .box_w = 18, .box_h = 13, .ofs_x = 0, .ofs_y = 0},
    {.bitmap_index = 14394, .adv_w = 288, .box_w = 18, .box_h = 13, .ofs_x = 0, .ofs_y = 0},
    {.bitmap_index = 14511, .adv_w = 233, .box_w = 15, .box_h = 16, .ofs_x = 0, .ofs_y = -2},
    {.bitmap_index = 14631, .adv_w = 241, .box_w = 16, .box_h = 16, .ofs_x = 0, .ofs_y = -2},
    {.bitmap_index = 14759, .adv_w = 241, .box_w = 16, .box_h = 16, .ofs_x = 0, .ofs_y = -2},
    {.bitmap_index = 14887, .adv_w = 245, .box_w = 17, .box_h = 16, .ofs_x = -1, .ofs_y = -2},
    {.bitmap_index = 15023, .adv_w = 288, .box_w = 18, .box_h = 19, .ofs_x = 0, .ofs_y = -3},
    {.bitmap_index = 15194, .adv_w = 168, .box_w = 11, .box_h = 12, .ofs_x = 0, .ofs_y = 0},
    {.bitmap_index = 15260, .adv_w = 228, .box_w = 16, .box_h = 10, .ofs_x = -1, .ofs_y = 1},
    {.bitmap_index = 15340, .adv_w = 252, .box_w = 16, .box_h = 10, .ofs_x = 0, .ofs_y = 1},
    {.bitmap_index = 15420, .adv_w = 264, .box_w = 17, .box_h = 16, .ofs_x = 0, .ofs_y = -2},
    {.bitmap_index = 15556, .adv_w = 144, .box_w = 9, .box_h = 14, .ofs_x = 0, .ofs_y = -1},
    {.bitmap_index = 15619, .adv_w = 144, .box_w = 9, .box_h = 12, .ofs_x = 0, .ofs_y = 0},
    {.bitmap_index = 15673, .adv_w = 192, .box_w = 13, .box_h = 14, .ofs_x = 0, .ofs_y = -1},
    {.bitmap_index = 15764, .adv_w = 144, .box_w = 9, .box_h = 10, .ofs_x = 0, .ofs_y = 1},
    {.bitmap_index = 15809, .adv_w = 144, .box_w = 9, .box_h = 10, .ofs_x = 0, .ofs_y = 1},
    {.bitmap_index = 15854, .adv_w = 264, .box_w = 17, .box_h = 13, .ofs_x = 0, .ofs_y = 0},
    {.bitmap_index = 15965, .adv_w = 264, .box_w = 17, .box_h = 14, .ofs_x = 0, .ofs_y = -1},
    {.bitmap_index = 16084, .adv_w = 144, .box_w = 9, .box_h = 10, .ofs_x = 0, .ofs_y = 1},
    {.bitmap_index = 16129, .adv_w = 187, .box_w = 12, .box_h = 8, .ofs_x = 0, .ofs_y = 2},
    {.bitmap_index = 16177, .adv_w = 216, .box_w = 15, .box_h = 13, .ofs_x = -1, .ofs_y = 0},
    {.bitmap_index = 16275, .adv_w = 240, .box_w = 16, .box_h = 13, .ofs_x = -1, .ofs_y = 0},
    {.bitmap_index = 16379, .adv_w = 288, .box_w = 18, .box_h = 14, .ofs_x = 0, .ofs_y = -1},
    {.bitmap_index = 16505, .adv_w = 252, .box_w = 16, .box_h = 16, .ofs_x = 0, .ofs_y = -2},
    {.bitmap_index = 16633, .adv_w = 216, .box_w = 14, .box_h = 6, .ofs_x = 0, .ofs_y = 3},
    {.bitmap_index = 16675, .adv_w = 288, .box_w = 18, .box_h = 16, .ofs_x = 0, .ofs_y = -2}
};

/*---------------------
 *  CHARACTER MAPPING
 *--------------------*/

static const uint16_t unicode_list_1[] = {
    0x0, 0x27, 0x47
};

static const uint16_t unicode_list_3[] = {
    0x0, 0x1bd1, 0x1dc1, 0xde06, 0xe23f, 0xe2be, 0xe2c0, 0xe61c,
    0xe623, 0xe649, 0xe64a, 0xe64b, 0xe650, 0xe6b0, 0xe6b4, 0xe6b5,
    0xe6cb, 0xea97, 0xeb69, 0xebd0, 0xebd6, 0xebd7, 0xebed, 0xec07,
    0xec73, 0xec74, 0xec99, 0xecaf, 0xecb0, 0xecb1, 0xecb2, 0xeccb,
    0xed9b, 0xedb3, 0xedb4, 0xee82, 0xee99, 0xeea8, 0xf09d, 0xf0d1
};

static const uint16_t unicode_list_4[] = {
    0x0, 0x127, 0x128, 0x18f, 0x19d, 0x1fa, 0x23b, 0x2c3,
    0x2c4, 0x2c8, 0x2c9, 0x2f1, 0x44a, 0x44b, 0x44c, 0x972,
    0xa00, 0xe66, 0x116c
};

/*Collect the unicode lists and glyph_id offsets*/
static const lv_font_fmt_txt_cmap_t cmaps[] =
{
    {
        .range_start = 32, .range_length = 95, .glyph_id_start = 1,
        .unicode_list = NULL, .glyph_id_ofs_list = NULL, .list_length = 0, .type = LV_FONT_FMT_TXT_CMAP_FORMAT0_TINY
    },
    {
        .range_start = 176, .range_length = 72, .glyph_id_start = 96,
        .unicode_list = unicode_list_1, .glyph_id_ofs_list = NULL, .list_length = 3, .type = LV_FONT_FMT_TXT_CMAP_SPARSE_TINY
    },
    {
        .range_start = 1040, .range_length = 64, .glyph_id_start = 99,
        .unicode_list = NULL, .glyph_id_ofs_list = NULL, .list_length = 0, .type = LV_FONT_FMT_TXT_CMAP_FORMAT0_TINY
    },
    {
        .range_start = 1105, .range_length = 61650, .glyph_id_start = 163,
        .unicode_list = unicode_list_3, .glyph_id_ofs_list = NULL, .list_length = 40, .type = LV_FONT_FMT_TXT_CMAP_SPARSE_TINY
    },
    {
        .range_start = 983530, .range_length = 4461, .glyph_id_start = 203,
        .unicode_list = unicode_list_4, .glyph_id_ofs_list = NULL, .list_length = 19, .type = LV_FONT_FMT_TXT_CMAP_SPARSE_TINY
    }
};

/*-----------------
 *    KERNING
 *----------------*/


/*Map glyph_ids to kern left classes*/
static const uint8_t kern_left_class_mapping[] =
{
    0, 0, 1, 2, 0, 3, 4, 5,
    2, 6, 0, 7, 0, 8, 9, 8,
    10, 11, 0, 12, 13, 14, 15, 16,
    17, 18, 11, 19, 19, 0, 0, 0,
    20, 21, 0, 0, 0, 0, 0, 0,
    0, 0, 0, 0, 0, 0, 0, 0,
    0, 0, 0, 0, 0, 0, 0, 0,
    0, 0, 0, 0, 22, 23, 0, 0,
    24, 0, 0, 0, 0, 0, 0, 0,
    0, 0, 0, 0, 0, 0, 0, 0,
    0, 0, 0, 0, 0, 0, 0, 0,
    0, 0, 0, 0, 22, 0, 0, 9,
    25, 0, 0, 0, 0, 0, 0, 0,
    0, 0, 0, 0, 0, 0, 0, 0,
    0, 0, 0, 0, 0, 0, 0, 0,
    0, 0, 0, 0, 0, 0, 0, 0,
    0, 0, 0, 0, 0, 0, 0, 0,
    0, 0, 0, 0, 0, 0, 0, 0,
    0, 0, 0, 0, 0, 0, 0, 0,
    0, 0, 0, 0, 0, 0, 0, 0,
    0, 0, 0, 0, 9, 0, 0, 0,
    0, 0, 0, 0, 0, 0, 0, 0,
    0, 0, 0, 0, 0, 0, 0, 0,
    0, 0, 0, 0, 0, 0, 0, 0,
    0, 0, 0, 0, 0, 0, 0, 0,
    0, 0, 0, 0, 0, 0, 0, 0,
    0, 0, 0, 0, 0, 0, 0, 0,
    0, 0, 0, 0, 0, 0
};

/*Map glyph_ids to kern right classes*/
static const uint8_t kern_right_class_mapping[] =
{
    0, 0, 1, 2, 0, 3, 4, 5,
    2, 0, 6, 7, 0, 8, 9, 8,
    10, 11, 12, 13, 14, 15, 16, 11,
    17, 18, 19, 20, 20, 0, 0, 0,
    21, 22, 0, 0, 0, 0, 0, 0,
    0, 0, 0, 0, 0, 0, 0, 0,
    0, 0, 0, 0, 0, 0, 0, 0,
    0, 0, 0, 0, 23, 24, 25, 0,
    26, 0, 0, 0, 0, 0, 0, 0,
    0, 0, 0, 0, 0, 0, 0, 0,
    0, 0, 0, 0, 0, 0, 0, 0,
    0, 0, 0, 0, 0, 0, 25, 9,
    27, 0, 0, 0, 0, 0, 0, 0,
    0, 0, 0, 0, 0, 0, 0, 0,
    0, 0, 0, 0, 0, 0, 0, 0,
    0, 0, 0, 0, 0, 0, 0, 0,
    0, 0, 0, 0, 0, 0, 0, 0,
    0, 0, 0, 0, 0, 0, 0, 0,
    0, 0, 0, 0, 0, 0, 0, 0,
    0, 0, 0, 0, 0, 0, 0, 0,
    0, 0, 0, 0, 9, 0, 0, 0,
    0, 0, 0, 0, 0, 0, 0, 0,
    0, 0, 0, 0, 0, 0, 0, 0,
    0, 0, 0, 0, 0, 0, 0, 0,
    0, 0, 0, 0, 0, 0, 0, 0,
    0, 0, 0, 0, 0, 0, 0, 0,
    0, 0, 0, 0, 0, 0, 0, 0,
    0, 0, 0, 0, 0, 0
};

/*Kern values between classes*/
static const int8_t kern_class_values[] =
{
    0, 0, 0, 0, 0, 0, 2, 0,
    0, 0, 0, 3, 0, 0, 0, 0,
    2, 0, 0, 0, 0, 0, 0, 0,
    0, 0, 0, 0, 13, 0, 8, -6,
    0, 6, -16, 0, -17, 2, 14, 6,
    5, -12, 2, 14, 0, 12, 3, 9,
    -5, 0, 17, 2, -2, 6, 0, -9,
    0, 0, 0, 0, -6, 6, 5, 0,
    0, -3, 0, -2, 3, 0, -3, 0,
    -3, -1, -6, 0, 0, -3, 0, -6,
    -4, 0, -8, 0, -35, 0, -6, -14,
    9, 6, 0, 0, -6, 3, 3, 10,
    6, -5, 6, 0, 0, -16, 0, 0,
    -11, 0, 0, -8, -3, -14, 0, -12,
    -2, 0, -9, 1, 0, 11, 0, -9,
    -2, 0, 0, 0, -5, 0, 0, -2,
    -21, 0, 0, -23, -2, 11, -12, 0,
    0, 0, 0, 0, 0, 0, 0, 0,
    10, 0, 3, 0, 0, -6, 0, 0,
    0, 0, 0, 0, 0, 0, 11, 2,
    0, 0, 2, 6, 3, 9, -3, 0,
    6, -10, -3, -39, 2, 8, 6, 0,
    -4, 0, 10, 0, 9, 0, 9, 0,
    0, 0, 0, -3, 9, 0, -16, 3,
    -18, 0, 0, -10, 0, -2, 29, -3,
    -4, 3, 3, -3, 0, -4, 3, 0,
    0, -15, -6, 0, -28, 0, 3, -18,
    0, 0, -5, -11, 0, 0, -3, -2,
    0, 0, 2, -5, -4, -6, 2, 0,
    -3, 0, 0, 0, -12, 2, 0, -19,
    0, 0, 0, 0, 17, -6, 0, -11,
    10, 0, -28, -20, -20, -6, 9, 0,
    0, -19, 0, 3, -7, 0, -4, 0,
    -6, 0, 7, 9, -35, 14, 0, 2,
    0, 0, 0, 0, 2, -3, 2, -6,
    0, 0, 0, -3, 0, 0, -2, 0,
    0, 0, -6, 0, 0, -6, 0, -6,
    0, 0, 0, 0, 3, -2, 0, 0,
    3, -2, 3, 0, 0, 0, 0, -5,
    0, 0, 0, 0, 0, 0, 0, 0,
    -2, 0, 9, 0, 0, -3, 0, -3,
    0, 0, 0, 0, 0, 0, 0, 0,
    -1, -1, 0, -3, -3, 0, 0, 0,
    0, 0, 0, 0, 0, 0, -4, 0,
    -9, -2, -9, 6, 0, -6, 6, 3,
    8, 0, -7, 0, -3, 0, 0, -14,
    3, -2, 2, -15, 3, 0, -14, 0,
    6, -9, 0, 0, 0, -3, 0, 0,
    -3, 0, 0, 0, 0, 0, -1, -1,
    0, -1, -4, 0, 0, 0, 0, 0,
    0, -3, 0, 0, -3, 0, -2, 0,
    -6, 3, 0, -3, 3, 1, 3, 0,
    0, 0, 0, 0, 0, -2, 0, 0,
    0, 0, 0, 0, 0, 0, 0, -5,
    0, 9, -2, 0, -9, 0, 8, -15,
    -14, -12, -6, 3, 0, -2, -19, -5,
    0, -5, 0, -6, 4, -5, 0, 3,
    -1, -9, 2, 0, 0, 0, -3, 0,
    0, 2, 3, 0, 0, 0, 0, 0,
    0, 0, 0, 0, 0, 0, 0, -3,
    0, 0, -9, 0, 0, 0, 0, 3,
    0, 0, 0, 0, 0, 0, 0, 14,
    0, 0, 0, 0, 0, 0, 2, 0,
    0, 0, -3, 0, 0, -5, 0, 3,
    0, -2, 0, 0, 0, -5, 0, 3,
    -14, 0, -9, 0, 0, 0, -4, -14,
    0, 0, -3, 3, 0, -13, 0, -5,
    0, 0, -5, 3, 0, -5, 0, 0,
    0, 3, 0, -6, 2, -6, 0, -3,
    -3, -3, 0, 0, 0, 0, 0, 0,
    -9, 0, 0, -6, 2, -9, 3, 0,
    2, 0, 0, 0, 2, 0, 0, -2,
    11, 0, 5, 0, 0, -4, 0, 6,
    0, 0, 0, 2, 0, 0, 9, 0,
    8, 0, 0, -17, 0, -3, 5, 9,
    -39, 29, 0, 3, -6, -6, 3, 3,
    -2, 0, -14, 0, 0, 14, -17, -6,
    0, -20, 11, 40, -17, 0, -2, 6,
    -8, 0, 0, -3, 3, 0, 37, -6,
    -2, 9, 8, -8, 3, 0, 0, 3,
    3, -4, -9, 0, -37, 8, 0, 0,
    0, 6, 6, 7, 0, 0, 9, -18,
    0, -16, 0, 12, 9, 5, -12, 2,
    12, 0, 11, 0, 6, 3, 0, 15,
    0, 0, 0
};


/*Collect the kern class' data in one place*/
static const lv_font_fmt_txt_kern_classes_t kern_classes =
{
    .class_pair_values   = kern_class_values,
    .left_class_mapping  = kern_left_class_mapping,
    .right_class_mapping = kern_right_class_mapping,
    .left_class_cnt      = 25,
    .right_class_cnt     = 27,
};

/*--------------------
 *  ALL CUSTOM DATA
 *--------------------*/

#if LVGL_VERSION_MAJOR == 8
/*Store all the custom data of the font*/
static  lv_font_fmt_txt_glyph_cache_t cache;
#endif

#if LVGL_VERSION_MAJOR >= 8
static const lv_font_fmt_txt_dsc_t font_dsc = {
#else
static lv_font_fmt_txt_dsc_t font_dsc = {
#endif
    .glyph_bitmap = glyph_bitmap,
    .glyph_dsc = glyph_dsc,
    .cmaps = cmaps,
    .kern_dsc = &kern_classes,
    .kern_scale = 16,
    .cmap_num = 5,
    .bpp = 4,
    .kern_classes = 1,
    .bitmap_format = 0,
#if LVGL_VERSION_MAJOR == 8
    .cache = &cache
#endif

};



/*-----------------
 *  PUBLIC FONT
 *----------------*/

/*Initialize a public general font descriptor*/
#if LVGL_VERSION_MAJOR >= 8
const lv_font_t eh_font_montserrat_18 = {
#else
lv_font_t eh_font_montserrat_18 = {
#endif
    .get_glyph_dsc = lv_font_get_glyph_dsc_fmt_txt,    /*Function pointer to get glyph's data*/
    .get_glyph_bitmap = lv_font_get_bitmap_fmt_txt,    /*Function pointer to get glyph's bitmap*/
    .line_height = 21,          /*The maximum line height required by the font*/
    .base_line = 4,             /*Baseline measured from the bottom of the line*/
#if !(LVGL_VERSION_MAJOR == 6 && LVGL_VERSION_MINOR == 0)
    .subpx = LV_FONT_SUBPX_NONE,
#endif
#if LV_VERSION_CHECK(7, 4, 0) || LVGL_VERSION_MAJOR >= 8
    .underline_position = -2,
    .underline_thickness = 1,
#endif
    .dsc = &font_dsc,          /*The custom font data. Will be accessed by `get_glyph_bitmap/dsc` */
#if LV_VERSION_CHECK(8, 2, 0) || LVGL_VERSION_MAJOR >= 9
    .fallback = NULL,
#endif
    .user_data = NULL,
};



#endif /*#if EH_FONT_MONTSERRAT_18*/
